dataset,parent_to_true_um,angle_vel_true_deg,n_gt_children,p_true_ilp,t,src_ilp_id,tgt_ilp_id,p_true_model,rank_true_among_sources,n_sources_in_pair
44b6_0113de3b,2.333728575156074,28.264489545044984,1,0.9610875844955444,59,14942.0,15239.0,0.9609375,1.0,290.0
44b6_0113de3b,4.0827619710803615,91.98863253284696,1,0.9854965806007385,49,12020.0,12296.0,0.9853515625,1.0,271.0
44b6_0113de3b,3.72334275215162,,1,0.9349917769432068,27,6194.0,6443.0,0.93505859375,1.0,240.0
44b6_0113de3b,0.40625,100.02498786207575,1,0.9244844317436218,37,8790.0,9048.0,0.92431640625,1.0,260.0
44b6_0113de3b,1.86167137607581,22.20765429859646,1,0.9830570816993713,71,18478.0,18772.0,0.98291015625,1.0,288.0
44b6_0113de3b,2.0714766773970688,20.446413905221654,1,0.9579646587371826,42,10086.0,10353.0,0.9580078125,1.0,259.0
44b6_0113de3b,2.7252078475778685,66.8119864254182,1,0.9671876430511475,32,7463.0,7724.0,0.96728515625,1.0,257.0
44b6_0113de3b,1.86167137607581,28.560825217811256,1,0.9884606599807739,57,14353.0,14640.0,0.98828125,1.0,282.0
44b6_0113de3b,2.333728575156074,12.90167943645999,1,0.9900240302085876,52,12875.0,13179.0,0.990234375,1.0,295.0
44b6_0113de3b,3.2752922102462856,46.61689310503679,1,0.9900416731834412,67,17309.0,17603.0,0.990234375,1.0,286.0
44b6_0113de3b,1.284675299443404,49.76364169072618,1,0.9878548979759216,62,15837.0,16126.0,0.98779296875,1.0,297.0
44b6_0113de3b,2.1877232028983924,61.74268831149623,1,0.9553790092468262,35,8255.0,8526.0,0.95556640625,1.0,265.0
44b6_0113de3b,1.1490485194281397,76.3669777746336,1,0.9901114106178284,74,19349.0,19626.0,0.990234375,1.0,284.0
44b6_0113de3b,3.8540258983302125,12.724355685422363,1,0.9466791152954102,30,6951.0,7206.0,0.94677734375,1.0,251.0
44b6_0113de3b,6.724634051381532,24.08220272703551,1,0.9595990777015686,45,10907.0,11188.0,0.95947265625,1.0,266.0
44b6_0113de3b,3.040096626753827,40.69639215113094,1,0.9949132204055786,69,17894.0,18183.0,0.9951171875,1.0,285.0
44b6_0113de3b,1.86167137607581,35.70840231807213,1,0.9877467155456543,68,17603.0,17894.0,0.98779296875,1.0,287.0
44b6_0113de3b,1.6750116604071745,60.302874828953506,1,0.9329490065574646,40,9571.0,9828.0,0.93310546875,1.0,254.0
44b6_0113de3b,2.7252078475778685,49.39870535499553,1,0.9970494508743286,55,13774.0,14067.0,0.9970703125,1.0,285.0
44b6_0113de3b,4.0625,126.86989764584402,1,0.9385808706283569,38,9048.0,9310.0,0.9384765625,1.0,255.0
44b6_0113de3b,3.447145558284419,12.24366783546107,1,0.9706722497940063,28,6443.0,6695.0,0.970703125,1.0,240.0
44b6_0113de3b,7.814374775053984,163.13601515113564,1,0.9756639003753662,50,12296.0,12573.0,0.9755859375,1.0,269.0
44b6_0113de3b,3.300390601883359,29.49620849656643,1,0.9569817185401917,65,16723.0,17017.0,0.95703125,1.0,290.0
44b6_0113de3b,1.8168052317185792,12.604382648379175,1,0.9865431785583496,72,18772.0,19057.0,0.986328125,1.0,285.0
44b6_0113de3b,2.1877232028983924,32.81120602934053,1,0.9865598678588867,60,15239.0,15537.0,0.986328125,1.0,291.0
44b6_0113de3b,3.8540258983302125,64.89590974977861,1,0.9729253649711609,33,7724.0,7989.0,0.97314453125,1.0,258.0
44b6_0113de3b,3.494694639736067,86.03559396403553,1,0.9928575754165649,48,11741.0,12020.0,0.99267578125,1.0,273.0
44b6_0113de3b,2.333728575156074,69.17103516203332,1,0.9683904647827148,36,8526.0,8790.0,0.96826171875,1.0,261.0
44b6_0113de3b,5.138701197773616,14.963217433307127,1,0.9820780158042908,58,14640.0,14942.0,0.98193359375,1.0,285.0
44b6_0113de3b,4.614113030962723,28.155171687053933,1,0.9550953507423401,31,7206.0,7463.0,0.955078125,1.0,254.0
44b6_0113de3b,6.410516871711672,16.065591422225015,1,0.9829502105712891,46,11188.0,11465.0,0.98291015625,1.0,272.0
44b6_0113de3b,3.374565944310468,42.95426520245598,1,0.9754823446273804,43,10353.0,10633.0,0.9755859375,1.0,267.0
44b6_0113de3b,3.65625,66.15736397620763,1,0.9406991004943848,41,9828.0,10086.0,0.94091796875,1.0,255.0
44b6_0113de3b,2.03125,55.30484646876604,1,0.9786725044250488,63,16126.0,16428.0,0.978515625,1.0,285.0
44b6_0113de3b,4.4502457797294745,22.82699023521975,1,0.9926623106002808,53,13179.0,13484.0,0.99267578125,1.0,296.0
44b6_0113de3b,3.917733121653388,82.87758582104647,1,0.9890152812004089,51,12573.0,12875.0,0.9892578125,1.0,294.0
44b6_0113de3b,3.494694639736067,6.478353972400488,1,0.9800710082054138,44,10633.0,10907.0,0.97998046875,1.0,270.0
44b6_0113de3b,2.0714766773970688,7.1250163489018075,1,0.9743272662162781,34,7989.0,8255.0,0.97412109375,1.0,262.0
44b6_0113de3b,2.2980970388562794,19.106605350869078,1,0.9915351867675781,70,18183.0,18478.0,0.99169921875,1.0,289.0
44b6_0113de3b,1.8168052317185792,66.42182152179818,1,0.9817044734954834,56,14067.0,14353.0,0.98193359375,1.0,288.0
44b6_0113de3b,2.4375,26.565051177077994,1,0.9900811314582825,73,19057.0,19349.0,0.990234375,1.0,286.0
44b6_0113de3b,3.350023320814349,66.51389245496905,1,0.9944039583206177,54,13484.0,13774.0,0.99462890625,1.0,290.0
44b6_0113de3b,4.0827619710803615,23.840128854959865,1,0.9805964231491089,29,6695.0,6951.0,0.98046875,1.0,250.0
44b6_0113de3b,3.374565944310468,45.8556636723969,1,0.9652659296989441,66,17017.0,17309.0,0.96533203125,1.0,292.0
44b6_0113de3b,4.021669817998489,18.278471366897346,1,0.9875739216804504,64,16428.0,16723.0,0.98779296875,1.0,295.0
44b6_0113de3b,2.1877232028983924,21.80140948635181,1,0.9345440864562988,39,9310.0,9571.0,0.9345703125,1.0,256.0
44b6_0113de3b,2.1877232028983924,43.60281897270363,1,0.9934076070785522,61,15537.0,15837.0,0.9931640625,1.0,292.0
44b6_0b24845f,2.9295104113144914,90.0,1,,20,7307.0,,,,
44b6_0b24845f,1.86167137607581,10.163203369476319,1,0.9847809076309204,44,14141.0,14443.0,0.98486328125,1.0,276.0
44b6_0b24845f,2.4375,31.8061000193785,1,0.6967295408248901,15,5673.0,6012.0,0.69677734375,1.0,343.0
44b6_0b24845f,2.632800908728193,5.0134749961030085,1,0.9700460433959961,30,10146.0,10405.0,0.97021484375,1.0,271.0
44b6_0b24845f,1.6750116604071745,30.029474080019895,1,0.9778239727020264,25,8696.0,8984.0,0.97802734375,1.0,294.0
44b6_0b24845f,0.9084026158592896,60.692698806934786,1,0.9631776809692383,35,11470.0,11793.0,0.96337890625,1.0,326.0
44b6_0b24845f,2.333728575156074,21.745179173516373,1,0.7710232734680176,18,6682.0,7016.0,0.77099609375,1.0,352.0
44b6_0b24845f,2.0714766773970688,106.10211375198602,1,0.9373596906661987,44,14025.0,14313.0,0.9375,1.0,276.0
44b6_0b24845f,0.0,,1,0.9457249641418457,42,13504.0,13775.0,0.94580078125,1.0,269.0
44b6_0b24845f,1.7235727791422095,166.36697777463363,1,0.9192512631416321,41,13198.0,13504.0,0.91943359375,1.0,307.0
44b6_0b24845f,0.9084026158592896,14.036243467926484,1,0.9700268507003784,28,9538.0,9855.0,0.97021484375,1.0,296.0
44b6_0b24845f,5.154734625807618,26.729368602848048,1,0.9329692125320435,41,13335.0,13621.0,0.93310546875,1.0,307.0
44b6_0b24845f,2.333728575156074,38.26016778348882,1,0.961566686630249,49,15569.0,15823.0,0.96142578125,1.0,265.0
44b6_0b24845f,1.6750116604071745,15.708637829015716,1,0.9474305510520935,40,12894.0,13198.0,0.947265625,1.0,311.0
44b6_0b24845f,0.9084026158592896,71.50582037526348,1,0.9791101813316345,42,13621.0,13882.0,0.97900390625,1.0,269.0
44b6_0b24845f,2.0714766773970688,84.96836277827504,1,0.9664063453674316,38,12432.0,12736.0,0.96630859375,1.0,319.0
44b6_0b24845f,0.40625,62.06164727039765,1,,13,4996.0,5346.0,0.3369140625,2.0,314.0
44b6_0b24845f,1.86167137607581,21.6259722854344,1,0.9649709463119507,33,10900.0,11181.0,0.96484375,1.0,242.0
44b6_0b24845f,3.300390601883359,32.3922214955795,1,0.9295581579208374,23,8147.0,8420.0,0.9296875,1.0,320.0
44b6_0b24845f,1.1490485194281397,62.42495228952325,1,0.9723972082138062,45,14443.0,14733.0,0.97216796875,1.0,310.0
44b6_0b24845f,2.4375,,1,0.8810064792633057,11,4388.0,4687.0,0.880859375,1.0,396.0
44b6_0b24845f,2.9575446425202108,7.895142105045824,1,,21,,7849.0,,,
44b6_0b24845f,0.9084026158592896,116.010063777574,1,0.9010342359542847,45,14313.0,14604.0,0.90087890625,1.0,310.0
44b6_0b24845f,0.9084026158592896,90.0,1,0.9713837504386902,47,14890.0,15153.0,0.97119140625,1.0,266.0
44b6_0b24845f,1.625,90.0,1,0.9264805912971497,46,14604.0,14890.0,0.92626953125,1.0,270.0
44b6_0b24845f,2.7252078475778685,37.340362293841316,1,0.7438652515411377,16,6012.0,6334.0,0.74365234375,1.0,357.0
44b6_0b24845f,1.86167137607581,32.66997331820362,1,0.9773696064949036,31,10405.0,10641.0,0.9775390625,1.0,269.0
44b6_0b24845f,1.86167137607581,81.12360491902666,1,0.9718756079673767,46,14733.0,15017.0,0.9716796875,1.0,270.0
44b6_0b24845f,0.9084026158592896,60.7940677526006,1,0.979272186756134,47,15017.0,15284.0,0.9794921875,1.0,266.0
44b6_0b24845f,1.8168052317185792,49.398705354995535,1,0.9815634489059448,26,8984.0,9248.0,0.9814453125,1.0,283.0
44b6_0b24845f,1.7235727791422095,108.43494882292201,1,0.9750648736953735,36,11793.0,12108.0,0.97509765625,1.0,345.0
44b6_0b24845f,0.40625,79.97501213792427,1,0.637737512588501,19,7016.0,7307.0,0.6376953125,1.0,319.0
44b6_0b24845f,3.350023320814349,12.528807709151492,1,0.8374159336090088,17,6334.0,6682.0,0.83740234375,1.0,336.0
44b6_0b24845f,0.5745242597140698,,1,0.9425666928291321,43,13775.0,14025.0,0.9423828125,1.0,253.0
44b6_0b24845f,3.2752922102462856,,1,0.9208656549453735,39,12595.0,12894.0,0.9208984375,1.0,297.0
44b6_0b24845f,2.9575446425202108,37.00493687247433,1,0.959339439868927,29,9855.0,10146.0,0.95947265625,1.0,316.0
44b6_0b24845f,0.5745242597140698,56.309932474020215,1,0.9678557515144348,39,12736.0,13045.0,0.9677734375,1.0,297.0
44b6_0b24845f,2.6012692214570947,47.409573364093035,1,0.8976762890815735,12,4687.0,4996.0,0.8974609375,1.0,311.0
44b6_0b24845f,2.0714766773970688,52.1250163489018,1,0.9581931233406067,43,13882.0,14141.0,0.9580078125,1.0,253.0
44b6_0b24845f,3.300390601883359,0.0,1,0.9689683318138123,24,8420.0,8696.0,0.96875,1.0,259.0
44b6_0b24845f,2.368824207280903,29.353226859959396,1,0.9503879547119141,22,7849.0,8147.0,0.9501953125,1.0,282.0
44b6_0b24845f,4.0827619710803615,29.71061986959467,1,0.9737873077392578,34,11181.0,11470.0,0.9736328125,1.0,288.0
44b6_0b24845f,2.0714766773970688,63.989936222426,1,0.9662525057792664,48,15284.0,15569.0,0.96630859375,1.0,310.0
44b6_0b24845f,3.7454399357752353,50.9061411137705,1,0.9302015900611877,27,9248.0,9538.0,0.93017578125,1.0,265.0
44b6_0b24845f,0.9084026158592896,83.94925398408826,1,0.9860964417457581,37,12108.0,12432.0,0.986328125,1.0,302.0
44b6_0b24845f,1.284675299443404,98.13010235415598,1,0.9357112050056458,48,15153.0,15449.0,0.935546875,1.0,310.0
44b6_0b24845f,4.958913218891817,24.25413321535316,1,0.9627094268798828,32,10641.0,10900.0,0.962890625,1.0,252.0
44b6_33b596bf,4.318496736423452,22.654245245343137,1,0.8797551393508911,25,8321.0,8643.0,0.8798828125,1.0,327.0
44b6_33b596bf,5.025034981221523,9.320872283104913,1,0.8425828814506531,68,20367.0,20582.0,0.8427734375,1.0,223.0
44b6_33b596bf,3.65625,31.8061000193785,1,0.9807692766189575,53,16813.0,17081.0,0.98095703125,1.0,273.0
44b6_33b596bf,3.65625,36.75193392499763,1,0.9454323053359985,63,19259.0,19490.0,0.9453125,1.0,236.0
44b6_33b596bf,0.40625,90.0,1,0.9657518863677979,37,12165.0,12485.0,0.9658203125,1.0,322.0
44b6_33b596bf,2.9575446425202108,145.50376270990907,1,0.8868048191070557,45,14597.0,14882.0,0.88671875,1.0,279.0
44b6_33b596bf,3.9804208320226646,6.712138564994525,1,0.9517335295677185,58,18070.0,18312.0,0.95166015625,1.0,235.0
44b6_33b596bf,3.72334275215162,33.980485331194714,1,0.9655890464782715,29,9595.0,9914.0,0.9658203125,1.0,323.0
44b6_33b596bf,2.84375,26.565051177077994,1,0.9777988791465759,33,10886.0,11207.0,0.97802734375,1.0,329.0
44b6_33b596bf,3.2752922102462856,31.54726348445136,1,0.9835497140884399,66,19935.0,20149.0,0.9833984375,1.0,215.0
44b6_33b596bf,2.7252078475778685,18.434948822921974,1,0.9709497690200806,32,10561.0,10886.0,0.97119140625,1.0,325.0
44b6_33b596bf,3.72334275215162,35.59762052025825,1,0.99293053150177,55,17340.0,17594.0,0.9931640625,1.0,261.0
44b6_33b596bf,3.471001521535247,9.246112745563272,1,0.9469175338745117,23,7683.0,7998.0,0.94677734375,1.0,321.0
44b6_33b596bf,2.1877232028983924,10.491477012331599,1,0.9620516896247864,65,19719.0,19935.0,0.9619140625,1.0,222.0
44b6_33b596bf,0.9084026158592896,32.35625377597712,1,0.9634851813316345,27,8963.0,9278.0,0.96337890625,1.0,319.0
44b6_33b596bf,3.447145558284419,32.549468814816535,1,0.8973180055618286,41,13408.0,13720.0,0.8974609375,1.0,304.0
44b6_33b596bf,4.182599744775969,8.498558879493697,1,0.9764825105667114,24,7998.0,8321.0,0.9765625,1.0,313.0
44b6_33b596bf,1.625,,1,0.9190956354141235,21,7033.0,7357.0,0.9189453125,1.0,326.0
44b6_33b596bf,1.9902104160113323,22.501461477900534,1,0.9641028642654419,51,16272.0,16541.0,0.9638671875,1.0,271.0
44b6_33b596bf,2.569350598886808,18.434948822921996,1,0.966229259967804,60,18554.0,18796.0,0.96630859375,1.0,248.0
44b6_33b596bf,3.6336104634371584,31.948059431330066,1,0.9773493409156799,61,18796.0,19024.0,0.9775390625,1.0,231.0
44b6_33b596bf,3.040096626753827,105.501359566937,1,0.9699326753616333,38,12485.0,12793.0,0.9697265625,1.0,315.0
44b6_33b596bf,1.1490485194281397,30.96375653207351,1,0.9393176436424255,69,20582.0,20794.0,0.939453125,1.0,221.0
44b6_33b596bf,2.0714766773970688,26.010063777574,1,0.9854669570922852,30,9914.0,10234.0,0.9853515625,1.0,318.0
44b6_33b596bf,2.0714766773970688,31.8061000193785,1,0.9794397950172424,54,17081.0,17340.0,0.9794921875,1.0,270.0
44b6_33b596bf,3.494694639736067,20.4104455216585,1,0.9811872243881226,67,20149.0,20367.0,0.98095703125,1.0,218.0
44b6_33b596bf,0.5745242597140698,132.83583728370232,1,0.5650393962860107,46,14882.0,15155.0,0.56494140625,1.0,283.0
44b6_33b596bf,5.998209368219819,16.699244233993635,1,0.8054097890853882,42,13720.0,14027.0,0.80517578125,1.0,310.0
44b6_33b596bf,2.0714766773970688,78.69006752597979,1,0.9575380682945251,64,19490.0,19719.0,0.95751953125,1.0,235.0
44b6_33b596bf,3.0671202393287422,37.266995023289724,1,0.9128873944282532,40,13101.0,13408.0,0.9130859375,1.0,311.0
44b6_33b596bf,2.0714766773970688,61.289485196402055,1,0.9895750880241394,52,16541.0,16813.0,0.98974609375,1.0,272.0
44b6_33b596bf,2.9575446425202108,54.766192874986466,1,0.8581547141075134,49,15719.0,15994.0,0.8583984375,1.0,275.0
44b6_33b596bf,2.03125,57.54369153814105,1,0.8241099715232849,48,15447.0,15719.0,0.82421875,1.0,281.0
44b6_33b596bf,0.40625,0.0,1,0.9441542029380798,34,11207.0,11533.0,0.9443359375,1.0,320.0
44b6_33b596bf,1.625,36.86989764584401,1,0.9702237844467163,36,11851.0,12165.0,0.97021484375,1.0,325.0
44b6_33b596bf,2.2980970388562794,33.69006752597977,1,0.9879539012908936,31,10234.0,10561.0,0.98779296875,1.0,314.0
44b6_33b596bf,2.03125,53.13010235415598,1,0.96901535987854,35,11533.0,11851.0,0.96923828125,1.0,327.0
44b6_33b596bf,5.28125,13.215985749537214,1,0.8272915482521057,59,18312.0,18554.0,0.8271484375,1.0,245.0
44b6_33b596bf,1.21875,45.00000000000001,1,,44,14323.0,14597.0,0.401611328125,2.0,293.0
44b6_33b596bf,2.03125,10.304846468766044,1,0.9601028561592102,28,9278.0,9595.0,0.9599609375,1.0,318.0
44b6_33b596bf,2.9295104113144914,41.908847881803275,1,0.9724068641662598,62,19024.0,19259.0,0.97216796875,1.0,237.0
44b6_33b596bf,1.284675299443404,32.31153323742385,1,0.9387238621711731,39,12793.0,13101.0,0.93896484375,1.0,300.0
44b6_33b596bf,3.1729139308370784,33.56563872420533,1,0.9822604060173035,57,17838.0,18070.0,0.982421875,1.0,245.0
44b6_33b596bf,3.7454399357752353,25.917538494732423,1,0.987296462059021,56,17594.0,17838.0,0.9873046875,1.0,252.0
44b6_33b596bf,3.65625,15.924144687060059,1,0.9053840637207031,26,8643.0,8963.0,0.9052734375,1.0,313.0
44b6_33b596bf,2.8726212985703494,16.699244233993635,1,0.9076642990112305,43,14027.0,14323.0,0.90771484375,1.0,298.0
44b6_33b596bf,2.0714766773970688,78.69006752597979,1,0.9214114546775818,22,7357.0,7683.0,0.92138671875,1.0,322.0
44b6_33b596bf,2.333728575156074,51.55986981360151,1,0.9648162126541138,50,15994.0,16272.0,0.96484375,1.0,280.0
44b6_33b596bf,0.9084026158592896,71.56505117707799,1,0.9139496088027954,47,15155.0,15447.0,0.9140625,1.0,280.0
6bba_05b6850b,2.03125,158.19859051364818,1,0.5527964234352112,32,2339.0,2401.0,0.552734375,1.0,57.0
6bba_05b6850b,0.40625,45.0,1,0.9753427505493164,35,2504.0,2559.0,0.9755859375,1.0,57.0
6bba_05b6850b,1.625,10.555380466061118,1,0.9183504581451416,65,4708.0,4783.0,0.91845703125,1.0,73.0
6bba_05b6850b,0.9084026158592896,,1,0.9738474488258362,14,1120.0,1195.0,0.9736328125,1.0,72.0
6bba_05b6850b,0.5745242597140698,45.0,1,0.9822946786880493,31,2271.0,2323.0,0.982421875,1.0,59.0
6bba_05b6850b,0.5745242597140698,99.87496139782128,1,0.864776074886322,72,5221.0,5292.0,0.86474609375,1.0,69.0
6bba_05b6850b,3.8540258983302125,,1,0.9669299125671387,60,4320.0,4400.0,0.966796875,1.0,76.0
6bba_05b6850b,0.40625,90.0,1,0.9363395571708679,75,5425.0,5498.0,0.9365234375,1.0,71.0
6bba_05b6850b,0.0,,1,0.9405724406242371,59,4250.0,4325.0,0.9404296875,1.0,77.0
6bba_05b6850b,0.5745242597140698,80.12503860217872,1,0.9374948143959045,93,6714.0,6782.0,0.9375,1.0,65.0
6bba_05b6850b,3.350023320814349,,1,0.9215600490570068,81,5852.0,5930.0,0.92138671875,1.0,78.0
6bba_05b6850b,1.6750116604071745,0.0,1,0.9893989562988281,20,1567.0,1628.0,0.9892578125,1.0,68.0
6bba_05b6850b,0.8125,180.0,1,0.973305881023407,95,6836.0,6900.0,0.97314453125,1.0,66.0
6bba_05b6850b,2.1877232028983924,155.99363652708556,1,0.9097535014152527,31,2282.0,2339.0,0.90966796875,1.0,59.0
6bba_05b6850b,0.40625,75.96375653207353,1,0.9454495310783386,98,7047.0,7114.0,0.9453125,1.0,66.0
6bba_05b6850b,0.5745242597140698,93.3664606634298,1,0.958903968334198,10,791.0,867.0,0.958984375,1.0,76.0
6bba_05b6850b,0.40625,90.0,1,0.9241110682487488,70,5058.0,5129.0,0.92431640625,1.0,74.0
6bba_05b6850b,2.0714766773970688,135.518542156226,1,0.874580979347229,79,5724.0,5792.0,0.87451171875,1.0,68.0
6bba_05b6850b,0.8125,15.945395900922858,1,0.9756578803062439,68,4912.0,4986.0,0.9755859375,1.0,73.0
6bba_05b6850b,1.86167137607581,62.42495228952325,1,0.9856618046760559,49,3450.0,3524.0,0.98583984375,1.0,74.0
6bba_05b6850b,0.9084026158592896,7.125016348901858,1,0.9782097935676575,81,5851.0,5929.0,0.97802734375,1.0,78.0
6bba_05b6850b,1.625,90.0,1,0.9391883611679077,98,7062.0,7130.0,0.93896484375,1.0,66.0
6bba_05b6850b,2.9575446425202108,,1,0.9417945146560669,67,4841.0,4912.0,0.94189453125,1.0,73.0
6bba_05b6850b,0.5745242597140698,64.89590974977861,1,0.9763213992118835,48,3375.0,3450.0,0.9765625,1.0,73.0
6bba_05b6850b,1.6750116604071745,90.0,1,0.5361431837081909,3,308.0,383.0,0.5361328125,1.0,79.0
6bba_05b6850b,1.6750116604071745,129.2940491280933,1,0.9928339719772339,16,1269.0,1343.0,0.99267578125,1.0,75.0
6bba_05b6850b,3.093907824257213,,1,0.757309079170227,53,3768.0,3866.0,0.75732421875,1.0,83.0
6bba_05b6850b,0.5745242597140698,18.434948822922035,1,0.9533854722976685,82,5929.0,6006.0,0.95361328125,1.0,79.0
6bba_05b6850b,2.9575446425202108,56.43617155956663,1,0.9607443809509277,41,2888.0,2953.0,0.9609375,1.0,66.0
6bba_05b6850b,0.0,,1,0.9756119251251221,75,5468.0,5539.0,0.9755859375,1.0,71.0
6bba_05b6850b,4.182599744775969,73.05906240125378,1,0.8807880878448486,71,5129.0,5211.0,0.880859375,1.0,83.0
6bba_05b6850b,0.0,,1,0.9561218023300171,57,4070.0,4152.0,0.9560546875,1.0,80.0
6bba_05b6850b,0.5745242597140698,153.43494882292202,1,0.9862785935401917,78,5681.0,5750.0,0.986328125,1.0,71.0
6bba_05b6850b,1.284675299443404,18.434948822921996,1,0.926633894443512,48,3383.0,3458.0,0.9267578125,1.0,73.0
6bba_05b6850b,0.9084026158592896,,1,0.9518035054206848,0,24.0,100.0,0.95166015625,1.0,78.0
6bba_05b6850b,0.9084026158592896,61.11547631775107,1,0.9340490698814392,16,1282.0,1362.0,0.93408203125,1.0,75.0
6bba_05b6850b,1.86167137607581,69.81620322790722,1,0.49703553318977356,19,1512.0,1583.0,0.4970703125,1.0,76.0
6bba_05b6850b,0.9084026158592896,98.13010235415598,1,0.9860073924064636,33,2386.0,2445.0,0.98583984375,1.0,62.0
6bba_05b6850b,0.0,,1,0.9772918224334717,36,2552.0,2607.0,0.97705078125,1.0,56.0
6bba_05b6850b,0.9084026158592896,53.13010235415599,1,0.6592685580253601,49,3401.0,3474.0,0.6591796875,1.0,74.0
6bba_05b6850b,0.9084026158592896,81.97031974300324,1,0.9456891417503357,61,4385.0,4464.0,0.94580078125,1.0,77.0
6bba_05b6850b,0.5745242597140698,,1,0.8954737186431885,40,2783.0,2845.0,0.8955078125,1.0,63.0
6bba_05b6850b,0.9084026158592896,90.0,1,0.901103138923645,7,564.0,636.0,0.90087890625,1.0,75.0
6bba_05b6850b,0.0,,1,0.9284322261810303,57,4072.0,4155.0,0.92822265625,1.0,80.0
6bba_05b6850b,0.0,,1,0.9576554894447327,42,2936.0,3005.0,0.95751953125,1.0,67.0
6bba_05b6850b,0.0,,1,0.9746321439743042,36,2559.0,2616.0,0.974609375,1.0,56.0
6bba_05b6850b,1.284675299443404,63.43494882292201,1,0.922958493232727,32,2323.0,2386.0,0.9228515625,1.0,57.0
6bba_05b6850b,0.8125,63.43494882292201,1,0.9169372916221619,40,2787.0,2849.0,0.9169921875,1.0,63.0
6bba_05b6850b,3.72334275215162,,1,0.989268958568573,60,4316.0,4398.0,0.9892578125,1.0,76.0
6bba_05b6850b,3.447145558284419,166.36697777463363,1,0.9784584641456604,69,4979.0,5055.0,0.978515625,1.0,73.0
6bba_05b6850b,0.8125,90.0,1,0.9471302032470703,50,3505.0,3583.0,0.947265625,1.0,77.0
6bba_05b6850b,0.40625,63.43494882292201,1,0.9780437350273132,18,1419.0,1496.0,0.97802734375,1.0,75.0
6bba_05b6850b,1.7235727791422095,166.36697777463363,1,0.9795361161231995,21,1628.0,1691.0,0.9794921875,1.0,62.0
6bba_05b6850b,0.0,,1,0.9957025647163391,27,2040.0,2103.0,0.99560546875,1.0,61.0
6bba_05b6850b,3.2752922102462856,,1,0.9691912531852722,53,3734.0,3821.0,0.96923828125,1.0,83.0
6bba_05b6850b,1.8168052317185792,,1,0.9755315184593201,73,5265.0,5341.0,0.9755859375,1.0,73.0
6bba_05b6850b,1.4647552056572457,160.55996517182382,1,0.9629431366920471,71,5127.0,5209.0,0.962890625,1.0,83.0
6bba_05b6850b,0.5745242597140698,80.12503860217872,1,0.914880633354187,80,5779.0,5855.0,0.9150390625,1.0,71.0
6bba_05b6850b,1.6750116604071745,90.0,1,0.8232781291007996,69,4982.0,5056.0,0.8232421875,1.0,73.0
6bba_05b6850b,2.6012692214570947,42.88484958986351,1,0.9509973526000977,65,4701.0,4777.0,0.951171875,1.0,73.0
6bba_05b6850b,0.40625,90.0,1,0.9253332018852234,68,4909.0,4982.0,0.92529296875,1.0,73.0
6bba_05b6850b,1.6750116604071745,90.0,1,0.9874736070632935,14,1108.0,1183.0,0.9873046875,1.0,72.0
6bba_05b6850b,0.9084026158592896,83.77314970286564,1,0.968532919883728,17,1343.0,1419.0,0.96875,1.0,80.0
6bba_05b6850b,2.0714766773970688,53.250248705229886,1,0.6769471168518066,49,3455.0,3530.0,0.6767578125,1.0,74.0
6bba_05b6850b,0.5745242597140698,71.56505117707799,1,0.9657639265060425,74,5352.0,5424.0,0.9658203125,1.0,72.0
6bba_05b6850b,0.5745242597140698,80.12503860217872,1,0.9405460357666016,75,5423.0,5494.0,0.9404296875,1.0,71.0
6bba_05b6850b,1.86167137607581,64.12330993917249,1,0.948712944984436,90,6515.0,6584.0,0.94873046875,1.0,68.0
6bba_05b6850b,0.5745242597140698,90.0,1,0.9635888934135437,80,5825.0,5903.0,0.96337890625,1.0,71.0
6bba_05b6850b,0.5745242597140698,,1,0.9595577120780945,58,4138.0,4217.0,0.95947265625,1.0,81.0
6bba_05b6850b,2.1877232028983924,51.827477899561856,1,0.9538016319274902,26,1942.0,2004.0,0.95361328125,1.0,64.0
6bba_05b6850b,0.9084026158592896,18.434948822922035,1,0.9417274594306946,85,6166.0,6239.0,0.94189453125,1.0,71.0
6bba_05b6850b,0.0,,1,0.9921736717224121,51,3559.0,3638.0,0.9921875,1.0,79.0
6bba_05b6850b,0.9084026158592896,101.53695903281549,1,0.9281482100486755,30,2201.0,2258.0,0.92822265625,1.0,59.0
6bba_05b6850b,0.5745242597140698,45.0,1,0.983875036239624,69,5028.0,5101.0,0.98388671875,1.0,73.0
6bba_05b6850b,0.9084026158592896,113.57817847820183,1,0.9499549865722656,55,3910.0,4001.0,0.9501953125,1.0,90.0
6bba_05b6850b,0.9084026158592896,,1,0.985952615737915,90,6557.0,6628.0,0.98583984375,1.0,68.0
6bba_05b6850b,0.9084026158592896,72.97613381500423,1,0.9001345634460449,91,6584.0,6652.0,0.89990234375,1.0,71.0
6bba_05b6850b,0.0,,1,0.9675579071044922,11,867.0,941.0,0.9677734375,1.0,73.0
6bba_05b6850b,1.284675299443404,26.56505117707798,1,0.9632658362388611,98,7035.0,7101.0,0.96337890625,1.0,66.0
6bba_05b6850b,0.8125,180.0,1,0.970793604850769,96,6957.0,7025.0,0.970703125,1.0,65.0
6bba_05b6850b,1.1490485194281397,64.89590974977861,1,0.9282132983207703,97,6965.0,7035.0,0.92822265625,1.0,68.0
6bba_05b6850b,0.0,,1,0.9874351024627686,52,3654.0,3734.0,0.9873046875,1.0,80.0
6bba_05b6850b,0.40625,,1,0.8275588154792786,58,4199.0,4277.0,0.82763671875,1.0,81.0
6bba_05b6850b,2.6012692214570947,159.62356478616366,1,0.9107692241668701,69,5029.0,5103.0,0.91064453125,1.0,73.0
6bba_05b6850b,0.9084026158592896,102.52880770915151,1,0.9765169620513916,70,5045.0,5112.0,0.9765625,1.0,74.0
6bba_05b6850b,2.368824207280903,161.56505117707803,1,0.9396491646766663,68,4954.0,5029.0,0.939453125,1.0,73.0
6bba_05b6850b,0.40625,135.0,1,0.8965870141983032,6,531.0,606.0,0.896484375,1.0,72.0
6bba_05b6850b,1.6750116604071745,90.0,1,0.979246199131012,19,1496.0,1567.0,0.97900390625,1.0,76.0
6bba_05b6850b,0.9084026158592896,63.43494882292201,1,0.986924409866333,90,6499.0,6570.0,0.98681640625,1.0,68.0
6bba_05b6850b,1.8168052317185792,71.56505117707799,1,0.9721301198005676,92,6663.0,6729.0,0.97216796875,1.0,61.0
6bba_05b6850b,0.40625,102.60438264837919,1,,71,5148.0,5232.0,0.1123046875,2.0,83.0
6bba_05b6850b,0.40625,103.63302222536642,1,0.9742098450660706,35,2481.0,2539.0,0.97412109375,1.0,57.0
6bba_05b6850b,1.8168052317185792,66.42182152179818,1,0.9768228530883789,1,95.0,179.0,0.97705078125,1.0,81.0
6bba_05b6850b,1.4647552056572457,93.74821518784054,1,0.981956422328949,25,1877.0,1942.0,0.98193359375,1.0,68.0
6bba_05b6850b,1.8168052317185792,,1,0.9349476099014282,0,21.0,95.0,0.93505859375,1.0,78.0
6bba_05b6850b,1.6750116604071745,80.12503860217872,1,0.9861997365951538,51,3577.0,3654.0,0.986328125,1.0,79.0
6bba_05b6850b,0.0,,1,0.9891633987426758,66,4775.0,4848.0,0.9892578125,1.0,74.0
6bba_05b6850b,0.0,,1,0.8880000710487366,89,6443.0,6511.0,0.88818359375,1.0,69.0
6bba_05b6850b,0.40625,45.0,1,0.926625669002533,74,5403.0,5473.0,0.9267578125,1.0,72.0
6bba_05b6850b,0.5745242597140698,109.47122063449069,1,0.9827849268913269,31,2245.0,2303.0,0.98291015625,1.0,59.0
6bba_05b6850b,0.8125,48.18968510422141,1,0.9057294726371765,47,3253.0,3325.0,0.90576171875,1.0,71.0
6bba_05b6850b,1.1490485194281397,90.0,1,0.8192698359489441,56,3988.0,4072.0,0.8193359375,1.0,88.0
6bba_05b6850b,1.7235727791422095,52.961594085237714,1,0.9614834189414978,24,1809.0,1877.0,0.96142578125,1.0,68.0
6bba_05b6850b,0.0,,1,0.9623534679412842,12,941.0,1018.0,0.96240234375,1.0,78.0
6bba_05b6850b,2.0714766773970688,143.96010656969617,1,0.985002338886261,15,1183.0,1254.0,0.98486328125,1.0,73.0
6bba_05b6850b,2.333728575156074,41.41293640546541,1,0.625636637210846,39,2758.0,2823.0,0.62548828125,1.0,64.0
6bba_05b6850b,0.40625,135.0,1,0.9713661074638367,72,5257.0,5330.0,0.97119140625,1.0,69.0
6bba_05b6850b,1.4647552056572457,70.92168567381346,1,0.9910525679588318,85,6155.0,6226.0,0.9912109375,1.0,71.0
6bba_05b6850b,0.40625,90.0,1,0.874010443687439,94,6800.0,6867.0,0.8740234375,1.0,70.0
6bba_05b6850b,1.625,90.0,1,0.9555433392524719,90,6517.0,6585.0,0.95556640625,1.0,68.0
6bba_05b6850b,1.6750116604071745,40.60129464500447,1,0.9856362342834473,31,2249.0,2307.0,0.98583984375,1.0,59.0
6bba_05b6850b,0.9084026158592896,,1,0.9316481351852417,53,3724.0,3808.0,0.931640625,1.0,83.0
6bba_05b6850b,1.8168052317185792,63.43494882292201,1,0.9863220453262329,30,2192.0,2249.0,0.986328125,1.0,59.0
6bba_05b6850b,1.6750116604071745,90.0,1,0.955896258354187,41,2849.0,2913.0,0.9560546875,1.0,66.0
6bba_05b6850b,0.9084026158592896,63.43494882292201,1,0.9649438261985779,11,862.0,936.0,0.96484375,1.0,73.0
6bba_05b6850b,1.4647552056572457,93.46981885589007,1,0.9871483445167542,80,5775.0,5851.0,0.9873046875,1.0,71.0
6bba_05b6850b,0.0,,1,0.5689290165901184,57,4122.0,4203.0,0.56884765625,1.0,80.0
6bba_05b6850b,1.1490485194281397,71.56505117707799,1,0.8603233695030212,79,5716.0,5783.0,0.8603515625,1.0,68.0
6bba_05b6850b,0.40625,109.47122063449069,1,0.9446159601211548,26,1939.0,2001.0,0.94482421875,1.0,64.0
6bba_05b6850b,0.0,,1,0.9799630045890808,38,2666.0,2733.0,0.97998046875,1.0,66.0
6bba_05b6850b,0.5745242597140698,71.56505117707799,1,0.9033937454223633,41,2857.0,2926.0,0.9033203125,1.0,66.0
6bba_05b6850b,0.0,,1,0.9223979711532593,52,3644.0,3724.0,0.92236328125,1.0,80.0
6bba_05b6850b,0.40625,68.1985905136482,1,0.9755628108978271,89,6487.0,6555.0,0.9755859375,1.0,69.0
6bba_05b6850b,0.9084026158592896,26.565051177077994,1,0.8890767693519592,78,5648.0,5716.0,0.88916015625,1.0,71.0
6bba_05b6850b,5.154734625807618,169.85660210506873,1,0.990645170211792,64,4618.0,4700.0,0.99072265625,1.0,82.0
6bba_05b6850b,0.5745242597140698,135.0,1,0.9869574308395386,83,6009.0,6080.0,0.98681640625,1.0,72.0
6bba_05b6850b,0.0,,1,0.9850716590881348,56,4046.0,4125.0,0.98486328125,1.0,88.0
6bba_05b6850b,1.21875,135.0,1,0.9483516216278076,88,6369.0,6443.0,0.9482421875,1.0,73.0
6bba_05b6850b,0.40625,,1,0.9867578148841858,89,6492.0,6560.0,0.98681640625,1.0,69.0
6bba_05b6850b,2.7252078475778685,15.25511870305774,1,0.9731066226959229,37,2599.0,2657.0,0.97314453125,1.0,54.0
6bba_05b6850b,3.72334275215162,117.57504771047678,1,0.9330151677131653,3,283.0,360.0,0.93310546875,1.0,79.0
6bba_05b6850b,0.9084026158592896,96.22685029713438,1,0.9290985465049744,29,2125.0,2188.0,0.92919921875,1.0,65.0
6bba_05b6850b,0.9084026158592896,69.56068242674176,1,0.980693519115448,61,4435.0,4511.0,0.98046875,1.0,77.0
6bba_05b6850b,1.8168052317185792,161.56505117707798,1,0.833137035369873,91,6581.0,6650.0,0.8330078125,1.0,71.0
6bba_05b6850b,1.9902104160113323,,1,0.9590920805931091,43,2995.0,3063.0,0.958984375,1.0,69.0
6bba_05b6850b,1.8168052317185792,26.565051177077994,1,0.9828104972839355,46,3233.0,3305.0,0.98291015625,1.0,70.0
6bba_05b6850b,2.2980970388562794,99.87496139782128,1,0.9451155066490173,73,5288.0,5357.0,0.9453125,1.0,73.0
6bba_05b6850b,0.0,,1,0.9669677019119263,62,4451.0,4524.0,0.966796875,1.0,74.0
6bba_05b6850b,0.8125,111.80140948635182,1,0.8947664499282837,82,5947.0,6024.0,0.89453125,1.0,79.0
6bba_05b6850b,0.0,,1,0.9925522804260254,88,6423.0,6492.0,0.99267578125,1.0,73.0
6bba_05b6850b,0.40625,135.0,1,0.8530842661857605,51,3566.0,3644.0,0.85302734375,1.0,79.0
6bba_05b6850b,1.284675299443404,69.81620322790722,1,0.9404637813568115,70,5105.0,5186.0,0.9404296875,1.0,74.0
6bba_05b6850b,0.5745242597140698,135.0,1,0.9120423197746277,84,6096.0,6166.0,0.912109375,1.0,75.0
6bba_05b6850b,1.86167137607581,,1,0.9799017906188965,39,2733.0,2795.0,0.97998046875,1.0,64.0
6bba_05b6850b,1.8168052317185792,,1,0.9733846783638,5,435.0,509.0,0.97314453125,1.0,75.0
6bba_05b6850b,0.5745242597140698,135.0,1,0.9502391815185547,95,6867.0,6930.0,0.9501953125,1.0,66.0
6bba_05b6850b,0.0,,1,0.9435527920722961,66,4749.0,4822.0,0.943359375,1.0,74.0
6bba_05b6850b,0.40625,76.3669777746336,1,0.9820643663406372,47,3280.0,3348.0,0.98193359375,1.0,71.0
6bba_05b6850b,0.40625,90.0,1,0.9821120500564575,39,2740.0,2802.0,0.98193359375,1.0,64.0
6bba_05b6850b,0.5745242597140698,45.0,1,0.9671903252601624,23,1730.0,1794.0,0.96728515625,1.0,65.0
6bba_05b6850b,0.5745242597140698,80.12503860217872,1,0.9737429022789001,81,5869.0,5951.0,0.9736328125,1.0,78.0
6bba_05b6850b,0.40625,126.03989343030386,1,0.9710872173309326,71,5183.0,5256.0,0.97119140625,1.0,83.0
6bba_05b6850b,0.40625,90.0,1,0.9541960954666138,84,6079.0,6154.0,0.9541015625,1.0,75.0
6bba_05b6850b,0.9084026158592896,96.05074601591174,1,0.9110825657844543,45,3164.0,3234.0,0.9111328125,1.0,70.0
6bba_05b6850b,0.0,,1,0.9711413383483887,72,5196.0,5265.0,0.97119140625,1.0,69.0
6bba_05b6850b,2.1877232028983924,131.63353933657018,1,0.9628980755805969,24,1803.0,1872.0,0.962890625,1.0,68.0
6bba_05b6850b,0.40625,,1,0.9618781805038452,86,6224.0,6299.0,0.9619140625,1.0,73.0
6bba_05b6850b,0.0,,1,0.8389641642570496,44,3063.0,3139.0,0.8388671875,1.0,73.0
6bba_05b6850b,0.40625,76.3669777746336,1,0.511163055896759,10,836.0,909.0,0.51123046875,1.0,76.0
6bba_05b6850b,0.5745242597140698,90.0,1,0.9356608986854553,97,6996.0,7064.0,0.935546875,1.0,68.0
6bba_05b6850b,0.5745242597140698,45.0,1,0.9792274832725525,50,3533.0,3613.0,0.97900390625,1.0,77.0
6bba_05b6850b,0.8125,64.12330993917249,1,0.9483163356781006,29,2122.0,2186.0,0.9482421875,1.0,65.0
6bba_05b6850b,0.9084026158592896,143.13010235415598,1,0.6428901553153992,51,3553.0,3627.0,0.64306640625,1.0,79.0
6bba_05b6850b,0.0,,1,0.9340070486068726,62,4507.0,4580.0,0.93408203125,1.0,74.0
6bba_05b6850b,1.8168052317185792,63.989936222426,1,,74,5366.0,5439.0,0.38427734375,1.0,72.0
6bba_05b6850b,1.4647552056572457,126.16926773414153,1,0.9407092332839966,61,4433.0,4507.0,0.94091796875,1.0,77.0
6bba_05b6850b,1.7235727791422095,76.3669777746336,1,0.959717333316803,34,2420.0,2481.0,0.9599609375,1.0,61.0
6bba_05b6850b,1.284675299443404,94.39870535499554,1,0.9273388385772705,84,6077.0,6149.0,0.92724609375,1.0,75.0
6bba_05b6850b,0.0,,1,0.9858168363571167,89,6489.0,6557.0,0.98583984375,1.0,69.0
6bba_05b6850b,1.7235727791422095,39.66403535711893,1,0.9192383289337158,44,3074.0,3151.0,0.91943359375,1.0,73.0
6bba_05b6850b,0.0,,1,0.9661715030670166,59,4232.0,4309.0,0.96630859375,1.0,77.0
6bba_05b6850b,0.9084026158592896,62.47219323145048,1,0.4878673553466797,78,5643.0,5708.0,0.48779296875,1.0,71.0
6bba_05b6850b,0.9084026158592896,18.434948822922035,1,0.9606769680976868,48,3332.0,3407.0,0.96044921875,1.0,73.0
6bba_05b6850b,1.7235727791422095,103.63302222536642,1,0.9472973346710205,34,2462.0,2519.0,0.947265625,1.0,61.0
6bba_05b6850b,1.86167137607581,90.0,1,0.888982355594635,79,5708.0,5775.0,0.88916015625,1.0,68.0
6bba_05b6850b,0.9084026158592896,,1,0.9877395033836365,0,70.0,150.0,0.98779296875,1.0,78.0
6bba_05b6850b,3.7454399357752353,90.0,1,0.8963396549224854,67,4880.0,4954.0,0.896484375,1.0,73.0
6bba_05b6850b,3.471001521535247,71.6962645738912,1,0.9337303042411804,90,6532.0,6602.0,0.93359375,1.0,68.0
6bba_05b6850b,2.1877232028983924,71.08431755376213,1,0.9092810750007629,23,1775.0,1842.0,0.9091796875,1.0,65.0
6bba_05b6850b,1.9902104160113323,79.48026510934139,1,0.8745905160903931,48,3337.0,3414.0,0.87451171875,1.0,73.0
6bba_05b6850b,2.2980970388562794,,1,0.926261842250824,77,5584.0,5658.0,0.92626953125,1.0,71.0
6bba_05b6850b,0.8125,180.0,1,0.9978982210159302,34,2464.0,2523.0,0.998046875,1.0,61.0
6bba_05b6850b,2.2980970388562794,,1,0.9858335852622986,13,1062.0,1136.0,0.98583984375,1.0,76.0
6bba_05b6850b,0.9084026158592896,36.86989764584403,1,0.883790135383606,46,3234.0,3306.0,0.8837890625,1.0,70.0
6bba_05b6850b,4.958913218891817,85.30088053563017,1,0.9713767170906067,8,630.0,699.0,0.97119140625,1.0,71.0
6bba_05b6850b,3.917733121653388,115.28126476866309,1,0.9850867986679077,16,1254.0,1330.0,0.98486328125,1.0,75.0
6bba_05b6850b,5.008586377412294,,1,0.9892967343330383,28,2066.0,2128.0,0.9892578125,1.0,63.0
6bba_05b6850b,0.9084026158592896,126.86989764584402,1,0.9989961981773376,31,2285.0,2342.0,0.9990234375,1.0,59.0
6bba_05b6850b,1.1490485194281397,,1,0.9790716767311096,15,1158.0,1230.0,0.97900390625,1.0,73.0
6bba_05b6850b,0.40625,45.0,1,0.9308294653892517,32,2296.0,2354.0,0.9306640625,1.0,57.0
6bba_05b6850b,0.5745242597140698,,1,0.9772990345954895,25,1869.0,1937.0,0.9775390625,1.0,68.0
6bba_05b6850b,2.1877232028983924,131.0359291168989,1,0.9130653738975525,45,3151.0,3218.0,0.9130859375,1.0,70.0
6bba_05b6850b,1.7235727791422095,76.3669777746336,1,0.9809463620185852,95,6864.0,6929.0,0.98095703125,1.0,66.0
6bba_05b6850b,0.9084026158592896,69.56068242674176,1,0.9910359382629395,68,4921.0,4995.0,0.9912109375,1.0,73.0
6bba_05b6850b,0.5745242597140698,45.0,1,0.9798499345779419,21,1601.0,1666.0,0.97998046875,1.0,62.0
6bba_05b6850b,0.0,,1,0.9510282874107361,27,2013.0,2076.0,0.951171875,1.0,61.0
6bba_05b6850b,1.7235727791422095,76.3669777746336,1,0.9710649847984314,91,6585.0,6653.0,0.97119140625,1.0,71.0
6bba_05b6850b,0.0,,1,0.9967120885848999,39,2759.0,2821.0,0.99658203125,1.0,64.0
6bba_05b6850b,1.6750116604071745,90.0,1,0.9396424293518066,32,2300.0,2359.0,0.939453125,1.0,57.0
6bba_05b6850b,0.9084026158592896,69.64518356996454,1,0.9464015364646912,54,3807.0,3895.0,0.9462890625,1.0,90.0
6bba_05b6850b,0.40625,90.0,1,0.711879551410675,75,5473.0,5544.0,0.7119140625,1.0,71.0
6bba_05b6850b,3.300390601883359,109.1713746302339,1,0.8789583444595337,64,4590.0,4674.0,0.87890625,1.0,82.0
6bba_05b6850b,0.0,,1,0.9721216559410095,76,5483.0,5556.0,0.97216796875,1.0,73.0
6bba_05b6850b,0.40625,127.98516729935561,1,0.9264897704124451,65,4674.0,4749.0,0.92626953125,1.0,73.0
6bba_05b6850b,0.5745242597140698,146.30993247402026,1,0.9824774861335754,17,1305.0,1383.0,0.982421875,1.0,80.0
6bba_05b6850b,0.8125,116.56505117707799,1,0.9819205403327942,54,3808.0,3897.0,0.98193359375,1.0,90.0
6bba_05b6850b,6.512682938889317,172.03193808815337,1,0.9818071126937866,64,4604.0,4688.0,0.98193359375,1.0,82.0
6bba_05b6850b,0.0,,1,0.9496320486068726,76,5494.0,5568.0,0.94970703125,1.0,73.0
6bba_05b6850b,3.832554834897995,,1,0.9945112466812134,28,2103.0,2167.0,0.99462890625,1.0,63.0
6bba_05b6850b,0.40625,135.0,1,0.8884633779525757,79,5710.0,5776.0,0.888671875,1.0,68.0
6bba_05b6850b,0.40625,90.0,1,0.7516211867332458,65,4688.0,4762.0,0.75146484375,1.0,73.0
6bba_05b6850b,0.40625,90.0,1,0.9965797066688538,33,2404.0,2464.0,0.99658203125,1.0,62.0
6bba_05b6850b,0.0,,1,0.9630166888237,14,1084.0,1158.0,0.962890625,1.0,72.0
6bba_05b6850b,1.8168052317185792,123.21091076089908,1,0.9720602631568909,87,6287.0,6359.0,0.97216796875,1.0,71.0
6bba_05b6850b,1.6750116604071745,101.64234543708984,1,0.9267035126686096,34,2417.0,2478.0,0.9267578125,1.0,61.0
6bba_05b6850b,0.8125,90.0,1,0.9043511152267456,32,2340.0,2402.0,0.904296875,1.0,57.0
6bba_05b6850b,0.9084026158592896,18.434948822922035,1,0.9690185785293579,85,6201.0,6274.0,0.96923828125,1.0,71.0
6bba_05b6850b,0.0,,1,0.9807022213935852,59,4233.0,4307.0,0.98046875,1.0,77.0
6bba_05b6850b,3.2752922102462856,97.1250163489018,1,0.9387127161026001,69,4986.0,5058.0,0.9384765625,1.0,73.0
6bba_05b6850b,1.1490485194281397,62.42495228952325,1,0.9506067037582397,50,3524.0,3600.0,0.95068359375,1.0,77.0
6bba_05b6850b,3.350023320814349,,1,0.9032718539237976,43,2970.0,3039.0,0.9033203125,1.0,69.0
6bba_05b6850b,0.40625,153.434948822922,1,0.9970954656600952,32,2342.0,2404.0,0.9970703125,1.0,57.0
6bba_05b6850b,1.4647552056572457,146.30993247402023,1,0.9497881531715393,33,2354.0,2417.0,0.94970703125,1.0,62.0
6bba_05b6850b,7.468815376282908,,1,0.8321684002876282,77,5574.0,5643.0,0.83203125,1.0,71.0
6bba_05b6850b,0.0,,1,0.9561536908149719,66,4810.0,4883.0,0.9560546875,1.0,74.0
6bba_05b6850b,0.8125,90.0,1,0.5826303362846375,65,4735.0,4810.0,0.58251953125,1.0,73.0
6bba_05b6850b,1.7235727791422095,56.63491197922431,1,0.8274648785591125,14,1134.0,1207.0,0.82763671875,1.0,72.0
6bba_05b6850b,0.40625,90.0,1,0.9388105273246765,19,1460.0,1535.0,0.93896484375,1.0,76.0
6bba_05b6850b,0.8125,45.0,1,0.9784141778945923,22,1666.0,1730.0,0.978515625,1.0,65.0
6bba_05b6850b,0.0,,1,0.9007701277732849,42,2903.0,2970.0,0.90087890625,1.0,67.0
6bba_05b6850b,1.625,18.434948822921996,1,0.9546456933021545,49,3458.0,3533.0,0.95458984375,1.0,74.0
6bba_05b6850b,1.4647552056572457,97.73170654900389,1,0.9920165538787842,92,6637.0,6701.0,0.9921875,1.0,61.0
6bba_05b6850b,0.0,,1,0.9688647389411926,76,5511.0,5584.0,0.96875,1.0,73.0
6bba_05b6850b,1.4647552056572457,61.041105120532784,1,0.9380263090133667,93,6715.0,6784.0,0.93798828125,1.0,65.0
6bba_05b6850b,0.40625,90.0,1,0.9106752872467041,55,3919.0,4010.0,0.91064453125,1.0,90.0
6bba_05b6850b,0.9084026158592896,108.43494882292201,1,0.7851952314376831,14,1135.0,1210.0,0.78515625,1.0,72.0
6bba_05b6850b,1.625,90.0,1,0.9965456128120422,17,1365.0,1439.0,0.99658203125,1.0,80.0
6bba_05b6850b,1.86167137607581,162.24720983805335,1,0.8459542989730835,22,1709.0,1775.0,0.84619140625,1.0,65.0
6bba_05b6850b,2.4375,,1,0.9238397479057312,13,1059.0,1134.0,0.923828125,1.0,76.0
6bba_05b6850b,1.6750116604071745,133.8762651909286,1,0.9445462822914124,3,309.0,388.0,0.9443359375,1.0,79.0
6bba_05b6850b,2.6012692214570947,123.51516171382796,1,0.9627876281738281,18,1383.0,1460.0,0.962890625,1.0,75.0
6bba_05b6850b,2.6012692214570947,73.77726564884665,1,0.9565646648406982,75,5429.0,5501.0,0.95654296875,1.0,71.0
6bba_05b6850b,0.0,,1,0.6359046101570129,59,4277.0,4353.0,0.6357421875,1.0,77.0
6bba_05b6850b,0.40625,26.565051177077994,1,0.8488074541091919,30,2212.0,2271.0,0.8486328125,1.0,59.0
6bba_05b6850b,0.0,,1,0.9865208864212036,81,5853.0,5932.0,0.986328125,1.0,78.0
6bba_05b6850b,1.8168052317185792,20.900922096570543,1,0.9740028381347656,93,6716.0,6785.0,0.97412109375,1.0,65.0
6bba_05b6850b,0.5745242597140698,81.12360491902666,1,0.9436600804328918,91,6598.0,6663.0,0.94384765625,1.0,71.0
6bba_05b6850b,0.0,,1,0.9599035978317261,22,1713.0,1778.0,0.9599609375,1.0,65.0
6bba_05b6850b,0.40625,,1,0.9906156063079834,82,5932.0,6009.0,0.99072265625,1.0,79.0
6bba_05b6850b,0.40625,90.0,1,0.9316124320030212,10,805.0,882.0,0.931640625,1.0,76.0
6bba_05b6850b,0.40625,135.0,1,0.985007107257843,83,6059.0,6134.0,0.98486328125,1.0,72.0
6bba_05b6850b,0.40625,90.0,1,0.9837697744369507,33,2402.0,2462.0,0.98388671875,1.0,62.0
6bba_05b6850b,0.0,,1,0.8493656516075134,97,6979.0,7046.0,0.849609375,1.0,68.0
6bba_05b6850b,0.5745242597140698,98.87639508097335,1,0.9757227897644043,74,5369.0,5440.0,0.9755859375,1.0,72.0
6bba_05b6850b,0.5745242597140698,,1,0.9770057201385498,58,4206.0,4281.0,0.97705078125,1.0,81.0
6bba_05b6850b,1.4647552056572457,168.6900675259798,1,0.9497132301330566,19,1515.0,1587.0,0.94970703125,1.0,76.0
6bba_05b6850b,0.40625,45.0,1,0.8897484540939331,94,6782.0,6847.0,0.8896484375,1.0,70.0
6bba_05b6850b,1.21875,90.0,1,0.9826987981796265,92,6689.0,6753.0,0.98291015625,1.0,61.0
6bba_05b6850b,1.8168052317185792,151.43917478218876,1,0.895367443561554,71,5181.0,5251.0,0.8955078125,1.0,83.0
6bba_05b6850b,1.86167137607581,,1,0.9725887179374695,77,5570.0,5645.0,0.97265625,1.0,71.0
6bba_05b6850b,1.6750116604071745,149.03624346792648,1,0.9807816743850708,78,5688.0,5756.0,0.98095703125,1.0,71.0
6bba_05b6850b,2.333728575156074,,1,0.9229984879493713,67,4856.0,4930.0,0.9228515625,1.0,73.0
6bba_05b6850b,0.5745242597140698,90.0,1,0.952562153339386,79,5698.0,5766.0,0.95263671875,1.0,68.0
6bba_05b6850b,0.5745242597140698,108.43494882292201,1,0.6029190421104431,36,2575.0,2628.0,0.60302734375,1.0,56.0
6bba_05b6850b,0.0,,1,0.9811372756958008,66,4783.0,4856.0,0.98095703125,1.0,74.0
6bba_05b6850b,0.40625,90.0,1,0.9852862358093262,20,1535.0,1601.0,0.9853515625,1.0,68.0
6bba_05b6850b,1.7235727791422095,11.309932474020195,1,0.9520392417907715,18,1437.0,1515.0,0.9521484375,1.0,75.0
6bba_05b6850b,0.9084026158592896,90.0,1,0.9687934517860413,40,2795.0,2857.0,0.96875,1.0,63.0
6bba_05b6850b,3.7454399357752353,,1,0.8828110098838806,53,3741.0,3833.0,0.8828125,1.0,83.0
6bba_05b6850b,0.5745242597140698,161.56505117707798,1,0.9699642658233643,56,4001.0,4083.0,0.9697265625,1.0,88.0
6bba_05b6850b,0.9084026158592896,90.0,1,0.9825693368911743,23,1759.0,1828.0,0.982421875,1.0,65.0
6bba_05b6850b,1.6750116604071745,75.96375653207353,1,,85,6175.0,6242.0,0.01995849609375,3.0,71.0
6bba_05b6850b,0.9084026158592896,83.77314970286564,1,0.5799386501312256,35,2520.0,2575.0,0.580078125,1.0,57.0
6bba_05b6850b,1.8168052317185792,,1,0.9523289799690247,73,5278.0,5351.0,0.9521484375,1.0,73.0
6bba_05b6850b,0.5745242597140698,135.0,1,0.9701312780380249,94,6822.0,6888.0,0.97021484375,1.0,70.0
6bba_05b6850b,0.5745242597140698,98.87639508097335,1,0.9686727523803711,61,4398.0,4475.0,0.96875,1.0,77.0
6bba_05b6850b,1.8168052317185792,116.56505117707799,1,0.9836853742599487,40,2802.0,2867.0,0.98388671875,1.0,63.0
6bba_05b6850b,2.368824207280903,,1,0.9276936054229736,60,4325.0,4405.0,0.927734375,1.0,76.0
6bba_05b6850b,0.40625,135.0,1,0.9780892729759216,75,5424.0,5497.0,0.97802734375,1.0,71.0
6bba_05b6850b,2.0714766773970688,84.96836277827504,1,0.9554377794265747,17,1362.0,1435.0,0.95556640625,1.0,80.0
6bba_05b6850b,0.0,,1,0.9018630385398865,12,983.0,1059.0,0.90185546875,1.0,78.0
6bba_05b6850b,0.5745242597140698,81.12360491902666,1,0.5343635678291321,20,1583.0,1644.0,0.5341796875,1.0,68.0
6bba_05b6850b,0.40625,116.56505117707799,1,0.9802079796791077,91,6628.0,6689.0,0.97998046875,1.0,71.0
6bba_05b6850b,1.625,90.0,1,0.9441381692886353,96,6911.0,6978.0,0.9443359375,1.0,65.0
6bba_05b6850b,1.284675299443404,124.69515353123397,1,0.9601845145225525,73,5280.0,5353.0,0.9599609375,1.0,73.0
6bba_05b6850b,2.2980970388562794,25.284996046051784,1,0.4888573884963989,1,147.0,227.0,0.48876953125,1.0,81.0
6bba_05b6850b,1.625,90.0,1,0.9610919952392578,31,2284.0,2340.0,0.9609375,1.0,59.0
6bba_05b6850b,1.7235727791422095,91.27052364178712,1,0.8669753074645996,54,3861.0,3949.0,0.8671875,1.0,90.0
6bba_05b6850b,1.284675299443404,,1,0.9872229099273682,58,4152.0,4233.0,0.9873046875,1.0,81.0
6bba_05b6850b,0.8125,103.63302222536642,1,0.9412298202514648,79,5725.0,5793.0,0.94140625,1.0,68.0
6bba_05b6850b,1.21875,32.573555699196866,1,0.9799641966819763,68,4920.0,4994.0,0.97998046875,1.0,73.0
6bba_05b6850b,1.4647552056572457,97.1250163489018,1,0.5806520581245422,17,1363.0,1437.0,0.58056640625,1.0,80.0
6bba_05b6850b,0.40625,33.69006752597979,1,0.9646152853965759,20,1587.0,1648.0,0.96484375,1.0,68.0
6bba_05b6850b,1.7235727791422095,96.05074601591174,1,0.9273133277893066,71,5128.0,5210.0,0.92724609375,1.0,83.0
6bba_05b6850b,4.0625,,1,0.9767023324966431,53,3773.0,3867.0,0.9765625,1.0,83.0
6bba_05b6850b,1.86167137607581,64.12330993917249,1,0.9125621318817139,90,6529.0,6598.0,0.91259765625,1.0,68.0
6bba_05b6850b,0.0,,1,0.9603260159492493,58,4155.0,4232.0,0.96044921875,1.0,81.0
6bba_05b6850b,0.0,,1,0.9493666887283325,26,1954.0,2013.0,0.94921875,1.0,64.0
6bba_05b6850b,0.9084026158592896,63.43494882292201,1,0.965716540813446,78,5686.0,5754.0,0.9658203125,1.0,71.0
6bba_05b6850b,0.40625,90.0,1,0.9476026296615601,87,6313.0,6385.0,0.94775390625,1.0,71.0
6bba_05b6850b,0.9084026158592896,18.434948822921996,1,0.8213047385215759,16,1286.0,1363.0,0.8212890625,1.0,75.0
6bba_05b6850b,0.0,,1,0.9554612636566162,62,4463.0,4535.0,0.95556640625,1.0,74.0
6bba_05b6850b,0.9084026158592896,66.3706222693432,1,0.9197980761528015,29,2146.0,2212.0,0.919921875,1.0,65.0
6bba_05b6850b,1.86167137607581,67.34605052073726,1,0.9723453521728516,87,6316.0,6389.0,0.97216796875,1.0,71.0
6bba_05b6850b,0.0,,1,0.7534327507019043,42,2954.0,3023.0,0.75341796875,1.0,67.0
6bba_05b6850b,2.4375,135.0,1,0.5280437469482422,37,2628.0,2695.0,0.52783203125,1.0,54.0
6bba_05b6850b,1.86167137607581,112.97690332020989,1,0.960781991481781,73,5297.0,5369.0,0.9609375,1.0,73.0
6bba_05b6850b,0.8125,26.565051177077994,1,0.983132541179657,92,6665.0,6732.0,0.98291015625,1.0,61.0
6bba_05b6850b,0.0,,1,0.9351050853729248,62,4464.0,4536.0,0.93505859375,1.0,74.0
6bba_05b6850b,2.4375,21.801409486351833,1,0.8134047389030457,74,5358.0,5431.0,0.8134765625,1.0,72.0
6bba_05b6850b,1.625,90.0,1,0.6887022852897644,29,2163.0,2224.0,0.6884765625,1.0,65.0
6bba_05b6850b,0.9084026158592896,26.565051177077994,1,0.9161476492881775,51,3583.0,3661.0,0.916015625,1.0,79.0
6bba_05b6850b,1.6750116604071745,,1,0.9765570163726807,89,6446.0,6514.0,0.9765625,1.0,69.0
6bba_05b6850b,0.0,,1,0.9883244037628174,42,2953.0,3022.0,0.98828125,1.0,67.0
6bba_05b6850b,0.5745242597140698,,1,0.9338122010231018,5,458.0,531.0,0.93359375,1.0,75.0
6bba_05b6850b,1.284675299443404,111.84544763964247,1,0.8210949301719666,18,1435.0,1512.0,0.8212890625,1.0,75.0
6bba_05b6850b,1.86167137607581,81.12360491902666,1,0.9010261297225952,21,1644.0,1709.0,0.90087890625,1.0,62.0
6bba_05b6850b,0.40625,116.56505117707799,1,0.9623735547065735,71,5112.0,5196.0,0.96240234375,1.0,83.0
6bba_05b6850b,0.40625,78.69006752597979,1,0.48099541664123535,94,6767.0,6836.0,0.48095703125,1.0,70.0
6bba_05b6850b,0.5745242597140698,11.309932474020195,1,0.9790918231010437,35,2488.0,2545.0,0.97900390625,1.0,57.0
6bba_05b6850b,3.374565944310468,,1,0.9605260491371155,67,4850.0,4920.0,0.96044921875,1.0,73.0
6bba_05b6850b,0.40625,103.63302222536642,1,0.5950758457183838,51,3608.0,3689.0,0.59521484375,1.0,79.0
6bba_05b6850b,0.0,,1,0.7564897537231445,80,5783.0,5857.0,0.75634765625,1.0,71.0
6bba_05b6850b,0.40625,146.30993247402023,1,0.9466434717178345,89,6447.0,6515.0,0.94677734375,1.0,69.0
6bba_05b6850b,0.40625,45.0,1,0.5239678025245667,2,227.0,308.0,0.52392578125,1.0,81.0
6bba_05b6850b,2.333728575156074,134.47910057477236,1,0.9535524845123291,15,1195.0,1269.0,0.95361328125,1.0,73.0
6bba_05b6850b,0.5745242597140698,161.56505117707798,1,0.9383805394172668,31,2258.0,2316.0,0.9384765625,1.0,59.0
6bba_05b6850b,2.03125,52.20588605098472,1,0.9604398012161255,72,5210.0,5280.0,0.96044921875,1.0,69.0
6bba_05b6850b,0.8125,26.565051177077994,1,0.915488064289093,86,6239.0,6313.0,0.91552734375,1.0,73.0
6bba_05b6850b,0.0,,1,0.9848238229751587,12,957.0,1034.0,0.98486328125,1.0,78.0
6bba_05b6850b,2.632800908728193,143.14273451156035,1,0.8969288468360901,15,1207.0,1282.0,0.89697265625,1.0,73.0
6bba_05b6850b,3.300390601883359,141.2220857009586,1,0.5587175488471985,38,2695.0,2758.0,0.55859375,1.0,66.0
6bba_05b6850b,2.368824207280903,42.1868645269472,1,0.929394543170929,1,121.0,204.0,0.92919921875,1.0,81.0
6bba_05b6850b,0.0,,1,0.8855358958244324,27,2034.0,2097.0,0.8857421875,1.0,61.0
6bba_05b6850b,3.2752922102462856,144.29159768192787,1,0.9915169477462769,91,6582.0,6651.0,0.99169921875,1.0,71.0
6bba_05b6850b,1.6750116604071745,,1,0.9491623640060425,63,4524.0,4590.0,0.94921875,1.0,71.0
6bba_05b6850b,0.9084026158592896,153.434948822922,1,0.9639133214950562,46,3190.0,3262.0,0.9638671875,1.0,70.0
6bba_05b6850b,2.1877232028983924,65.72892769615521,1,0.9828583002090454,44,3094.0,3165.0,0.98291015625,1.0,73.0
6bba_05b6850b,0.0,,1,0.977229654788971,27,1993.0,2054.0,0.97705078125,1.0,61.0
6bba_05b6850b,0.0,,1,0.9404670596122742,52,3661.0,3741.0,0.9404296875,1.0,80.0
6bba_05b6850b,2.632800908728193,,1,0.9691519141197205,37,2607.0,2666.0,0.96923828125,1.0,54.0
6bba_05b6850b,0.9084026158592896,67.02309667979011,1,0.536398708820343,45,3115.0,3184.0,0.53662109375,1.0,70.0
6bba_05b6850b,3.300390601883359,19.927139727099316,1,0.9869921207427979,8,633.0,703.0,0.98681640625,1.0,71.0
6bba_05b6850b,0.40625,180.0,1,0.9860978126525879,11,882.0,957.0,0.986328125,1.0,73.0
6bba_05b6850b,1.284675299443404,,1,0.9922728538513184,77,5611.0,5681.0,0.9921875,1.0,71.0
6bba_05b6850b,1.6750116604071745,99.87496139782128,1,0.9374691247940063,35,2483.0,2541.0,0.9375,1.0,57.0
6bba_05b6850b,1.21875,76.3669777746336,1,0.9735965132713318,87,6300.0,6372.0,0.9736328125,1.0,71.0
6bba_05b6850b,2.4375,,1,0.9740769863128662,37,2616.0,2673.0,0.97412109375,1.0,54.0
6bba_05b6850b,1.625,,1,0.9676574468612671,13,1034.0,1108.0,0.9677734375,1.0,76.0
6bba_05b6850b,2.1877232028983924,99.30134841267991,1,,73,,5358.0,,,
6bba_05b6850b,1.6750116604071745,77.47119229084849,1,0.9762212634086609,91,6570.0,6637.0,0.97607421875,1.0,71.0
6bba_05b6850b,1.1490485194281397,90.0,1,0.9773795008659363,2,204.0,283.0,0.9775390625,1.0,81.0
6bba_05b6850b,4.5420130792964475,,1,0.9758113622665405,28,2076.0,2138.0,0.9755859375,1.0,63.0
6bba_05b6850b,2.6012692214570947,,1,0.8923421502113342,60,4307.0,4385.0,0.892578125,1.0,76.0
6bba_05b6850b,1.8168052317185792,71.56505117707799,1,0.8584887981414795,74,5357.0,5429.0,0.8583984375,1.0,72.0
6bba_05b6850b,0.0,,1,0.9784098267555237,24,1802.0,1869.0,0.978515625,1.0,68.0
6bba_05b6850b,1.625,90.0,1,0.9297773838043213,82,5951.0,6027.0,0.9296875,1.0,79.0
6bba_05b6850b,1.86167137607581,81.12360491902666,1,0.9505215287208557,70,5101.0,5181.0,0.95068359375,1.0,74.0
6bba_05b6850b,0.8125,104.03624346792648,1,,84,6101.0,6175.0,0.01273345947265625,6.0,75.0
6bba_05b6850b,1.625,42.0311137741973,1,0.970216691493988,45,3165.0,3233.0,0.97021484375,1.0,70.0
6bba_05b6850b,0.9084026158592896,40.60129464500447,1,0.9785052537918091,24,1822.0,1891.0,0.978515625,1.0,68.0
6bba_05b6850b,1.7235727791422095,70.92168567381346,1,0.9698772430419922,86,6226.0,6300.0,0.9697265625,1.0,73.0
6bba_05b6850b,0.9084026158592896,116.56505117707799,1,0.9888604283332825,72,5256.0,5328.0,0.98876953125,1.0,69.0
6bba_05b6850b,0.0,,1,0.97762531042099,27,2018.0,2081.0,0.9775390625,1.0,61.0
6bba_05b6850b,0.40625,180.0,1,0.9804617166519165,82,5979.0,6052.0,0.98046875,1.0,79.0
6bba_05b6850b,1.86167137607581,162.29991368734454,1,0.9493880867958069,32,2307.0,2365.0,0.94921875,1.0,57.0
6bba_05b6850b,0.9084026158592896,153.434948822922,1,0.9743676781654358,45,3168.0,3238.0,0.974609375,1.0,70.0
6bba_05b6850b,6.512682938889317,139.8626687898442,1,0.9787157773971558,64,4605.0,4689.0,0.978515625,1.0,82.0
6bba_05b6850b,2.4375,53.395723557294346,1,0.9098445773124695,46,3184.0,3253.0,0.90966796875,1.0,70.0
6bba_05b6850b,0.0,,1,0.9354432821273804,76,5498.0,5571.0,0.935546875,1.0,73.0
6bba_05b6850b,0.40625,135.0,1,0.9817217588424683,95,6888.0,6957.0,0.98193359375,1.0,66.0
6bba_05b6850b,2.03125,90.0,1,0.9673956632614136,96,6900.0,6965.0,0.96728515625,1.0,65.0
6bba_05b6850b,1.6750116604071745,149.0362434679265,1,0.9689548015594482,79,5712.0,5779.0,0.96875,1.0,68.0
6bba_05b6850b,0.8125,90.0,1,0.7971221208572388,65,4689.0,4763.0,0.79736328125,1.0,73.0
6bba_05b6850b,0.5745242597140698,108.43494882292201,1,0.9750475287437439,74,5341.0,5413.0,0.97509765625,1.0,72.0
6bba_05b6850b,0.0,,1,0.9889886975288391,57,4125.0,4206.0,0.98876953125,1.0,80.0
6bba_05b6850b,2.2980970388562794,,1,0.8912110924720764,90,6511.0,6581.0,0.89111328125,1.0,68.0
6bba_05b6850b,0.40625,90.0,1,0.9712135195732117,38,2673.0,2740.0,0.97119140625,1.0,66.0
6bba_05b6850b,1.1490485194281397,108.43494882292201,1,0.926239013671875,41,2867.0,2936.0,0.92626953125,1.0,66.0
6bba_05b6850b,0.0,,1,0.9789599776268005,76,5497.0,5570.0,0.97900390625,1.0,73.0
6bba_05b6850b,0.0,,1,0.9733762145042419,62,4511.0,4584.0,0.97314453125,1.0,74.0
6bba_05b6850b,0.5745242597140698,70.59873726270305,1,0.9690727591514587,65,4694.0,4768.0,0.96923828125,1.0,73.0
6bba_05b6850b,1.6750116604071745,162.29991368734454,1,0.9206951260566711,14,1092.0,1164.0,0.9208984375,1.0,72.0
6bba_05b6850b,1.7235727791422095,90.0,1,0.9723787307739258,84,6080.0,6155.0,0.97216796875,1.0,75.0
6bba_05b6850b,0.5745242597140698,45.0,1,0.9426127672195435,34,2422.0,2483.0,0.9423828125,1.0,61.0
6bba_05b6850b,3.2752922102462856,,1,0.9191382527351379,0,22.0,97.0,0.9189453125,1.0,78.0
6bba_05b6850b,1.86167137607581,108.91568244623787,1,0.9013354182243347,3,263.0,340.0,0.9013671875,1.0,79.0
6bba_05b6850b,1.7235727791422095,103.63302222536642,1,0.9720765948295593,97,7025.0,7091.0,0.97216796875,1.0,68.0
6bba_05b6850b,0.5745242597140698,18.434948822922035,1,0.984569251537323,80,5820.0,5899.0,0.984375,1.0,71.0
6bba_05b6850b,0.8125,116.56505117707799,1,0.9760870337486267,55,3895.0,3985.0,0.97607421875,1.0,90.0
6bba_05b6850b,0.40625,35.79575991470708,1,0.9667680859565735,29,2128.0,2192.0,0.966796875,1.0,65.0
6bba_05b6850b,0.5745242597140698,113.19859051364818,1,0.9789987802505493,61,4437.0,4512.0,0.97900390625,1.0,77.0
6bba_05b6850b,1.7235727791422095,56.48483828617204,1,0.7185187339782715,83,6011.0,6083.0,0.71875,1.0,72.0
6bba_05b6850b,0.8125,90.0,1,0.9199905395507812,33,2361.0,2422.0,0.919921875,1.0,62.0
6bba_05b6850b,1.4647552056572457,128.17252210043813,1,0.9478025436401367,88,6373.0,6447.0,0.94775390625,1.0,73.0
6bba_05b6850b,1.9902104160113323,,1,0.9065101146697998,43,3005.0,3074.0,0.90673828125,1.0,69.0
6bba_05b6850b,1.284675299443404,8.130102354156005,1,0.9936605095863342,46,3238.0,3310.0,0.99365234375,1.0,70.0
6bba_05b6850b,1.6750116604071745,162.29991368734454,1,0.7261281609535217,55,3954.0,4045.0,0.72607421875,1.0,90.0
6bba_05b6850b,0.40625,,1,0.9535803198814392,58,4165.0,4245.0,0.95361328125,1.0,81.0
6bba_05b6850b,1.86167137607581,,1,0.9420813322067261,67,4822.0,4895.0,0.94189453125,1.0,73.0
6bba_05b6850b,1.284675299443404,18.434948822921996,1,0.9635036587715149,48,3348.0,3426.0,0.96337890625,1.0,73.0
6bba_05b6850b,0.8125,64.12330993917249,1,0.9697682857513428,19,1471.0,1544.0,0.9697265625,1.0,76.0
6bba_05b6850b,6.512682938889317,,1,0.9604309797286987,8,680.0,753.0,0.96044921875,1.0,71.0
6bba_05b6850b,0.5745242597140698,,1,0.6628738641738892,43,3023.0,3095.0,0.6630859375,1.0,69.0
6bba_05b6850b,1.8168052317185792,,1,0.9014683961868286,58,4172.0,4250.0,0.9013671875,1.0,81.0
6bba_05b6850b,1.7235727791422095,,1,0.9956629872322083,22,1714.0,1780.0,0.99560546875,1.0,65.0
6bba_05b6850b,0.9084026158592896,116.56505117707799,1,0.9186180830001831,36,2539.0,2594.0,0.91845703125,1.0,56.0
6bba_05b6850b,1.284675299443404,90.0,1,0.9586066007614136,47,3290.0,3358.0,0.95849609375,1.0,71.0
6bba_05b6850b,1.4647552056572457,101.64234543708984,1,0.9765955209732056,15,1162.0,1234.0,0.9765625,1.0,73.0
6bba_05b6850b,0.0,,1,0.9157953262329102,66,4762.0,4835.0,0.916015625,1.0,74.0
6bba_05b6850b,0.0,,1,0.953078031539917,4,338.0,414.0,0.953125,1.0,77.0
6bba_05b6850b,0.5745242597140698,109.47122063449069,1,0.9775422811508179,98,7091.0,7159.0,0.9775390625,1.0,66.0
6bba_05b6850b,0.40625,180.0,1,0.9097443222999573,93,6732.0,6800.0,0.90966796875,1.0,65.0
6bba_05b6850b,2.569350598886808,,1,0.9516869187355042,60,4295.0,4373.0,0.95166015625,1.0,76.0
6bba_05b6850b,1.4647552056572457,146.30993247402023,1,0.9678129553794861,23,1737.0,1802.0,0.9677734375,1.0,65.0
6bba_05b6850b,1.6750116604071745,80.12503860217872,1,0.9289383888244629,32,2303.0,2361.0,0.9287109375,1.0,57.0
6bba_05b6850b,1.6750116604071745,103.60896063078293,1,0.9633685946464539,14,1089.0,1162.0,0.96337890625,1.0,72.0
6bba_05b6850b,0.0,,1,0.9816607236862183,72,5209.0,5278.0,0.9814453125,1.0,69.0
6bba_05b6850b,0.5745242597140698,135.0,1,0.9536911249160767,31,2237.0,2296.0,0.95361328125,1.0,59.0
6bba_05b6850b,1.6750116604071745,,1,0.9200307130813599,67,4883.0,4959.0,0.919921875,1.0,73.0
6bba_05b6850b,0.40625,63.43494882292201,1,0.9818555116653442,49,3407.0,3481.0,0.98193359375,1.0,74.0
6bba_05b6850b,1.1490485194281397,45.0,1,0.9754762649536133,20,1543.0,1606.0,0.9755859375,1.0,68.0
6bba_05b6850b,1.6750116604071745,167.47119229084848,1,0.9642981290817261,94,6785.0,6850.0,0.96435546875,1.0,70.0
6bba_05b6850b,1.625,90.0,1,0.9636730551719666,3,256.0,336.0,0.9638671875,1.0,79.0
6bba_05b6850b,1.7235727791422095,90.0,1,0.5749037265777588,44,3095.0,3164.0,0.57470703125,1.0,73.0
6bba_05b6850b,0.0,,1,0.9589408040046692,57,4090.0,4172.0,0.958984375,1.0,80.0
6bba_05b6850b,0.8125,180.0,1,0.9861467480659485,79,5711.0,5778.0,0.986328125,1.0,68.0
6bba_05b6850b,0.40625,26.565051177077994,1,0.9980879426002502,36,2578.0,2633.0,0.998046875,1.0,56.0
6bba_05b6850b,0.9084026158592896,77.47119229084849,1,0.8234513998031616,17,1314.0,1393.0,0.8232421875,1.0,80.0
6bba_05b6850b,0.40625,180.0,1,0.9763510227203369,20,1544.0,1608.0,0.9765625,1.0,68.0
6bba_05b6850b,1.86167137607581,128.58020579654792,1,0.8851765990257263,49,3414.0,3488.0,0.88525390625,1.0,74.0
6bba_05b6850b,0.5745242597140698,90.0,1,0.9427156448364258,3,260.0,338.0,0.94287109375,1.0,79.0
6bba_05b6850b,0.5745242597140698,108.43494882292201,1,0.9720078110694885,1,150.0,231.0,0.97216796875,1.0,81.0
6bba_05b6850b,0.40625,135.0,1,0.9860067367553711,81,5899.0,5979.0,0.98583984375,1.0,78.0
6bba_05b6850b,1.8168052317185792,134.47910057477236,1,0.7126073837280273,40,2823.0,2886.0,0.71240234375,1.0,63.0
6bba_05b6850b,1.21875,45.0,1,0.9164921045303345,7,612.0,682.0,0.91650390625,1.0,75.0
6bba_05b6850b,0.40625,116.56505117707799,1,0.6842657327651978,55,3878.0,3970.0,0.68408203125,1.0,90.0
6bba_05b6850b,0.0,,1,0.9902734160423279,66,4811.0,4884.0,0.990234375,1.0,74.0
6bba_05b6850b,2.1877232028983924,,1,0.9778218865394592,23,1778.0,1846.0,0.97802734375,1.0,65.0
6bba_05b6850b,0.9084026158592896,153.434948822922,1,0.9918238520622253,35,2523.0,2578.0,0.99169921875,1.0,57.0
6bba_05b6850b,0.40625,104.03624346792648,1,0.9831941723823547,33,2359.0,2420.0,0.9833984375,1.0,62.0
6bba_05b6850b,0.40625,90.0,1,0.9328362345695496,36,2533.0,2589.0,0.9326171875,1.0,56.0
6bba_05b6850b,5.154734625807618,,1,0.6131219863891602,60,4353.0,4433.0,0.61328125,1.0,76.0
6bba_05b6850b,0.8125,90.0,1,0.5130914449691772,56,4041.0,4118.0,0.51318359375,1.0,88.0
6bba_05b6850b,0.8125,102.60438264837919,1,0.9535382986068726,22,1671.0,1737.0,0.95361328125,1.0,65.0
6bba_05b6850b,0.40625,153.434948822922,1,0.9834361672401428,25,1863.0,1931.0,0.9833984375,1.0,68.0
6bba_05b6850b,0.0,,1,0.9601505994796753,42,2912.0,2981.0,0.9599609375,1.0,67.0
6bba_05b6850b,3.494694639736067,74.93363908449489,1,0.8624035716056824,8,679.0,752.0,0.8623046875,1.0,71.0
6bba_05b6850b,1.7235727791422095,161.565051177078,1,0.8954371213912964,92,6650.0,6713.0,0.8955078125,1.0,61.0
6bba_05b6850b,3.9804208320226646,160.5287793655093,1,0.9710590243339539,86,6213.0,6287.0,0.97119140625,1.0,73.0
6bba_05b6850b,1.86167137607581,62.42495228952325,1,0.8735586404800415,26,1974.0,2034.0,0.87353515625,1.0,64.0
6bba_05b6850b,0.0,,1,0.9813701510429382,59,4281.0,4357.0,0.9814453125,1.0,77.0
6bba_05b6850b,0.9084026158592896,108.43494882292201,1,0.9918135404586792,65,4737.0,4811.0,0.99169921875,1.0,73.0
6bba_05b6850b,1.86167137607581,109.99156072714145,1,0.9947322607040405,68,4930.0,5001.0,0.99462890625,1.0,73.0
6bba_05b6850b,0.0,,1,0.8617947101593018,42,2915.0,2984.0,0.86181640625,1.0,67.0
6bba_05b6850b,2.0714766773970688,146.88865803962798,1,0.9561132788658142,18,1391.0,1469.0,0.9560546875,1.0,75.0
6bba_05b6850b,1.86167137607581,62.42495228952325,1,0.9664266109466553,21,1606.0,1671.0,0.96630859375,1.0,62.0
6bba_05b6850b,1.8168052317185792,,1,0.992034375667572,40,2821.0,2888.0,0.9921875,1.0,63.0
6bba_05b6850b,0.0,,1,0.9809178113937378,73,5324.0,5397.0,0.98095703125,1.0,73.0
6bba_05b6850b,0.0,,1,0.9503354430198669,4,336.0,412.0,0.9501953125,1.0,77.0
6bba_05b6850b,1.6750116604071745,15.708637829015716,1,0.8903169631958008,92,6651.0,6714.0,0.89013671875,1.0,61.0
6bba_05b6850b,0.0,,1,0.983688473701477,76,5539.0,5611.0,0.98388671875,1.0,73.0
6bba_05b6850b,1.9902104160113323,124.48138937198158,1,0.9404386281967163,94,6784.0,6848.0,0.9404296875,1.0,70.0
6bba_05b6850b,1.284675299443404,64.89590974977862,1,0.9667616486549377,93,6729.0,6797.0,0.966796875,1.0,65.0
6bba_05b6850b,0.9084026158592896,108.43494882292201,1,0.9614063501358032,80,5766.0,5840.0,0.96142578125,1.0,71.0
6bba_05b6850b,0.0,,1,0.9015534520149231,39,2719.0,2783.0,0.9013671875,1.0,64.0
6bba_05b6850b,1.86167137607581,112.97690332020989,1,0.9462235569953918,18,1393.0,1471.0,0.9462890625,1.0,75.0
6bba_05b6850b,1.4647552056572457,123.69006752597979,1,0.9718837738037109,73,5330.0,5401.0,0.9716796875,1.0,73.0
6bba_05b6850b,1.86167137607581,64.12330993917249,1,0.986929178237915,36,2576.0,2630.0,0.98681640625,1.0,56.0
6bba_05b6850b,2.1877232028983924,127.15760643716396,1,0.9437252879142761,17,1313.0,1391.0,0.94384765625,1.0,80.0
6bba_05b6850b,0.40625,18.434948822921996,1,0.8978882431983948,29,2165.0,2226.0,0.89794921875,1.0,65.0
6bba_05b6850b,0.9084026158592896,161.56505117707798,1,0.981704831123352,24,1794.0,1863.0,0.98193359375,1.0,68.0
6bba_05b6850b,0.0,,1,0.9829329252243042,42,2955.0,3024.0,0.98291015625,1.0,67.0
6bba_05b6850b,0.40625,,1,0.9899465441703796,74,5397.0,5468.0,0.98974609375,1.0,72.0
6bba_05b6850b,2.632800908728193,,1,0.9237839579582214,81,5857.0,5936.0,0.923828125,1.0,78.0
6bba_05b6850b,1.8168052317185792,103.71088592962406,1,0.9885226488113403,29,2167.0,2227.0,0.98828125,1.0,65.0
6bba_05b6850b,0.40625,90.0,1,0.9688571095466614,30,2177.0,2237.0,0.96875,1.0,59.0
6bba_05b6850b,1.6750116604071745,14.036243467926457,1,0.9711453914642334,69,4994.0,5068.0,0.97119140625,1.0,73.0
6bba_05b6850b,0.0,,1,0.9070459008216858,10,833.0,906.0,0.9072265625,1.0,76.0
6bba_05b6850b,1.86167137607581,29.205932247399414,1,0.9969333410263062,18,1439.0,1517.0,0.9970703125,1.0,75.0
6bba_05b6850b,2.6012692214570947,,1,0.9606221318244934,43,2981.0,3047.0,0.96044921875,1.0,69.0
6bba_05b6850b,0.9084026158592896,83.94925398408826,1,0.9531246423721313,6,486.0,558.0,0.953125,1.0,72.0
6bba_05b6850b,0.0,,1,0.9451577663421631,4,388.0,463.0,0.9453125,1.0,77.0
6bba_05b6850b,3.374565944310468,155.45663233149568,1,0.9517477750778198,9,752.0,833.0,0.95166015625,1.0,82.0
6bba_05b6850b,0.5745242597140698,108.43494882292202,1,0.9257624745368958,78,5641.0,5710.0,0.92578125,1.0,71.0
6bba_05b6850b,0.8125,108.43494882292201,1,0.9869057536125183,91,6631.0,6692.0,0.98681640625,1.0,71.0
6bba_05b6850b,0.8125,,1,0.9395349025726318,77,5575.0,5648.0,0.939453125,1.0,71.0
6bba_05b6850b,0.8125,90.0,1,0.9369754195213318,56,4010.0,4090.0,0.93701171875,1.0,88.0
6bba_05b6850b,0.9084026158592896,,1,0.9564846158027649,51,3609.0,3688.0,0.95654296875,1.0,79.0
6bba_05b6850b,1.6750116604071745,75.96375653207353,1,0.9382110834121704,80,5793.0,5869.0,0.93798828125,1.0,71.0
6bba_05b6850b,0.8125,77.39561735162081,1,0.9592505693435669,89,6459.0,6529.0,0.95947265625,1.0,69.0
6bba_05b6850b,1.6750116604071745,102.52880770915151,1,0.9527685642242432,69,4995.0,5070.0,0.95263671875,1.0,73.0
6bba_05b6850b,0.5745242597140698,71.56505117707799,1,0.9857894778251648,26,1958.0,2018.0,0.98583984375,1.0,64.0
6bba_05b6850b,0.8125,103.63302222536642,1,0.9387007355690002,35,2519.0,2576.0,0.9384765625,1.0,57.0
6bba_05b6850b,0.40625,56.145485187379485,1,0.9572089910507202,6,489.0,561.0,0.95703125,1.0,72.0
6bba_05b6850b,0.40625,78.69006752597979,1,0.9579565525054932,19,1469.0,1543.0,0.9580078125,1.0,76.0
6bba_05b6850b,0.9084026158592896,26.565051177077994,1,0.8149836659431458,7,606.0,679.0,0.81494140625,1.0,75.0
6bba_05b6850b,0.5745242597140698,161.56505117707798,1,0.9313600063323975,34,2445.0,2504.0,0.93115234375,1.0,61.0
6bba_05b6850b,2.632800908728193,,1,0.9281896948814392,0,49.0,121.0,0.92822265625,1.0,78.0
6bba_05b6850b,0.5745242597140698,23.198590513648202,1,0.8818511366844177,24,1842.0,1910.0,0.8818359375,1.0,68.0
6bba_05b6850b,1.8168052317185792,151.43917478218876,1,0.9461219906806946,88,6389.0,6464.0,0.9462890625,1.0,73.0
6bba_05b6850b,2.0714766773970688,33.69006752597977,1,0.9683703780174255,16,1230.0,1305.0,0.96826171875,1.0,75.0
6bba_05b6850b,2.333728575156074,52.014832700644405,1,0.9973621964454651,14,1136.0,1211.0,0.99755859375,1.0,72.0
6bba_05b6850b,1.8168052317185792,71.56505117707799,1,0.967004120349884,73,5281.0,5352.0,0.966796875,1.0,73.0
6bba_05b6850b,1.7235727791422095,,1,0.9667643904685974,5,412.0,486.0,0.966796875,1.0,75.0
6bba_05b6850b,3.494694639736067,,1,0.865574300289154,28,2054.0,2115.0,0.86572265625,1.0,63.0
6bba_05b6850b,5.658407737606049,,1,0.9702226519584656,63,4548.0,4616.0,0.97021484375,1.0,71.0
6bba_05b6850b,1.86167137607581,18.98375285682199,1,0.9008272886276245,75,5431.0,5502.0,0.90087890625,1.0,71.0
6bba_05b6850b,0.0,,1,0.5628077387809753,59,4280.0,4356.0,0.56298828125,1.0,77.0
6bba_05b6850b,1.8168052317185792,153.434948822922,1,0.8566223382949829,30,2224.0,2282.0,0.8564453125,1.0,59.0
6bba_05b6850b,0.9084026158592896,8.537736462515939e-07,1,0.9975458979606628,20,1588.0,1649.0,0.99755859375,1.0,68.0
6bba_05b6850b,0.8125,63.43494882292201,1,0.9883034229278564,85,6206.0,6279.0,0.98828125,1.0,71.0
6bba_05b6850b,0.40625,90.0,1,0.9514672160148621,40,2820.0,2885.0,0.95166015625,1.0,63.0
6bba_05b6850b,1.284675299443404,,1,0.9502317905426025,13,1010.0,1084.0,0.9501953125,1.0,76.0
6bba_05b6850b,2.0714766773970688,,1,0.8980154991149902,11,906.0,983.0,0.89794921875,1.0,73.0
6bba_05b6850b,2.8726212985703494,48.17983011986423,1,0.9139650464057922,16,1234.0,1313.0,0.9140625,1.0,75.0
6bba_05b6850b,0.40625,180.0,1,0.973050057888031,95,6847.0,6911.0,0.97314453125,1.0,66.0
6bba_05b6850b,0.40625,69.5895544783415,1,0.8800877332687378,2,178.0,256.0,0.8798828125,1.0,81.0
6bba_05b6850b,1.6750116604071745,99.87496139782128,1,0.9683817625045776,72,5217.0,5288.0,0.96826171875,1.0,69.0
6bba_05b6850b,0.0,,1,0.9797016382217407,97,6980.0,7048.0,0.9794921875,1.0,68.0
6bba_05b6850b,0.8125,63.43494882292201,1,0.9870222210884094,79,5754.0,5826.0,0.98681640625,1.0,68.0
6bba_05b6850b,0.0,,1,0.9811108708381653,52,3681.0,3760.0,0.98095703125,1.0,80.0
6bba_05b6850b,1.284675299443404,107.34606529266995,1,0.8804701566696167,45,3128.0,3198.0,0.88037109375,1.0,70.0
6bba_05b6850b,0.8125,45.0,1,0.9877079725265503,16,1287.0,1365.0,0.98779296875,1.0,75.0
6bba_05b6850b,1.8168052317185792,60.7940677526006,1,0.9905592203140259,19,1517.0,1588.0,0.99072265625,1.0,76.0
6bba_05b6850b,0.8125,114.09484255211069,1,0.9426539540290833,95,6848.0,6912.0,0.94287109375,1.0,66.0
6bba_05b6850b,0.0,,1,0.9565577507019043,27,2004.0,2066.0,0.95654296875,1.0,61.0
6bba_05b6850b,1.6750116604071745,,1,0.8098640441894531,63,4585.0,4660.0,0.81005859375,1.0,71.0
6bba_05b6850b,0.8125,135.0,1,0.9733578562736511,35,2496.0,2552.0,0.97314453125,1.0,57.0
6bba_05b6850b,0.0,,1,0.9612849354743958,57,4083.0,4165.0,0.96142578125,1.0,80.0
6bba_05b6850b,1.8168052317185792,90.0,1,0.9142673015594482,25,1896.0,1958.0,0.9140625,1.0,68.0
6bba_05b6850b,3.494694639736067,109.19583368092624,1,0.5668370127677917,64,4662.0,4732.0,0.56689453125,1.0,82.0
6bba_05b6850b,2.7252078475778685,155.6217020673771,1,0.965435802936554,37,2630.0,2691.0,0.96533203125,1.0,54.0
6bba_05b6850b,0.40625,180.0,1,0.9907143115997314,87,6344.0,6419.0,0.99072265625,1.0,71.0
6bba_05b6850b,3.350023320814349,99.87496139782128,1,0.9450061321258545,89,6449.0,6517.0,0.94482421875,1.0,69.0
6bba_05b6850b,1.4647552056572457,,1,0.8913847804069519,41,2835.0,2903.0,0.8916015625,1.0,66.0
6bba_05b6850b,1.625,165.96375653207352,1,0.9796894788742065,82,5981.0,6055.0,0.9794921875,1.0,79.0
6bba_05b6850b,1.6750116604071745,37.78683560722211,1,0.8639917373657227,71,5142.0,5221.0,0.86376953125,1.0,83.0
6bba_05b6850b,0.5745242597140698,0.0,1,0.8788131475448608,25,1910.0,1974.0,0.87890625,1.0,68.0
6bba_05b6850b,1.1490485194281397,,1,0.9157384037971497,13,1063.0,1135.0,0.91552734375,1.0,76.0
6bba_05b6850b,2.6012692214570947,128.6598082540901,1,0.9671825170516968,21,1648.0,1713.0,0.96728515625,1.0,62.0
6bba_05b6850b,1.21875,63.43494882292201,1,0.9758173227310181,24,1828.0,1896.0,0.9755859375,1.0,68.0
6bba_05b6850b,1.284675299443404,98.13010235415598,1,0.9587079286575317,38,2650.0,2717.0,0.95849609375,1.0,66.0
6bba_05b6850b,1.9902104160113323,54.735610317245346,1,0.9458361864089966,2,231.0,309.0,0.94580078125,1.0,81.0
6bba_05b6850b,0.9084026158592896,109.26775365197587,1,0.9687654972076416,61,4400.0,4477.0,0.96875,1.0,77.0
6bba_05b6850b,0.5745242597140698,180.0,1,0.9798988103866577,82,5987.0,6059.0,0.97998046875,1.0,79.0
6bba_05b6850b,0.9084026158592896,108.43494882292201,1,0.9806326031684875,51,3600.0,3681.0,0.98046875,1.0,79.0
6bba_05b6850b,1.86167137607581,60.849323510822046,1,0.7659888863563538,54,3866.0,3954.0,0.76611328125,1.0,90.0
6bba_05b6850b,0.0,,1,0.9433883428573608,80,5792.0,5868.0,0.943359375,1.0,71.0
6bba_05b6850b,0.40625,62.06164727039765,1,0.9476794004440308,44,3047.0,3123.0,0.94775390625,1.0,73.0
6bba_05b6850b,1.8168052317185792,139.3987053549955,1,0.9368994832038879,83,5994.0,6067.0,0.93701171875,1.0,72.0
6bba_05b6850b,2.8145825622994254,143.1913349270504,1,0.9812790155410767,85,6142.0,6213.0,0.9814453125,1.0,71.0
6bba_05b6850b,0.0,,1,0.9960576295852661,21,1649.0,1714.0,0.99609375,1.0,62.0
6bba_05b6850b,0.40625,0.0,1,0.9840173125267029,41,2885.0,2955.0,0.98388671875,1.0,66.0
6bba_05b6850b,5.025034981221523,149.1543741614983,1,0.944305956363678,9,721.0,805.0,0.9443359375,1.0,82.0
6bba_05b6850b,0.0,,1,0.9745936393737793,12,986.0,1062.0,0.974609375,1.0,78.0
6bba_05b6850b,0.40625,161.565051177078,1,0.8924536108970642,46,3198.0,3268.0,0.892578125,1.0,70.0
6bba_05b6850b,2.0714766773970688,67.61986494804043,1,0.9006393551826477,93,6701.0,6767.0,0.90087890625,1.0,65.0
6bba_05b6850b,0.9084026158592896,153.434948822922,1,0.9039005041122437,96,6912.0,6979.0,0.90380859375,1.0,65.0
6bba_05b6850b,0.9084026158592896,26.565051177077994,1,0.8892501592636108,48,3325.0,3401.0,0.88916015625,1.0,73.0
6bba_05b6850b,0.9084026158592896,161.56505117707798,1,0.9593604207038879,79,5750.0,5820.0,0.95947265625,1.0,68.0
6bba_05b6850b,1.86167137607581,102.60438264837919,1,0.923050045967102,88,6385.0,6459.0,0.9228515625,1.0,73.0
6bba_05b6850b,0.40625,107.34606529266995,1,0.97844398021698,38,2691.0,2757.0,0.978515625,1.0,66.0
6bba_05b6850b,0.40625,116.56505117707799,1,0.9737949967384338,96,6915.0,6980.0,0.9736328125,1.0,65.0
6bba_05b6850b,3.2752922102462856,,1,0.9600319862365723,63,4535.0,4604.0,0.9599609375,1.0,71.0
6bba_05b6850b,2.1877232028983924,68.1985905136482,1,0.9581373929977417,87,6299.0,6373.0,0.9580078125,1.0,71.0
6bba_05b6850b,1.21875,90.0,1,,64,4661.0,4735.0,0.44921875,1.0,82.0
6bba_05b6850b,1.1490485194281397,90.0,1,0.9777352809906006,71,5138.0,5217.0,0.9775390625,1.0,83.0
6bba_05b6850b,1.8168052317185792,5.906141113770496,1,0.997075080871582,38,2694.0,2759.0,0.9970703125,1.0,66.0
6bba_05b6850b,1.7235727791422095,107.34606529266995,1,0.9763651490211487,39,2717.0,2782.0,0.9765625,1.0,64.0
6bba_05b6850b,0.40625,26.565051177077994,1,0.9614586234092712,81,5840.0,5918.0,0.96142578125,1.0,78.0
6bba_05b6850b,0.0,,1,0.9789556264877319,27,2000.0,2061.0,0.97900390625,1.0,61.0
6bba_05b6850b,4.375446405796785,,1,0.9212864637374878,63,4536.0,4605.0,0.92138671875,1.0,71.0
6bba_05b6850b,1.6750116604071745,14.036243467926484,1,0.9466444253921509,83,6027.0,6101.0,0.94677734375,1.0,72.0
6bba_05b6850b,0.0,,1,,52,3689.0,3766.0,0.333251953125,2.0,80.0
6bba_05b6850b,0.9084026158592896,63.43494882292201,1,0.9579393863677979,85,6202.0,6273.0,0.9580078125,1.0,71.0
6bba_05b6850b,0.8125,0.0,1,0.93938809633255,45,3123.0,3190.0,0.939453125,1.0,70.0
6bba_05b6850b,1.284675299443404,,1,0.9935306906700134,43,3022.0,3094.0,0.99365234375,1.0,69.0
6bba_05b6850b,1.1490485194281397,80.12503860217872,1,0.9943268895149231,84,6127.0,6201.0,0.994140625,1.0,75.0
6bba_05b6850b,0.8125,90.0,1,0.9776570200920105,93,6753.0,6822.0,0.9775390625,1.0,65.0
6bba_05b6850b,1.86167137607581,,1,0.9901933073997498,98,7048.0,7115.0,0.990234375,1.0,66.0
6bba_05b6850b,1.4647552056572457,29.744881296942236,1,0.9120199680328369,48,3377.0,3455.0,0.912109375,1.0,73.0
6bba_05b6850b,1.21875,,1,0.9637783169746399,77,5614.0,5686.0,0.9638671875,1.0,71.0
6bba_05b6850b,0.0,,1,0.9521372318267822,27,2001.0,2062.0,0.9521484375,1.0,61.0
6bba_05b6850b,1.1490485194281397,80.12503860217872,1,0.9856841564178467,82,5930.0,6008.0,0.98583984375,1.0,79.0
6bba_05b6850b,0.0,,1,0.9785975813865662,62,4475.0,4548.0,0.978515625,1.0,74.0
6bba_05b6850b,1.6750116604071745,,1,0.9664648175239563,43,3024.0,3096.0,0.96630859375,1.0,69.0
6bba_05b6850b,0.8125,135.0,1,0.9851020574569702,84,6130.0,6202.0,0.98486328125,1.0,75.0
6bba_05b6850b,1.86167137607581,32.13363758285745,1,0.8154669404029846,44,3039.0,3115.0,0.8154296875,1.0,73.0
6bba_05b6850b,0.8125,26.565051177077994,1,0.9282636046409607,7,558.0,630.0,0.92822265625,1.0,75.0
6bba_05b6850b,2.2980970388562794,,1,0.5740304589271545,77,5616.0,5688.0,0.57421875,1.0,71.0
6bba_05b6850b,0.8125,,1,0.9723911285400391,63,4584.0,4661.0,0.97216796875,1.0,71.0
6bba_05b6850b,2.0714766773970688,56.309932474020215,1,0.9839305281639099,36,2545.0,2599.0,0.98388671875,1.0,56.0
6bba_05b6850b,2.03125,10.304846468766044,1,0.9904472827911377,47,3305.0,3375.0,0.990234375,1.0,71.0
6bba_05b6850b,0.5745242597140698,,1,0.9652392864227295,78,5628.0,5698.0,0.96533203125,1.0,71.0
6bba_05b6850b,0.0,,1,0.9650013446807861,88,6371.0,6446.0,0.96484375,1.0,73.0
6bba_05b6850b,2.1877232028983924,138.3664606634298,1,0.9803919196128845,1,100.0,184.0,0.98046875,1.0,81.0
6bba_05b6850b,1.86167137607581,77.39561735162081,1,0.9766330718994141,7,561.0,633.0,0.9765625,1.0,75.0
6bba_05b6850b,0.0,,1,0.9631081223487854,5,463.0,537.0,0.962890625,1.0,75.0
6bba_05b6850b,3.1729139308370784,,1,0.975989818572998,28,2081.0,2146.0,0.97607421875,1.0,63.0
6bba_05b6850b,0.8125,18.434948822921996,1,0.9557323455810547,47,3310.0,3383.0,0.95556640625,1.0,71.0
6bba_05b6850b,3.65625,,1,0.9752328991889954,23,1746.0,1809.0,0.97509765625,1.0,65.0
6bba_05b6850b,0.9084026158592896,108.43494882292201,1,0.9471951127052307,32,2316.0,2378.0,0.947265625,1.0,57.0
6bba_05b6850b,0.5745242597140698,145.5037627099091,1,0.9836995601654053,72,5211.0,5281.0,0.98388671875,1.0,69.0
6bba_05b6850b,2.0714766773970688,87.27368900609373,1,0.9562370777130127,86,6242.0,6316.0,0.9560546875,1.0,73.0
6bba_05b6850b,1.7235727791422095,108.43494882292201,1,0.5318183302879333,15,1210.0,1286.0,0.53173828125,1.0,73.0
6bba_05b6850b,0.5745242597140698,71.56505117707799,1,0.9887535572052002,50,3494.0,3577.0,0.98876953125,1.0,77.0
6bba_05b6850b,0.0,,1,0.9886388778686523,27,2037.0,2100.0,0.98876953125,1.0,61.0
6bba_05b6850b,1.8168052317185792,81.86989764584403,1,0.9568531513214111,49,3426.0,3494.0,0.95703125,1.0,74.0
6bba_05b6850b,1.8168052317185792,70.15054759332222,1,0.956885576248169,54,3833.0,3919.0,0.95703125,1.0,90.0
6bba_05b6850b,0.0,,1,0.9534255862236023,76,5501.0,5574.0,0.95361328125,1.0,73.0
6bba_05b6850b,3.5648292823780494,78.23729307428769,1,0.6563180088996887,41,2886.0,2954.0,0.65625,1.0,66.0
6bba_05b6850b,0.40625,90.0,1,0.9757665991783142,44,3096.0,3168.0,0.9755859375,1.0,73.0
6bba_05b6850b,0.8125,116.56505117707799,1,0.9699406027793884,86,6273.0,6344.0,0.9697265625,1.0,73.0
6bba_05b6850b,1.6750116604071745,83.77314970286564,1,0.9641034007072449,68,4906.0,4979.0,0.9638671875,1.0,73.0
6bba_05b6850b,1.21875,76.3669777746336,1,0.9392138123512268,49,3436.0,3505.0,0.939453125,1.0,74.0
6bba_05b6850b,2.4375,158.19859051364818,1,0.916245698928833,25,1872.0,1939.0,0.916015625,1.0,68.0
6bba_05b6850b,1.7235727791422095,146.4426902380793,1,0.9465467929840088,78,5658.0,5725.0,0.94677734375,1.0,71.0
6bba_05b6850b,3.350023320814349,136.68614334171696,1,0.9248607158660889,82,5918.0,5994.0,0.9248046875,1.0,79.0
6bba_05b6850b,0.0,,1,0.9293188452720642,76,5502.0,5575.0,0.92919921875,1.0,73.0
6bba_05b6850b,0.40625,135.0,1,0.9782125353813171,75,5440.0,5511.0,0.97802734375,1.0,71.0
6bba_05b6850b,4.958913218891817,79.44461953393882,1,0.9701116681098938,8,636.0,705.0,0.97021484375,1.0,71.0
6bba_05b6850b,1.21875,56.145485187379485,1,0.9887223243713379,22,1687.0,1753.0,0.98876953125,1.0,65.0
6bba_05b6850b,0.5745242597140698,135.0,1,0.9730049967765808,34,2435.0,2496.0,0.97314453125,1.0,61.0
6bba_05b6850b,0.8125,90.0,1,0.9665403962135315,83,6024.0,6096.0,0.96630859375,1.0,72.0
6bba_05b6850b,0.9084026158592896,119.20593224739943,1,0.9537942409515381,33,2365.0,2428.0,0.95361328125,1.0,62.0
6bba_05b6850b,0.9084026158592896,96.22685029713438,1,0.952023983001709,36,2541.0,2596.0,0.9521484375,1.0,56.0
6bba_05b6850b,0.9084026158592896,45.00000000000001,1,0.9689558148384094,61,4373.0,4451.0,0.96875,1.0,77.0
6bba_05b6850b,0.8125,90.0,1,0.978429913520813,10,788.0,862.0,0.978515625,1.0,76.0
6bba_05b6850b,5.154734625807618,71.62444571431509,1,0.8687037229537964,8,682.0,755.0,0.86865234375,1.0,71.0
6bba_05b6850b,0.40625,116.56505117707799,1,0.928429365158081,33,2378.0,2435.0,0.92822265625,1.0,62.0
6bba_05b6850b,2.03125,133.4842232491903,1,0.9218510985374451,9,699.0,784.0,0.921875,1.0,82.0
6bba_05b6850b,0.0,,1,0.9771097302436829,76,5542.0,5614.0,0.97705078125,1.0,73.0
6bba_05b6850b,2.0714766773970688,121.37782917628937,1,0.9801397323608398,70,5103.0,5183.0,0.97998046875,1.0,74.0
6bba_05b6850b,0.5745242597140698,,1,0.9345993995666504,98,7046.0,7113.0,0.9345703125,1.0,66.0
6bba_05b6850b,0.5745242597140698,96.3401917459099,1,0.9586717486381531,61,4384.0,4463.0,0.95849609375,1.0,77.0
6bba_05b6850b,1.8168052317185792,63.8961188626601,1,0.9459476470947266,29,2138.0,2201.0,0.94580078125,1.0,65.0
6bba_05b6850b,1.7235727791422095,103.63302222536642,1,0.9848151206970215,80,5778.0,5853.0,0.98486328125,1.0,71.0
6bba_05b6850b,0.0,,1,0.9222279191017151,66,4763.0,4836.0,0.92236328125,1.0,74.0
6bba_05b6850b,0.9084026158592896,53.13010235415599,1,0.9357584714889526,47,3306.0,3377.0,0.935546875,1.0,71.0
6bba_05b6850b,0.0,,1,0.9808805584907532,42,2926.0,2995.0,0.98095703125,1.0,67.0
6bba_05b6850b,1.1490485194281397,26.56505117707798,1,0.9835699200630188,18,1407.0,1486.0,0.9833984375,1.0,75.0
6bba_05b6850b,0.5745242597140698,81.12360491902666,1,0.9281641840934753,50,3488.0,3566.0,0.92822265625,1.0,77.0
6bba_05b6850b,2.333728575156074,116.82939845310757,1,0.987241268157959,92,6653.0,6716.0,0.9873046875,1.0,61.0
6bba_05b6850b,0.0,,1,0.9474003911018372,4,340.0,416.0,0.947265625,1.0,77.0
6bba_05b6850b,4.89189779763437,166.19374509959428,1,0.9878289699554443,9,703.0,788.0,0.98779296875,1.0,82.0
6bba_05b6850b,0.0,,1,0.6057826280593872,76,5544.0,5616.0,0.60595703125,1.0,73.0
6bba_05b6850b,0.0,,1,0.9647358655929565,77,5556.0,5628.0,0.96484375,1.0,71.0
6bba_05b6850b,2.4375,90.0,1,,56,3970.0,4057.0,0.435791015625,2.0,88.0
6bba_05b6850b,0.40625,126.86989764584402,1,0.9737990498542786,89,6432.0,6499.0,0.9736328125,1.0,69.0
6bba_05b6850b,0.0,,1,0.9662197828292847,66,4768.0,4841.0,0.96630859375,1.0,74.0
6bba_05b6850b,1.6750116604071745,149.0362434679265,1,0.9732962846755981,69,4969.0,5045.0,0.97314453125,1.0,73.0
6bba_05b6850b,1.8168052317185792,153.434948822922,1,0.9183111786842346,23,1738.0,1803.0,0.91845703125,1.0,65.0
6bba_05b6850b,0.0,,1,0.9560112953186035,4,360.0,435.0,0.9560546875,1.0,77.0
6bba_05b6850b,1.6750116604071745,29.8050287753362,1,0.9601762890815735,74,5351.0,5423.0,0.9599609375,1.0,72.0
6bba_05b6850b,0.9084026158592896,150.25511870305778,1,0.965217649936676,74,5401.0,5470.0,0.96533203125,1.0,72.0
6bba_05b6850b,2.7252078475778685,,1,0.926781177520752,77,5568.0,5641.0,0.9267578125,1.0,71.0
6bba_05b6850b,0.40625,135.0,1,0.9758086204528809,31,2244.0,2300.0,0.9755859375,1.0,59.0
6bba_05b6850b,1.86167137607581,64.12330993917249,1,0.960168719291687,56,3985.0,4070.0,0.9599609375,1.0,88.0
6bba_05b6850b,0.0,,1,0.9687737226486206,62,4512.0,4585.0,0.96875,1.0,74.0
6bba_05b6850b,1.6750116604071745,6.3040377072119735,1,0.9814427495002747,65,4700.0,4775.0,0.9814453125,1.0,73.0
6bba_05b6850b,8.175623542733605,170.28978798534683,1,0.9753216505050659,9,753.0,835.0,0.97509765625,1.0,82.0
6bba_05b6850b,1.8168052317185792,115.10409025022139,1,0.9840723872184753,74,5353.0,5425.0,0.98388671875,1.0,72.0
6bba_05b6850b,1.4647552056572457,172.87498365109815,1,0.97297602891922,34,2428.0,2488.0,0.97314453125,1.0,61.0
6bba_05b6850b,0.9084026158592896,18.434948822922035,1,0.9714644551277161,75,5413.0,5483.0,0.9716796875,1.0,71.0
6bba_05b6850b,3.65625,,1,0.921734094619751,53,3718.0,3807.0,0.921875,1.0,83.0
6bba_05b6850b,0.0,,1,0.9930590391159058,59,4241.0,4316.0,0.9931640625,1.0,77.0
6bba_05b6850b,1.6750116604071745,75.96375653207353,1,0.9822521209716797,80,5826.0,5904.0,0.982421875,1.0,71.0
6bba_05b6850b,1.7235727791422095,83.94925398408826,1,0.9549918174743652,30,2188.0,2245.0,0.955078125,1.0,59.0
6bba_05b6850b,0.9084026158592896,,1,0.9967915415763855,20,1560.0,1621.0,0.99658203125,1.0,68.0
6bba_05b6850b,1.1490485194281397,45.0,1,0.960472047328949,55,3897.0,3988.0,0.96044921875,1.0,90.0
6bba_05b6850b,1.6750116604071745,160.25007720435747,1,0.9845597743988037,81,5904.0,5981.0,0.984375,1.0,78.0
6bba_05b6850b,3.447145558284419,143.01237156139783,1,0.6350857615470886,9,755.0,836.0,0.63525390625,1.0,82.0
6bba_05b6850b,1.7235727791422095,90.0,1,0.9471027851104736,96,6930.0,6996.0,0.947265625,1.0,65.0
6bba_05b6850b,0.0,,1,0.8760318160057068,10,784.0,859.0,0.8759765625,1.0,76.0
6bba_05b6850b,1.625,62.29038921473756,1,0.9489240050315857,65,4732.0,4807.0,0.94873046875,1.0,73.0
6bba_05b6850b,0.0,,1,0.9813403487205505,59,4245.0,4320.0,0.9814453125,1.0,77.0
6bba_05b6850b,1.625,180.0,1,0.9142389893531799,66,4807.0,4880.0,0.9140625,1.0,74.0
6bba_05b6850b,1.86167137607581,102.60438264837919,1,0.9771618247032166,69,5031.0,5105.0,0.97705078125,1.0,73.0
6bba_05b6850b,0.40625,77.39561735162081,1,0.990017831325531,26,1977.0,2037.0,0.990234375,1.0,64.0
6bba_05b6850b,3.447145558284419,72.65393470733007,1,0.9586454629898071,48,3358.0,3436.0,0.95849609375,1.0,73.0
6bba_05b6850b,0.9084026158592896,,1,0.98335200548172,67,4835.0,4906.0,0.9833984375,1.0,73.0
6bba_05b6850b,0.0,,1,0.9908475875854492,19,1486.0,1560.0,0.99072265625,1.0,76.0
6bba_05b6850b,0.5745242597140698,180.0,1,0.9860682487487793,81,5903.0,5987.0,0.98583984375,1.0,78.0
6bba_05b6850b,1.86167137607581,60.7940677526006,1,0.9694939851760864,92,6652.0,6715.0,0.9697265625,1.0,61.0
6bba_05b6850b,5.041429918683786,,1,0.986403226852417,63,4550.0,4618.0,0.986328125,1.0,71.0
6bba_05b6850b,1.284675299443404,108.43494882292201,1,0.9869189858436584,90,6560.0,6631.0,0.98681640625,1.0,68.0
6bba_05b6850b,1.7235727791422095,166.36697777463363,1,0.7651798129081726,56,4045.0,4122.0,0.76513671875,1.0,88.0
6bba_05b6850b,0.5745242597140698,45.0,1,0.7443928718566895,87,6294.0,6369.0,0.74462890625,1.0,71.0
6bba_05b6850b,3.1729139308370784,13.24051991518721,1,0.8448494076728821,37,2596.0,2652.0,0.8447265625,1.0,54.0
6bba_05b6850b,1.625,,1,0.9228856563568115,67,4836.0,4909.0,0.9228515625,1.0,73.0
6bba_05b6850b,2.2980970388562794,18.434948822922035,1,0.95965576171875,2,179.0,260.0,0.95947265625,1.0,81.0
6bba_05b6850b,1.8168052317185792,102.52880770915151,1,0.8477230072021484,15,1164.0,1236.0,0.84765625,1.0,73.0
6bba_05b6850b,0.9084026158592896,102.52880770915151,1,0.9086482524871826,70,5056.0,5128.0,0.90869140625,1.0,74.0
6bba_05b6850b,4.375446405796785,,1,0.9467983841896057,60,4357.0,4437.0,0.94677734375,1.0,76.0
6bba_05b6850b,5.008586377412294,,1,0.982327938079834,63,4555.0,4624.0,0.982421875,1.0,71.0
6bba_05b6850b,0.5745242597140698,,1,0.961635947227478,6,537.0,612.0,0.96142578125,1.0,72.0
6bba_05b6850b,0.40625,90.0,1,0.9628626704216003,35,2478.0,2533.0,0.962890625,1.0,57.0
6bba_05b6850b,0.0,,1,0.9601905941963196,57,4057.0,4138.0,0.9599609375,1.0,80.0
6bba_05b6850b,0.5745242597140698,45.0,1,0.9706832766532898,55,3958.0,4046.0,0.970703125,1.0,90.0
6bba_05b6850b,0.0,,1,0.9579019546508789,42,2913.0,2982.0,0.9580078125,1.0,67.0
6bba_05b6850b,1.86167137607581,,1,0.895862877368927,13,1018.0,1092.0,0.89599609375,1.0,76.0
6bba_05b6850b,0.9084026158592896,153.434948822922,1,0.9434177875518799,21,1608.0,1673.0,0.943359375,1.0,62.0
6bba_05b6850b,2.1877232028983924,56.514623377007545,1,0.9707381129264832,2,184.0,263.0,0.970703125,1.0,81.0
6bba_05b6850b,2.6012692214570947,8.876395080973326,1,0.7033302187919617,82,5936.0,6011.0,0.703125,1.0,79.0
6bba_05b6850b,1.8168052317185792,161.565051177078,1,0.9742016792297363,40,2782.0,2844.0,0.97412109375,1.0,63.0
6bba_05b6850b,0.40625,90.0,1,0.9909676909446716,68,4952.0,5028.0,0.9912109375,1.0,73.0
6bba_05b6850b,0.0,,1,0.8784626722335815,80,5776.0,5852.0,0.87841796875,1.0,71.0
6bba_05b6850b,2.1877232028983924,54.45667749427009,1,0.980500340461731,21,1621.0,1687.0,0.98046875,1.0,62.0
6bba_05b6850b,0.0,,1,0.9666383266448975,12,936.0,1014.0,0.966796875,1.0,78.0
6bba_05b6850b,0.9084026158592896,113.57817847820183,1,0.9947236776351929,72,5251.0,5324.0,0.99462890625,1.0,69.0
6bba_05b6850b,0.40625,71.56505117707799,1,0.9631911516189575,94,6797.0,6864.0,0.96337890625,1.0,70.0
6bba_05b6850b,1.8168052317185792,67.15185148380601,1,0.9779977202415466,54,3821.0,3910.0,0.97802734375,1.0,90.0
6bba_05b6850b,0.8125,0.0,1,0.9875210523605347,54,3867.0,3958.0,0.9873046875,1.0,90.0
6bba_05b6850b,1.86167137607581,140.49028771380608,1,0.9791098833084106,25,1913.0,1977.0,0.97900390625,1.0,68.0
6bba_05b6850b,0.0,,1,0.9910152554512024,87,6349.0,6423.0,0.9912109375,1.0,71.0
6bba_05b6850b,0.0,,1,0.9764807224273682,26,1931.0,1993.0,0.9765625,1.0,64.0
6bba_05b6850b,2.03125,110.96336086917346,1,0.9750500321388245,88,6359.0,6432.0,0.97509765625,1.0,73.0
6bba_05b6850b,2.333728575156074,49.7320965807201,1,0.8814190626144409,38,2652.0,2719.0,0.88134765625,1.0,66.0
6bba_05b6850b,1.7235727791422095,140.49028771380608,1,0.9687755107879639,68,4895.0,4969.0,0.96875,1.0,73.0
6bba_05b6850b,1.284675299443404,64.76785955403538,1,0.987083911895752,17,1330.0,1407.0,0.9873046875,1.0,80.0
6bba_05b6850b,1.4647552056572457,75.6366973259296,1,0.9726917147636414,84,6067.0,6142.0,0.97265625,1.0,75.0
6bba_05b6850b,0.5745242597140698,135.0,1,0.9605903625488281,30,2186.0,2244.0,0.96044921875,1.0,59.0
6bba_05b6850b,0.0,,1,0.9490314722061157,57,4118.0,4199.0,0.94921875,1.0,80.0
6bba_05b6850b,0.5745242597140698,0.0,1,0.9794930815696716,26,1937.0,2000.0,0.9794921875,1.0,64.0
6bba_05b6850b,2.03125,,1,0.8877962827682495,43,2984.0,3053.0,0.8876953125,1.0,69.0
6bba_05b6850b,1.86167137607581,24.378297932622903,1,0.9607792496681213,38,2657.0,2724.0,0.9609375,1.0,66.0
6bba_05b6850b,0.5745242597140698,108.43494882292201,1,0.9466423988342285,87,6298.0,6371.0,0.94677734375,1.0,71.0
6bba_05b6850b,0.5745242597140698,,1,0.932811439037323,63,4580.0,4662.0,0.9326171875,1.0,71.0
6bba_05b6850b,0.5745242597140698,90.0,1,0.9600104689598083,96,6929.0,6995.0,0.9599609375,1.0,65.0
6bba_05b6850b,0.40625,135.0,1,0.9700541496276855,51,3613.0,3692.0,0.97021484375,1.0,79.0
6bba_05b6850b,1.6750116604071745,80.12503860217872,1,0.9473087191581726,83,6006.0,6077.0,0.947265625,1.0,72.0
6bba_05b6850b,2.6012692214570947,,1,,60,4356.0,4435.0,0.405029296875,1.0,76.0
6bba_05b6850b,0.0,,1,0.5818834900856018,52,3627.0,3707.0,0.58203125,1.0,80.0
6bba_05b6850b,1.284675299443404,69.81620322790722,1,0.9057227969169617,69,5001.0,5076.0,0.90576171875,1.0,73.0
6bba_05b6850b,1.1490485194281397,153.43494882292202,1,0.9259279370307922,85,6149.0,6222.0,0.92578125,1.0,71.0
6bba_05b6850b,0.5745242597140698,,1,0.9785993099212646,11,859.0,932.0,0.978515625,1.0,73.0
6bba_05b6850b,0.40625,116.56505117707799,1,0.9654094576835632,22,1673.0,1738.0,0.96533203125,1.0,65.0
6bba_05b6850b,1.6750116604071745,,1,0.9755927324295044,13,1014.0,1089.0,0.9755859375,1.0,76.0
6bba_05b6850b,2.0714766773970688,123.6900675259798,1,0.6502220034599304,73,5292.0,5366.0,0.650390625,1.0,73.0
6bba_05b6850b,1.6750116604071745,,1,0.5197062492370605,34,2461.0,2520.0,0.51953125,1.0,61.0
6bba_05b6850b,1.86167137607581,137.81313547305282,1,0.9581915736198425,90,6514.0,6582.0,0.9580078125,1.0,68.0
6bba_05b6850b,0.0,,1,0.9905012845993042,52,3638.0,3718.0,0.99072265625,1.0,80.0
6bba_05b6850b,1.7235727791422095,166.36697777463363,1,0.9655828475952148,79,5756.0,5825.0,0.9658203125,1.0,68.0
6bba_05b6850b,0.9084026158592896,153.434948822922,1,0.9827303886413574,88,6419.0,6489.0,0.98291015625,1.0,73.0
6bba_05b6850b,0.40625,104.03624346792648,1,0.9342479109764099,68,4959.0,5031.0,0.93408203125,1.0,73.0
6bba_05b6850b,2.03125,116.56505117707799,1,0.9781622290611267,6,509.0,581.0,0.97802734375,1.0,72.0
6bba_05b6850b,2.368824207280903,57.266740577083034,1,0.9579623341560364,70,5070.0,5142.0,0.9580078125,1.0,74.0
6bba_05b6850b,2.1877232028983924,,1,0.9441327452659607,5,414.0,489.0,0.9443359375,1.0,75.0
6bba_05b6850b,1.7235727791422095,,1,0.5949705243110657,77,5586.0,5657.0,0.5947265625,1.0,71.0
6bba_05b6850b,1.7235727791422095,166.36697777463363,1,0.8797113299369812,64,4660.0,4737.0,0.8798828125,1.0,82.0
6bba_05b6850b,0.8125,0.0,1,0.9670467972755432,30,2226.0,2284.0,0.96728515625,1.0,59.0
6bba_05b6850b,0.5745242597140698,63.43494882292201,1,0.9648876786231995,71,5186.0,5257.0,0.96484375,1.0,83.0
6bba_05b6850b,2.1877232028983924,68.1985905136482,1,0.9727747440338135,88,6418.0,6487.0,0.97265625,1.0,73.0
6bba_05b6850b,1.6750116604071745,83.77314970286564,1,0.8478793501853943,16,1236.0,1314.0,0.84765625,1.0,75.0
6bba_05b6850b,0.8125,180.0,1,0.9731332659721375,87,6345.0,6418.0,0.97314453125,1.0,71.0
6bba_05b6850b,0.9084026158592896,119.20593224739943,1,0.9749005436897278,39,2724.0,2787.0,0.97509765625,1.0,64.0
6bba_05b6850b,0.5745242597140698,,1,0.9931714534759521,5,416.0,493.0,0.9931640625,1.0,75.0
6bba_05b6850b,1.7235727791422095,161.565051177078,1,0.9705371856689453,73,5328.0,5403.0,0.970703125,1.0,73.0
6bba_05b6850b,2.03125,109.26775365197587,1,0.9403321146965027,70,5055.0,5127.0,0.9404296875,1.0,74.0
6bba_05b6850b,0.9084026158592896,116.56505117707799,1,0.9303827285766602,47,3268.0,3337.0,0.93017578125,1.0,71.0
6bba_05b6850b,0.9084026158592896,126.86989764584402,1,0.9976493716239929,30,2227.0,2285.0,0.99755859375,1.0,59.0
6bba_05b6850b,0.0,,1,0.9344838261604309,52,3688.0,3768.0,0.9345703125,1.0,80.0
6bba_05b6850b,1.6750116604071745,,1,0.9580407738685608,45,3139.0,3209.0,0.9580078125,1.0,70.0
6bba_05b6850b,0.0,,1,0.9285778403282166,11,909.0,987.0,0.9287109375,1.0,73.0
6bba_05b6850b,0.9084026158592896,8.537736462515939e-07,1,0.979856014251709,86,6225.0,6298.0,0.97998046875,1.0,73.0
6bba_05b6850b,0.0,,1,0.8871636390686035,98,7064.0,7132.0,0.88720703125,1.0,66.0
6bba_05b6850b,0.0,,1,0.9667418003082275,12,932.0,1010.0,0.966796875,1.0,78.0
6bba_05b6850b,3.494694639736067,14.971174422891451,1,0.9064805507659912,1,97.0,178.0,0.90625,1.0,81.0
6bba_05b6850b,2.03125,90.0,1,0.9631071090698242,39,2757.0,2820.0,0.962890625,1.0,64.0
6bba_05b6850b,0.0,,1,0.9747899174690247,52,3692.0,3773.0,0.974609375,1.0,80.0
6bba_05b6850b,2.1877232028983924,,1,0.9611517786979675,81,5868.0,5947.0,0.9609375,1.0,78.0
6bba_05b6850b,2.569350598886808,,1,0.587968111038208,53,3707.0,3794.0,0.587890625,1.0,83.0
6bba_05b6850b,0.40625,45.0,1,0.9552991390228271,86,6222.0,6294.0,0.955078125,1.0,73.0
6bba_05b6850b,0.40625,116.56505117707799,1,0.9698810577392578,41,2844.0,2912.0,0.9697265625,1.0,66.0
6bba_05b6850b,1.7235727791422095,52.20588605098472,1,0.9748295545578003,44,3053.0,3128.0,0.974609375,1.0,73.0
6bba_05b6850b,2.333728575156074,129.7992119100962,1,0.9930934906005859,10,835.0,907.0,0.9931640625,1.0,76.0
6bba_05b6850b,0.9084026158592896,26.565051177077994,1,0.9891224503517151,85,6154.0,6225.0,0.9892578125,1.0,71.0
6bba_05b6850b,0.5745242597140698,90.0,1,0.9492263793945312,97,6995.0,7062.0,0.94921875,1.0,68.0
6bba_05b6850b,0.40625,180.0,1,0.9692444205284119,78,5644.0,5711.0,0.96923828125,1.0,71.0
6bba_05b6850b,2.6012692214570947,,1,0.9815390706062317,60,4309.0,4384.0,0.9814453125,1.0,76.0
6bba_05b6850b,0.40625,0.0,1,0.9897156357765198,50,3481.0,3559.0,0.98974609375,1.0,77.0
6bba_05b6850b,0.9084026158592896,101.53695903281549,1,0.9566888213157654,89,6464.0,6532.0,0.95654296875,1.0,69.0
6bba_05b6850b,0.9084026158592896,161.56505117707798,1,0.8277855515480042,41,2845.0,2915.0,0.82763671875,1.0,66.0
6bba_05b6850b,0.9084026158592896,71.56505117707799,1,0.9539065957069397,6,493.0,564.0,0.9541015625,1.0,72.0
6bba_05b6850b,1.7235727791422095,131.96279079434623,1,0.9679503440856934,78,5645.0,5712.0,0.9677734375,1.0,71.0
6bba_05b6850b,1.6750116604071745,99.87496139782128,1,0.9684938788414001,83,6008.0,6079.0,0.96826171875,1.0,72.0
6bba_05b6850b,0.8125,,1,0.980529248714447,67,4884.0,4952.0,0.98046875,1.0,73.0
6bba_05b6850b,1.7235727791422095,41.92073728827869,1,0.9716435670852661,24,1846.0,1913.0,0.9716796875,1.0,68.0
6bba_05b6850b,1.7235727791422095,149.0362434679265,1,0.9755868315696716,46,3209.0,3280.0,0.9755859375,1.0,70.0
6bba_05b6850b,0.40625,116.56505117707799,1,0.9667699933052063,86,6274.0,6345.0,0.966796875,1.0,73.0
6bba_05b6850b,0.0,,1,0.9343695044517517,12,987.0,1063.0,0.9345703125,1.0,78.0
6bba_05b6850b,0.9084026158592896,90.0,1,0.9719566702842712,37,2594.0,2650.0,0.97216796875,1.0,54.0
6bba_05b6850b,0.40625,35.537677791974374,1,0.49396172165870667,29,2115.0,2177.0,0.493896484375,2.0,65.0
6bba_05b6850b,3.72334275215162,,1,0.9673588275909424,28,2061.0,2122.0,0.96728515625,1.0,63.0
6bba_05b6850b,4.958913218891817,175.3632604323659,1,0.956061840057373,64,4624.0,4708.0,0.9560546875,1.0,82.0
6bba_05b6850b,1.625,42.0311137741973,1,0.9395349621772766,46,3218.0,3290.0,0.939453125,1.0,70.0
6bba_05b6850b,1.7235727791422095,73.39147363484517,1,0.9790301322937012,70,5068.0,5138.0,0.97900390625,1.0,74.0
6bba_05b6850b,0.5745242597140698,45.0,1,0.9918391108512878,86,6279.0,6349.0,0.99169921875,1.0,73.0
6bba_05b6850b,2.0714766773970688,107.8938776880331,1,0.9596320390701294,11,907.0,986.0,0.95947265625,1.0,73.0
6bba_05b6850b,3.350023320814349,,1,0.9406123161315918,28,2062.0,2125.0,0.9404296875,1.0,63.0
6bba_05b6850b,2.6012692214570947,,1,0.9802953600883484,67,4848.0,4921.0,0.98046875,1.0,73.0
6bba_05b6850b,0.0,,1,0.6880558729171753,76,5513.0,5586.0,0.68798828125,1.0,73.0
6bba_05b6850b,0.9084026158592896,102.52880770915151,1,0.9792832732200623,95,6850.0,6915.0,0.9794921875,1.0,66.0
6bba_05b6850b,1.625,160.5287793655093,1,0.987902045249939,22,1691.0,1759.0,0.98779296875,1.0,65.0
6bba_05b6850b,1.284675299443404,45.00000000000001,1,0.952192485332489,25,1891.0,1954.0,0.9521484375,1.0,68.0
6bba_05b6850b,0.5745242597140698,71.56505117707799,1,0.9424421787261963,47,3262.0,3332.0,0.9423828125,1.0,71.0
6bba_05b6850b,0.9084026158592896,8.537736462515939e-07,1,0.696811318397522,50,3474.0,3553.0,0.69677734375,1.0,77.0
6bba_05b6850b,1.6750116604071745,90.0,1,0.9682485461235046,83,6052.0,6127.0,0.96826171875,1.0,72.0
6bba_05b6850b,5.296851954227152,57.52880770915151,1,0.9953071475028992,37,2633.0,2694.0,0.9951171875,1.0,54.0
6bba_05b6850b,0.9084026158592896,143.13010235415598,1,0.9738956093788147,75,5470.0,5542.0,0.97412109375,1.0,71.0
6bba_05b6850b,2.471122277933652,,1,0.9288805723190308,28,2097.0,2163.0,0.9287109375,1.0,63.0
6bba_05b6850b,0.0,,1,0.9776735305786133,62,4477.0,4550.0,0.9775390625,1.0,74.0
6bba_05b6850b,1.1490485194281397,90.0,1,0.984320878982544,83,6055.0,6130.0,0.984375,1.0,72.0
6bba_05b6850b,0.0,,1,0.5886972546577454,33,2401.0,2461.0,0.5888671875,1.0,62.0
6bba_05b6850b,4.89189779763437,173.35848086198848,1,0.9047457575798035,9,705.0,791.0,0.90478515625,1.0,82.0
6bba_05b6850b,0.8125,103.63302222536642,1,0.7600820064544678,55,3949.0,4041.0,0.76025390625,1.0,90.0
6bba_05b6850b,0.9084026158592896,71.6962645738912,1,0.8923799395561218,91,6602.0,6665.0,0.892578125,1.0,71.0
6bba_05b6850b,1.6750116604071745,165.96375653207352,1,0.965812087059021,97,6978.0,7047.0,0.9658203125,1.0,68.0
6bba_05b6850b,0.9084026158592896,63.43494882292201,1,0.989422619342804,84,6134.0,6206.0,0.9892578125,1.0,75.0
6bba_05b6850b,0.40625,,1,0.5438755750656128,58,4203.0,4280.0,0.5439453125,1.0,81.0
6bba_05b6850b,1.284675299443404,,1,0.9543689489364624,28,2100.0,2165.0,0.95458984375,1.0,63.0
6bba_05b6850b,0.0,,1,0.9318580031394958,62,4482.0,4555.0,0.931640625,1.0,74.0
6bba_05b6850b,1.86167137607581,105.18689309991899,1,0.9146409034729004,61,4405.0,4482.0,0.91455078125,1.0,77.0
6bba_05b6850b,0.8125,,1,0.9198148846626282,77,5571.0,5644.0,0.919921875,1.0,71.0
6bba_05b6850b,0.0,,1,0.9576261639595032,59,4217.0,4295.0,0.95751953125,1.0,77.0
6bba_05b6850b,0.0,,1,0.9736924767494202,66,4777.0,4850.0,0.9736328125,1.0,74.0
6bba_05b6850b,3.350023320814349,43.31385665828304,1,0.9432284832000732,23,1753.0,1822.0,0.943359375,1.0,65.0
6bba_05b6850b,1.7235727791422095,123.6900675259798,1,0.600043535232544,50,3530.0,3608.0,0.60009765625,1.0,77.0
6bba_05b6850b,1.7235727791422095,135.0,1,0.9457467198371887,88,6372.0,6449.0,0.94580078125,1.0,73.0
6bba_05b6850b,0.0,,1,0.9235773086547852,4,383.0,458.0,0.92333984375,1.0,77.0
6bba_05b6850b,1.284675299443404,55.30484646876604,1,0.9153159260749817,7,581.0,654.0,0.91552734375,1.0,75.0
6bba_05b6850b,0.5745242597140698,68.32912088638881,1,0.9784628748893738,15,1211.0,1287.0,0.978515625,1.0,73.0
6bba_05db0fb1,0.0,,1,0.9511905908584595,34,28010.0,28822.0,0.951171875,1.0,815.0
6bba_05db0fb1,0.0,,1,0.9493871331214905,74,58420.0,59104.0,0.94921875,1.0,688.0
6bba_05db0fb1,0.8125,90.0,1,0.9690567851066589,67,53458.0,54167.0,0.96923828125,1.0,715.0
6bba_05db0fb1,1.21875,,1,0.6526670455932617,65,51848.0,52581.0,0.65283203125,1.0,728.0
6bba_05db0fb1,2.03125,59.34270100705946,1,0.852389931678772,83,64363.0,65053.0,0.8525390625,1.0,695.0
6bba_05db0fb1,0.40625,53.343067045517955,1,0.9273716807365417,28,23270.0,24089.0,0.92724609375,1.0,845.0
6bba_05db0fb1,0.0,,1,0.9114188551902771,26,21590.0,22408.0,0.91162109375,1.0,838.0
6bba_05db0fb1,5.154734625807618,45.160991650497095,1,0.9157288074493408,92,70704.0,71399.0,0.91552734375,1.0,676.0
6bba_05db0fb1,2.7252078475778685,117.1790986441808,1,0.8189800381660461,10,8610.0,9430.0,0.81884765625,1.0,792.0
6bba_05db0fb1,2.6012692214570947,16.25990762723163,1,0.9418548941612244,44,35845.0,36612.0,0.94189453125,1.0,788.0
6bba_05db0fb1,2.4375,149.7962208355613,1,0.9455444812774658,72,56925.0,57631.0,0.9453125,1.0,702.0
6bba_05db0fb1,4.162823748671087,84.99244176502293,1,0.8800039887428284,19,15736.0,16549.0,0.8798828125,1.0,819.0
6bba_05db0fb1,1.1490485194281397,,1,0.9393015503883362,65,51997.0,52743.0,0.939453125,1.0,728.0
6bba_05db0fb1,0.40625,33.69006752597979,1,0.6445138454437256,78,60968.0,61682.0,0.64453125,1.0,681.0
6bba_05db0fb1,3.2752922102462856,,1,0.9425811171531677,85,65870.0,66550.0,0.9423828125,1.0,677.0
6bba_05db0fb1,1.9902104160113323,26.98406046376473,1,0.8912053108215332,42,34393.0,35189.0,0.89111328125,1.0,791.0
6bba_05db0fb1,1.284675299443404,92.68869561258413,1,0.7601284980773926,40,33046.0,33843.0,0.76025390625,1.0,825.0
6bba_05db0fb1,0.0,,1,,79,,,,,
6bba_05db0fb1,1.6750116604071745,64.25303536821886,1,0.7727665305137634,28,23296.0,24117.0,0.77294921875,1.0,845.0
6bba_05db0fb1,2.0714766773970688,0.0,1,0.9111423492431641,47,38667.0,39444.0,0.9111328125,1.0,763.0
6bba_05db0fb1,1.4647552056572457,,1,0.6841771602630615,50,40614.0,41379.0,0.68408203125,1.0,761.0
6bba_05db0fb1,0.0,,1,0.9525092244148254,98,74906.0,75555.0,0.95263671875,1.0,662.0
6bba_05db0fb1,1.86167137607581,142.11506777460693,1,0.9622113704681396,23,19160.0,19973.0,0.96240234375,1.0,827.0
6bba_05db0fb1,2.1877232028983924,92.12840130956886,1,0.9700860977172852,17,14171.0,14992.0,0.97021484375,1.0,813.0
6bba_05db0fb1,2.333728575156074,50.06137367008034,1,0.8950189352035522,31,25924.0,26747.0,0.89501953125,1.0,835.0
6bba_05db0fb1,0.0,,1,0.9440233111381531,34,28173.0,28985.0,0.94384765625,1.0,815.0
6bba_05db0fb1,9.165417765301264,,1,0.4863130450248718,50,41007.0,41706.0,0.486328125,1.0,761.0
6bba_05db0fb1,0.0,,1,0.8717290759086609,57,46140.0,46864.0,0.87158203125,1.0,742.0
6bba_05db0fb1,0.40625,64.12330993917249,1,0.9099056124687195,66,52683.0,53398.0,0.90966796875,1.0,733.0
6bba_05db0fb1,0.0,,1,0.8904837369918823,74,58221.0,58903.0,0.890625,1.0,688.0
6bba_05db0fb1,0.0,,1,0.9523282051086426,49,39959.0,40729.0,0.9521484375,1.0,777.0
6bba_05db0fb1,1.7235727791422095,64.89590974977862,1,0.831183671951294,30,24911.0,25753.0,0.8310546875,1.0,815.0
6bba_05db0fb1,0.8125,26.565051177077994,1,0.8406438827514648,54,43847.0,44582.0,0.8408203125,1.0,740.0
6bba_05db0fb1,2.03125,53.13010235415598,1,0.9637726545333862,16,13340.0,14162.0,0.9638671875,1.0,826.0
6bba_05db0fb1,2.333728575156074,114.06642256451705,1,0.9341241717338562,40,32869.0,33676.0,0.93408203125,1.0,825.0
6bba_05db0fb1,1.7235727791422095,120.00000000000001,1,0.7847232818603516,14,11848.0,12644.0,0.78466796875,1.0,811.0
6bba_05db0fb1,1.7235727791422095,160.5287793655093,1,0.954208254814148,59,47545.0,48280.0,0.9541015625,1.0,743.0
6bba_05db0fb1,1.7235727791422095,18.434948822921996,1,0.9556953310966492,47,38391.0,39174.0,0.95556640625,1.0,763.0
6bba_05db0fb1,2.632800908728193,,1,0.6804701685905457,50,40727.0,41476.0,0.6806640625,1.0,761.0
6bba_05db0fb1,0.9084026158592896,74.43519333861158,1,0.6549071073532104,63,50395.0,51121.0,0.65478515625,1.0,723.0
6bba_05db0fb1,1.7235727791422095,108.43494882292201,1,0.912886917591095,71,56110.0,56810.0,0.9130859375,1.0,707.0
6bba_05db0fb1,0.0,,1,0.953227162361145,34,28174.0,28986.0,0.953125,1.0,815.0
6bba_05db0fb1,1.6750116604071745,104.03624346792648,1,0.9334880113601685,95,72717.0,73406.0,0.93359375,1.0,691.0
6bba_05db0fb1,2.0714766773970688,53.960106569696144,1,0.8758888244628906,36,29741.0,30548.0,0.8759765625,1.0,826.0
6bba_05db0fb1,1.86167137607581,77.39561735162081,1,0.8668003082275391,55,44582.0,45340.0,0.86669921875,1.0,739.0
6bba_05db0fb1,0.0,,1,0.9350606799125671,83,64525.0,65212.0,0.93505859375,1.0,695.0
6bba_05db0fb1,5.745242597140699,135.0,2,0.627346396446228,24,19868.0,20705.0,0.62744140625,1.0,814.0
6bba_05db0fb1,4.021669817998489,24.613597652978562,1,0.8197221755981445,7,6063.0,6853.0,0.81982421875,1.0,807.0
6bba_05db0fb1,1.7235727791422095,26.405562445947222,1,0.9546985626220703,14,11509.0,12303.0,0.95458984375,1.0,811.0
6bba_05db0fb1,0.9084026158592896,102.52880770915151,1,0.9251423478126526,69,54825.0,55536.0,0.92529296875,1.0,710.0
6bba_05db0fb1,0.40625,45.0,1,0.9503391981124878,21,17530.0,18352.0,0.9501953125,1.0,825.0
6bba_05db0fb1,5.090297909995052,138.02778028021075,1,0.6852891445159912,39,32109.0,32934.0,0.68505859375,1.0,793.0
6bba_05db0fb1,1.8168052317185792,29.744881296942236,1,0.9311659932136536,36,29342.0,30156.0,0.93115234375,1.0,826.0
6bba_05db0fb1,4.942244555867304,160.4272379597232,1,0.8200625777244568,93,71286.0,72031.0,0.81982421875,1.0,710.0
6bba_05db0fb1,1.284675299443404,18.434948822921996,1,0.9334014058113098,14,11605.0,12409.0,0.93359375,1.0,811.0
6bba_05db0fb1,1.7235727791422095,19.471220634490695,1,0.8930472731590271,29,23877.0,24674.0,0.89306640625,1.0,811.0
6bba_05db0fb1,1.7235727791422095,18.434948822921996,1,0.9648269414901733,5,4472.0,5248.0,0.96484375,1.0,793.0
6bba_05db0fb1,1.6750116604071745,32.39222149557951,1,0.9447892308235168,23,19293.0,20114.0,0.94482421875,1.0,827.0
6bba_05db0fb1,2.9575446425202108,47.1641627162977,1,0.9773668646812439,43,35405.0,36168.0,0.9775390625,1.0,782.0
6bba_05db0fb1,2.632800908728193,16.69621246795299,1,0.8974224328994751,56,44888.0,45626.0,0.8974609375,1.0,744.0
6bba_05db0fb1,0.0,,1,0.9718195199966431,60,48182.0,48913.0,0.9716796875,1.0,732.0
6bba_05db0fb1,1.6750116604071745,83.92378853173183,1,0.8714170455932617,48,39412.0,40198.0,0.87158203125,1.0,773.0
6bba_05db0fb1,0.5745242597140698,82.45490741028135,1,0.9209895133972168,14,11730.0,12541.0,0.9208984375,1.0,811.0
6bba_05db0fb1,1.1490485194281397,90.0,1,0.8723703026771545,62,49814.0,50545.0,0.87255859375,1.0,732.0
6bba_05db0fb1,0.0,,1,0.8151658177375793,81,62676.0,63370.0,0.81494140625,1.0,711.0
6bba_05db0fb1,2.6012692214570947,39.37407613536202,1,0.9653141498565674,24,19900.0,20710.0,0.96533203125,1.0,814.0
6bba_05db0fb1,0.0,,1,0.8818328976631165,74,58363.0,59047.0,0.8818359375,1.0,688.0
6bba_05db0fb1,1.86167137607581,81.12360491902666,1,0.933814287185669,46,37929.0,38676.0,0.93359375,1.0,765.0
6bba_05db0fb1,0.0,,1,0.9241188168525696,64,50814.0,51543.0,0.92431640625,1.0,733.0
6bba_05db0fb1,0.5745242597140698,64.80956295820124,1,0.7187425494194031,83,64082.0,64776.0,0.71875,1.0,695.0
6bba_05db0fb1,0.5745242597140698,109.47122063449069,1,0.8872048854827881,83,64415.0,65096.0,0.88720703125,1.0,695.0
6bba_05db0fb1,2.0714766773970688,51.67118189854412,1,0.8678886294364929,16,13292.0,14108.0,0.86767578125,1.0,826.0
6bba_05db0fb1,2.368824207280903,133.31385665828304,1,0.9509890675544739,62,49661.0,50389.0,0.951171875,1.0,732.0
6bba_05db0fb1,1.86167137607581,,1,0.6875125765800476,65,51941.0,52683.0,0.6875,1.0,728.0
6bba_05db0fb1,1.7235727791422095,90.0,1,0.9601173996925354,42,34621.0,35405.0,0.9599609375,1.0,791.0
6bba_05db0fb1,0.5745242597140698,72.65393470733007,1,0.9101297855377197,31,25697.0,26522.0,0.91015625,1.0,835.0
6bba_05db0fb1,2.4375,,1,0.8309993147850037,72,56762.0,57458.0,0.8310546875,1.0,702.0
6bba_05db0fb1,1.4647552056572457,33.69006752597979,1,0.9413450360298157,60,47831.0,48557.0,0.94140625,1.0,732.0
6bba_05db0fb1,1.86167137607581,24.613597652978562,1,0.9734517931938171,46,37705.0,38468.0,0.9736328125,1.0,765.0
6bba_05db0fb1,3.65625,,1,0.9570106267929077,27,22336.0,23154.0,0.95703125,1.0,812.0
6bba_05db0fb1,6.512682938889317,172.03193808815337,1,0.8406227231025696,93,71265.0,72039.0,0.8408203125,1.0,710.0
6bba_05db0fb1,0.0,,1,0.8726176023483276,64,51172.0,51899.0,0.87255859375,1.0,733.0
6bba_05db0fb1,0.40625,0.0,1,0.9600905776023865,57,45971.0,46689.0,0.9599609375,1.0,742.0
6bba_05db0fb1,1.21875,53.960106569696144,1,0.8393083214759827,17,14108.0,14912.0,0.83935546875,1.0,813.0
6bba_05db0fb1,2.9295104113144914,,1,0.9300025105476379,0,450.0,1242.0,0.93017578125,1.0,791.0
6bba_05db0fb1,1.7235727791422095,70.52877936550931,1,0.9820519089698792,18,14935.0,15756.0,0.98193359375,1.0,823.0
6bba_05db0fb1,2.9575446425202108,35.290744693983655,1,0.9481050968170166,43,35086.0,35873.0,0.9482421875,1.0,782.0
6bba_05db0fb1,0.0,,1,0.9436432123184204,79,61802.0,62485.0,0.94384765625,1.0,694.0
6bba_05db0fb1,2.4375,0.0,1,0.893433690071106,54,43380.0,44112.0,0.8935546875,1.0,740.0
6bba_05db0fb1,1.6750116604071745,160.63102549738426,1,0.9556363224983215,94,72187.0,72875.0,0.95556640625,1.0,727.0
6bba_05db0fb1,1.7235727791422095,27.2660444507328,1,0.9496085047721863,29,24053.0,24844.0,0.94970703125,1.0,811.0
6bba_05db0fb1,2.1877232028983924,48.366460663429805,1,0.8781976699829102,5,4673.0,5458.0,0.87841796875,1.0,793.0
6bba_05db0fb1,0.0,,1,0.9249590635299683,81,63098.0,63783.0,0.9248046875,1.0,711.0
6bba_05db0fb1,0.0,,1,0.9416847825050354,34,28098.0,28910.0,0.94189453125,1.0,815.0
6bba_05db0fb1,1.4647552056572457,93.74821518784054,1,0.8265977501869202,70,55522.0,56218.0,0.82666015625,1.0,711.0
6bba_05db0fb1,1.8168052317185792,167.90524292298792,1,0.7205871343612671,51,41553.0,42299.0,0.720703125,1.0,756.0
6bba_05db0fb1,1.8168052317185792,12.604382648379175,1,0.9556472897529602,1,1534.0,2319.0,0.95556640625,1.0,793.0
6bba_05db0fb1,0.40625,63.43494882292201,1,0.9714111089706421,59,47447.0,48182.0,0.97119140625,1.0,743.0
6bba_05db0fb1,0.40625,90.0,1,0.8351052403450012,67,53305.0,54006.0,0.8349609375,1.0,715.0
6bba_05db0fb1,1.7235727791422095,,1,0.9629678130149841,85,65839.0,66515.0,0.962890625,1.0,677.0
6bba_05db0fb1,0.0,,1,0.964195728302002,88,67953.0,68647.0,0.96435546875,1.0,713.0
6bba_05db0fb1,1.6750116604071745,22.83365417791755,1,0.9217959046363831,29,24042.0,24839.0,0.921875,1.0,811.0
6bba_05db0fb1,0.9084026158592896,90.0,1,0.9239291548728943,52,42379.0,43091.0,0.923828125,1.0,747.0
6bba_05db0fb1,0.9084026158592896,45.00000000000001,1,0.8665730953216553,23,19134.0,19949.0,0.86669921875,1.0,827.0
6bba_05db0fb1,5.28125,152.6748986247999,1,,55,44516.0,45283.0,0.478271484375,2.0,739.0
6bba_05db0fb1,6.563169608695177,82.10602884533654,1,0.7080984115600586,38,31612.0,32399.0,0.7080078125,1.0,809.0
6bba_05db0fb1,1.284675299443404,72.75960822423416,1,0.7832334637641907,63,50328.0,51041.0,0.783203125,1.0,723.0
6bba_05db0fb1,1.6750116604071745,80.12503860217872,1,0.8350155353546143,95,72779.0,73469.0,0.8349609375,1.0,691.0
6bba_05db0fb1,0.0,,1,0.9676207304000854,81,63167.0,63836.0,0.9677734375,1.0,711.0
6bba_05db0fb1,1.625,165.96375653207352,1,0.8644647002220154,57,46075.0,46814.0,0.8642578125,1.0,742.0
6bba_05db0fb1,1.8168052317185792,18.434948822922035,1,0.9246748685836792,17,14261.0,15075.0,0.9248046875,1.0,813.0
6bba_05db0fb1,1.625,18.434948822921996,1,0.9020107388496399,22,18255.0,19100.0,0.90185546875,1.0,826.0
6bba_05db0fb1,1.6750116604071745,31.16096771907761,1,0.9585440158843994,11,9128.0,9932.0,0.95849609375,1.0,822.0
6bba_05db0fb1,1.6750116604071745,36.176027263335435,1,0.8969228267669678,44,36073.0,36849.0,0.89697265625,1.0,788.0
6bba_05db0fb1,1.9902104160113323,,1,0.8919411897659302,35,29131.0,29964.0,0.89208984375,1.0,809.0
6bba_05db0fb1,1.8168052317185792,150.19497122466382,1,0.8026443123817444,21,17568.0,18408.0,0.802734375,1.0,825.0
6bba_05db0fb1,2.0714766773970688,,1,0.8772417306900024,46,37922.0,38667.0,0.87744140625,1.0,765.0
6bba_05db0fb1,1.6750116604071745,133.8762651909286,1,0.8687283992767334,52,42381.0,43111.0,0.86865234375,1.0,747.0
6bba_05db0fb1,2.0714766773970688,62.7673739332827,1,0.9521393775939941,62,49384.0,50112.0,0.9521484375,1.0,732.0
6bba_05db0fb1,1.6750116604071745,83.77314970286564,1,0.9269543886184692,54,43844.0,44566.0,0.9267578125,1.0,740.0
6bba_05db0fb1,0.40625,90.0,1,0.8823075890541077,67,53264.0,53962.0,0.88232421875,1.0,715.0
6bba_05db0fb1,0.40625,90.0,1,0.6562830805778503,71,56141.0,56848.0,0.65625,1.0,707.0
6bba_05db0fb1,0.40625,45.0,1,0.9222758412361145,73,57537.0,58240.0,0.92236328125,1.0,709.0
6bba_05db0fb1,1.21875,63.43494882292201,1,0.8548256158828735,69,54417.0,55131.0,0.85498046875,1.0,710.0
6bba_05db0fb1,1.4647552056572457,,1,0.8705001473426819,82,63783.0,64485.0,0.87060546875,1.0,673.0
6bba_05db0fb1,2.333728575156074,8.091855781727197,1,0.9478852152824402,8,6965.0,7746.0,0.94775390625,1.0,797.0
6bba_05db0fb1,0.40625,0.0,1,0.9305893778800964,68,54091.0,54809.0,0.9306640625,1.0,709.0
6bba_05db0fb1,0.8125,70.00843927285855,1,0.9498484134674072,31,25661.0,26475.0,0.94970703125,1.0,835.0
6bba_05db0fb1,0.8125,76.3669777746336,1,0.9592515826225281,32,26439.0,27247.0,0.95947265625,1.0,822.0
6bba_05db0fb1,1.6750116604071745,75.96375653207353,1,0.9608508944511414,37,30501.0,31299.0,0.9609375,1.0,819.0
6bba_05db0fb1,2.632800908728193,39.31791362002883,1,0.9285693168640137,5,4550.0,5340.0,0.9287109375,1.0,793.0
6bba_05db0fb1,0.0,,1,0.9612054228782654,84,65194.0,65870.0,0.96142578125,1.0,679.0
6bba_05db0fb1,3.300390601883359,,1,0.9306854605674744,27,22581.0,23395.0,0.9306640625,1.0,812.0
6bba_05db0fb1,4.0827619710803615,38.126832390549076,1,0.7829054594039917,15,12409.0,13213.0,0.78271484375,1.0,805.0
6bba_05db0fb1,2.1877232028983924,23.198590513648202,1,0.9350003600120544,69,54818.0,55544.0,0.93505859375,1.0,710.0
6bba_05db0fb1,2.9575446425202108,2.4895529219992745,1,0.6145645380020142,76,59300.0,59972.0,0.61474609375,1.0,705.0
6bba_05db0fb1,1.86167137607581,67.02309667979011,1,0.9117525219917297,8,6997.0,7778.0,0.91162109375,1.0,797.0
6bba_05db0fb1,2.03125,21.831265315089524,1,0.9477589726448059,28,23014.0,23837.0,0.94775390625,1.0,845.0
6bba_05db0fb1,0.8125,63.43494882292201,1,0.6609846949577332,42,34519.0,35289.0,0.6611328125,1.0,791.0
6bba_05db0fb1,0.0,,1,0.9505419731140137,64,51198.0,51923.0,0.95068359375,1.0,733.0
6bba_05db0fb1,1.8168052317185792,153.434948822922,1,0.9272370338439941,87,67321.0,68030.0,0.92724609375,1.0,694.0
6bba_05db0fb1,1.21875,78.69006752597979,1,0.7614119648933411,71,55837.0,56540.0,0.76123046875,1.0,707.0
6bba_05db0fb1,1.8168052317185792,152.56328574802018,1,0.9247658848762512,86,66550.0,67258.0,0.9248046875,1.0,693.0
6bba_05db0fb1,0.0,,1,0.912818431854248,88,67902.0,68579.0,0.91259765625,1.0,713.0
6bba_05db0fb1,1.284675299443404,108.43494882292201,1,0.9529187679290771,3,3094.0,3884.0,0.953125,1.0,781.0
6bba_05db0fb1,2.8145825622994254,35.264389682754654,1,0.8552533388137817,45,36784.0,37566.0,0.85546875,1.0,786.0
6bba_05db0fb1,0.40625,26.565051177077994,1,0.9309578537940979,61,49015.0,49745.0,0.93115234375,1.0,723.0
6bba_05db0fb1,0.5745242597140698,45.0,1,0.958918571472168,63,50362.0,51106.0,0.958984375,1.0,723.0
6bba_05db0fb1,1.625,32.005383208083494,1,0.856548011302948,28,23072.0,23877.0,0.8564453125,1.0,845.0
6bba_05db0fb1,1.86167137607581,4.962977588426511,1,0.9241359829902649,51,41706.0,42456.0,0.92431640625,1.0,756.0
6bba_05db0fb1,3.093907824257213,,1,0.9298855066299438,50,40441.0,41210.0,0.9296875,1.0,761.0
6bba_05db0fb1,0.9084026158592896,53.13010235415599,1,0.9098768830299377,71,55829.0,56538.0,0.90966796875,1.0,707.0
6bba_05db0fb1,2.03125,74.43519333861158,1,0.77681964635849,24,20158.0,20984.0,0.77685546875,1.0,814.0
6bba_05db0fb1,0.0,,1,0.934670627117157,49,40091.0,40860.0,0.9345703125,1.0,777.0
6bba_05db0fb1,2.03125,35.537677791974374,1,0.704023540019989,52,41908.0,42652.0,0.7041015625,1.0,747.0
6bba_05db0fb1,0.0,,1,0.9273819923400879,88,67988.0,68681.0,0.92724609375,1.0,713.0
6bba_05db0fb1,1.625,53.960106569696144,1,0.9521547555923462,63,50112.0,50837.0,0.9521484375,1.0,723.0
6bba_05db0fb1,0.9084026158592896,53.13010235415599,1,0.6359506249427795,48,39057.0,39845.0,0.6357421875,1.0,773.0
6bba_05db0fb1,1.8168052317185792,83.94925398408826,1,0.954025387763977,32,26430.0,27237.0,0.9541015625,1.0,822.0
6bba_05db0fb1,1.284675299443404,93.95692908114749,1,0.9167826771736145,53,42876.0,43612.0,0.9169921875,1.0,738.0
6bba_05db0fb1,1.86167137607581,150.7940677526006,1,0.8963598608970642,96,73573.0,74241.0,0.896484375,1.0,679.0
6bba_05db0fb1,0.0,,1,0.8636942505836487,79,61347.0,62026.0,0.86376953125,1.0,694.0
6bba_05db0fb1,1.86167137607581,62.60436363126526,1,0.8582135438919067,20,16619.0,17458.0,0.8583984375,1.0,836.0
6bba_05db0fb1,1.8168052317185792,116.56505117707799,1,0.8763724565505981,18,14912.0,15736.0,0.87646484375,1.0,823.0
6bba_05db0fb1,4.0827619710803615,,1,0.9520727396011353,27,22452.0,23270.0,0.9521484375,1.0,812.0
6bba_05db0fb1,1.6750116604071745,43.31385665828304,1,0.9530553221702576,51,41367.0,42126.0,0.953125,1.0,756.0
6bba_05db0fb1,2.0714766773970688,37.87498365109821,1,0.950348973274231,52,41940.0,42674.0,0.9501953125,1.0,747.0
6bba_05db0fb1,2.03125,144.0002877966839,1,0.9253542423248291,33,27200.0,28010.0,0.92529296875,1.0,825.0
6bba_05db0fb1,0.40625,77.39561735162081,1,0.9250250458717346,18,15106.0,15911.0,0.9248046875,1.0,823.0
6bba_05db0fb1,0.40625,0.0,1,0.9478553533554077,95,72678.0,73367.0,0.94775390625,1.0,691.0
6bba_05db0fb1,6.942003043070494,29.615668948481865,1,0.894464373588562,25,20804.0,21608.0,0.89453125,1.0,824.0
6bba_05db0fb1,2.0714766773970688,61.13126766402749,1,0.8697158098220825,11,9458.0,10248.0,0.86962890625,1.0,822.0
6bba_05db0fb1,1.86167137607581,38.14448580447198,1,0.9454469084739685,36,29611.0,30430.0,0.9453125,1.0,826.0
6bba_05db0fb1,0.5745242597140698,168.6900675259798,1,0.9075020551681519,83,64485.0,65170.0,0.90771484375,1.0,695.0
6bba_05db0fb1,3.040096626753827,40.893394649130904,1,0.9251255393028259,43,35052.0,35845.0,0.92529296875,1.0,782.0
6bba_05db0fb1,0.9084026158592896,8.130102354156005,1,0.955895721912384,52,42349.0,43094.0,0.9560546875,1.0,747.0
6bba_05db0fb1,0.8125,104.03624346792648,1,0.6060503721237183,96,73469.0,74157.0,0.60595703125,1.0,679.0
6bba_05db0fb1,1.1490485194281397,45.0,1,0.9630936980247498,23,19100.0,19900.0,0.962890625,1.0,827.0
6bba_05db0fb1,1.86167137607581,25.208765296758347,1,0.8898410201072693,63,50508.0,51249.0,0.8896484375,1.0,723.0
6bba_05db0fb1,1.7235727791422095,39.66403535711893,1,0.8694263696670532,28,23232.0,24053.0,0.86962890625,1.0,845.0
6bba_05db0fb1,0.40625,,1,0.9286565184593201,58,46575.0,47315.0,0.9287109375,1.0,730.0
6bba_05db0fb1,2.0714766773970688,11.309932474020195,1,0.9263860583305359,53,42799.0,43545.0,0.92626953125,1.0,738.0
6bba_05db0fb1,0.5745242597140698,45.0,1,0.9536938071250916,29,24089.0,24884.0,0.95361328125,1.0,811.0
6bba_05db0fb1,1.7235727791422095,109.07831432618656,1,0.9339354038238525,71,56218.0,56925.0,0.93408203125,1.0,707.0
6bba_05db0fb1,2.03125,,1,0.9082468748092651,80,62457.0,63155.0,0.908203125,1.0,671.0
6bba_05db0fb1,3.0671202393287422,44.14764869887604,1,0.9175941348075867,10,8585.0,9382.0,0.91748046875,1.0,792.0
6bba_05db0fb1,2.6012692214570947,45.698798314122755,1,0.9102774262428284,12,10167.0,10963.0,0.91015625,1.0,792.0
6bba_05db0fb1,1.86167137607581,117.57504771047678,1,0.9405571222305298,36,29808.0,30630.0,0.9404296875,1.0,826.0
6bba_05db0fb1,0.8125,135.0,1,0.9342554807662964,63,50545.0,51271.0,0.93408203125,1.0,723.0
6bba_05db0fb1,0.0,,1,0.9067720174789429,91,70073.0,70752.0,0.90673828125,1.0,684.0
6bba_05db0fb1,1.7235727791422095,71.56505117707799,1,0.9757634401321411,97,74052.0,74715.0,0.9755859375,1.0,671.0
6bba_05db0fb1,0.0,,1,0.9745429158210754,98,74715.0,75370.0,0.974609375,1.0,662.0
6bba_05db0fb1,0.0,,1,0.9109007716178894,79,61657.0,62340.0,0.9111328125,1.0,694.0
6bba_05db0fb1,1.4647552056572457,33.69006752597979,1,0.7818107604980469,22,18245.0,19091.0,0.78173828125,1.0,826.0
6bba_05db0fb1,1.9902104160113323,65.90515744788931,1,0.8228617310523987,54,43709.0,44452.0,0.82275390625,1.0,740.0
6bba_05db0fb1,2.4375,,1,0.8470474481582642,19,15921.0,16743.0,0.84716796875,1.0,819.0
6bba_05db0fb1,0.0,,1,0.9674077033996582,34,27905.0,28701.0,0.96728515625,1.0,815.0
6bba_05db0fb1,0.9084026158592896,12.528807709151522,1,0.948387861251831,36,29801.0,30626.0,0.9482421875,1.0,826.0
6bba_05db0fb1,1.6750116604071745,166.36697777463363,1,0.932049036026001,91,70101.0,70785.0,0.93212890625,1.0,684.0
6bba_05db0fb1,0.40625,45.86825078796896,1,0.8843034505844116,33,27390.0,28199.0,0.88427734375,1.0,825.0
6bba_05db0fb1,1.8168052317185792,66.42182152179818,1,0.861270010471344,62,49804.0,50521.0,0.861328125,1.0,732.0
6bba_05db0fb1,0.8125,,1,0.9702278971672058,77,60318.0,61009.0,0.97021484375,1.0,683.0
6bba_05db0fb1,0.0,,1,0.9309485554695129,86,66536.0,67234.0,0.93115234375,1.0,693.0
6bba_05db0fb1,2.333728575156074,52.014832700644405,1,0.843697190284729,32,26576.0,27390.0,0.84375,1.0,822.0
6bba_05db0fb1,1.6750116604071745,,1,0.9316428303718567,85,65750.0,66418.0,0.931640625,1.0,677.0
6bba_05db0fb1,0.5745242597140698,135.0,1,0.9278510808944702,90,69241.0,69926.0,0.927734375,1.0,680.0
6bba_05db0fb1,2.0714766773970688,56.309932474020215,1,0.94967120885849,30,24749.0,25590.0,0.94970703125,1.0,815.0
6bba_05db0fb1,0.5745242597140698,56.309932474020215,1,0.970159113407135,53,42674.0,43416.0,0.97021484375,1.0,738.0
6bba_05db0fb1,1.86167137607581,,1,0.8941769003868103,7,6251.0,7040.0,0.89404296875,1.0,807.0
6bba_05db0fb1,0.0,,1,0.8550214767456055,26,21484.0,22300.0,0.85498046875,1.0,838.0
6bba_05db0fb1,2.6012692214570947,40.750962466816695,1,0.9284398555755615,45,36849.0,37599.0,0.92822265625,1.0,786.0
6bba_05db0fb1,0.5745242597140698,70.52877936550931,1,0.8628091216087341,60,48280.0,49013.0,0.86279296875,1.0,732.0
6bba_05db0fb1,0.5745242597140698,90.0,1,0.9338511824607849,95,72899.0,73585.0,0.93408203125,1.0,691.0
6bba_05db0fb1,0.8125,,1,0.9141439199447632,23,19052.0,19868.0,0.9140625,1.0,827.0
6bba_05db0fb1,1.86167137607581,67.76924166597867,1,,20,16728.0,17508.0,0.0303497314453125,2.0,836.0
6bba_05db0fb1,0.40625,126.86989764584402,1,0.9118781685829163,90,68931.0,69605.0,0.912109375,1.0,680.0
6bba_05db0fb1,1.21875,11.309932474020195,1,0.9209798574447632,63,50075.0,50814.0,0.9208984375,1.0,723.0
6bba_05db0fb1,2.0714766773970688,25.5599651718238,1,0.9145143628120422,67,52994.0,53707.0,0.91455078125,1.0,715.0
6bba_05db0fb1,0.40625,161.565051177078,1,0.9234815239906311,97,74164.0,74832.0,0.92333984375,1.0,671.0
6bba_05db0fb1,0.0,,1,0.9475508332252502,98,74832.0,75475.0,0.94775390625,1.0,662.0
6bba_05db0fb1,1.1490485194281397,,1,0.9352113008499146,35,28985.0,29808.0,0.93505859375,1.0,809.0
6bba_05db0fb1,1.1490485194281397,,1,0.7715764045715332,58,46864.0,47609.0,0.771484375,1.0,730.0
6bba_05db0fb1,1.86167137607581,91.05299880179196,1,0.9607006907463074,22,18371.0,19191.0,0.9609375,1.0,826.0
6bba_05db0fb1,1.625,90.0,1,0.8957049250602722,70,55612.0,56319.0,0.8955078125,1.0,711.0
6bba_05db0fb1,1.284675299443404,86.04307091885252,1,0.9147305488586426,97,74241.0,74906.0,0.91455078125,1.0,671.0
6bba_05db0fb1,0.5745242597140698,52.014832700644405,1,0.9756316542625427,23,19057.0,19870.0,0.9755859375,1.0,827.0
6bba_05db0fb1,2.0714766773970688,,1,0.923297643661499,7,6176.0,6965.0,0.92333984375,1.0,807.0
6bba_05db0fb1,0.40625,75.96375653207353,1,0.9157698750495911,76,59809.0,60485.0,0.91552734375,1.0,705.0
6bba_05db0fb1,1.1490485194281397,0.0,1,0.9216703176498413,31,25753.0,26576.0,0.921875,1.0,835.0
6bba_05db0fb1,2.0714766773970688,53.960106569696144,1,0.8485144376754761,53,42812.0,43559.0,0.8486328125,1.0,738.0
6bba_05db0fb1,0.40625,90.0,1,0.9074228405952454,96,73406.0,74078.0,0.9072265625,1.0,679.0
6bba_05db0fb1,0.5745242597140698,18.434948822922035,1,0.4875909388065338,57,46048.0,46769.0,0.487548828125,1.0,742.0
6bba_05db0fb1,2.03125,33.980485331194714,1,0.7876638770103455,4,3596.0,4380.0,0.78759765625,1.0,792.0
6bba_05db0fb1,0.40625,90.0,1,0.9626697301864624,68,54167.0,54877.0,0.962890625,1.0,709.0
6bba_05db0fb1,0.0,,1,0.7123116254806519,49,39845.0,40614.0,0.71240234375,1.0,777.0
6bba_05db0fb1,0.40625,180.0,1,0.8810431957244873,58,46886.0,47640.0,0.880859375,1.0,730.0
6bba_05db0fb1,1.6750116604071745,90.0,1,0.8065827488899231,66,52581.0,53305.0,0.806640625,1.0,733.0
6bba_05db0fb1,1.6750116604071745,,1,0.8983970284461975,27,22408.0,23240.0,0.8984375,1.0,812.0
6bba_05db0fb1,0.9084026158592896,,1,0.8648062944412231,75,58928.0,59634.0,0.86474609375,1.0,682.0
6bba_05db0fb1,0.5745242597140698,99.87496139782128,1,0.8441760540008545,59,47429.0,48146.0,0.84423828125,1.0,743.0
6bba_05db0fb1,3.040096626753827,13.612751358542495,1,0.8863318562507629,8,6853.0,7630.0,0.88623046875,1.0,797.0
6bba_05db0fb1,2.1877232028983924,56.145485187379485,1,0.8695700764656067,13,10928.0,11730.0,0.86962890625,1.0,799.0
6bba_05db0fb1,0.40625,41.810314895778596,1,0.7808423638343811,11,9430.0,10237.0,0.78076171875,1.0,822.0
6bba_05db0fb1,0.40625,97.89514210504579,1,0.9579062461853027,44,36168.0,36957.0,0.9580078125,1.0,788.0
6bba_05db0fb1,0.0,,1,0.9128316640853882,68,54185.0,54899.0,0.91259765625,1.0,709.0
6bba_05db0fb1,1.8168052317185792,63.989936222426,1,0.9386103749275208,68,53707.0,54417.0,0.9384765625,1.0,709.0
6bba_05db0fb1,1.4647552056572457,15.255118703057791,1,0.8345618844032288,69,54322.0,55013.0,0.83447265625,1.0,710.0
6bba_05db0fb1,0.0,,1,0.967703104019165,26,21641.0,22461.0,0.9677734375,1.0,838.0
6bba_05db0fb1,1.1490485194281397,26.56505117707798,1,0.8800340890884399,29,24079.0,24902.0,0.8798828125,1.0,811.0
6bba_05db0fb1,5.343384490423649,67.6574617521702,1,0.6980382204055786,38,31238.0,32043.0,0.6982421875,1.0,809.0
6bba_05db0fb1,2.1877232028983924,134.42127443439222,1,0.6445701718330383,56,45283.0,46019.0,0.64453125,1.0,744.0
6bba_05db0fb1,0.40625,18.434948822921996,1,0.9014143347740173,54,43612.0,44355.0,0.9013671875,1.0,740.0
6bba_05db0fb1,1.284675299443404,68.43187056435212,1,0.9343885779380798,40,32852.0,33662.0,0.9345703125,1.0,825.0
6bba_05db0fb1,1.625,45.0,1,0.9014502763748169,30,24884.0,25714.0,0.9013671875,1.0,815.0
6bba_05db0fb1,1.21875,64.12330993917249,1,0.6766152381896973,68,53696.0,54414.0,0.6767578125,1.0,709.0
6bba_05db0fb1,1.8168052317185792,8.13010235415605,1,,73,57242.0,57937.0,0.01309967041015625,4.0,709.0
6bba_05db0fb1,3.5648292823780494,24.260799584868042,1,0.8469265699386597,60,48097.0,48815.0,0.84716796875,1.0,732.0
6bba_05db0fb1,1.21875,45.0,1,0.9834434986114502,21,17419.0,18245.0,0.9833984375,1.0,825.0
6bba_05db0fb1,0.0,,1,0.9468186497688293,83,64474.0,65146.0,0.94677734375,1.0,695.0
6bba_05db0fb1,2.6012692214570947,54.98302914855367,1,0.9540494680404663,21,17150.0,17980.0,0.9541015625,1.0,825.0
6bba_05db0fb1,0.0,,1,0.8784995675086975,61,48944.0,49666.0,0.87841796875,1.0,723.0
6bba_05db0fb1,0.0,,1,0.9068326354026794,34,27708.0,28520.0,0.90673828125,1.0,815.0
6bba_05db0fb1,0.0,,1,0.830461323261261,74,58245.0,58928.0,0.83056640625,1.0,688.0
6bba_05db0fb1,2.8726212985703494,25.104090250221393,1,0.902978777885437,4,3807.0,4586.0,0.90283203125,1.0,792.0
6bba_05db0fb1,0.8125,63.43494882292201,1,0.9016328454017639,9,7854.0,8637.0,0.90185546875,1.0,791.0
6bba_05db0fb1,3.72334275215162,83.92378853173183,1,0.9369577169418335,24,20038.0,20836.0,0.93701171875,1.0,814.0
6bba_05db0fb1,1.625,45.0,1,0.8653292059898376,32,26522.0,27360.0,0.865234375,1.0,822.0
6bba_05db0fb1,2.03125,153.59443755405277,1,0.969739556312561,69,54712.0,55427.0,0.9697265625,1.0,710.0
6bba_05db0fb1,1.6750116604071745,,1,0.9118720293045044,75,59104.0,59809.0,0.912109375,1.0,682.0
6bba_05db0fb1,1.4647552056572457,123.69006752597979,1,,77,,60968.0,,,
6bba_05db0fb1,1.86167137607581,18.962318288675394,1,0.8954143524169922,76,59284.0,59987.0,0.8955078125,1.0,705.0
6bba_05db0fb1,1.6750116604071745,99.87496139782128,1,0.928991973400116,91,69952.0,70628.0,0.92919921875,1.0,684.0
6bba_05db0fb1,1.6750116604071745,137.81313547305282,1,0.9159823060035706,33,27278.0,28098.0,0.916015625,1.0,825.0
6bba_05db0fb1,0.9084026158592896,74.43519333861158,1,0.9255571961402893,95,72787.0,73480.0,0.92578125,1.0,691.0
6bba_05db0fb1,2.03125,114.09484255211069,1,0.9365827441215515,55,44452.0,45200.0,0.9365234375,1.0,739.0
6bba_05db0fb1,0.0,,1,0.9065487384796143,74,58336.0,59020.0,0.90673828125,1.0,688.0
6bba_05db0fb1,0.8125,76.3669777746336,1,0.9693339467048645,86,66515.0,67213.0,0.96923828125,1.0,693.0
6bba_05db0fb1,1.6750116604071745,77.47119229084849,1,0.9063870906829834,58,46683.0,47429.0,0.90625,1.0,730.0
6bba_05db0fb1,2.0714766773970688,,1,0.8512046933174133,75,58946.0,59649.0,0.85107421875,1.0,682.0
6bba_05db0fb1,0.8125,0.0,1,0.9179711937904358,14,11702.0,12492.0,0.91796875,1.0,811.0
6bba_05db0fb1,3.832554834897995,,1,0.7765832543373108,27,22227.0,23072.0,0.7763671875,1.0,812.0
6bba_05db0fb1,0.0,,1,0.8303407430648804,60,48264.0,48996.0,0.83056640625,1.0,732.0
6bba_05db0fb1,0.5745242597140698,,1,0.8892562985420227,69,54899.0,55612.0,0.88916015625,1.0,710.0
6bba_05db0fb1,4.394265616971737,38.76994508195377,1,0.886585533618927,25,20710.0,21525.0,0.88671875,1.0,824.0
6bba_05db0fb1,1.86167137607581,13.58980284237488,1,0.6958889961242676,3,2825.0,3596.0,0.69580078125,1.0,781.0
6bba_05db0fb1,1.625,0.0,1,0.8729888796806335,6,5261.0,6063.0,0.873046875,1.0,796.0
6bba_05db0fb1,2.9575446425202108,52.4429227536574,1,0.9231339693069458,30,24781.0,25618.0,0.92333984375,1.0,815.0
6bba_05db0fb1,2.4375,70.52877936550931,1,0.8893545269966125,87,67178.0,67902.0,0.88916015625,1.0,694.0
6bba_05db0fb1,1.7235727791422095,22.139309635406352,1,0.897994339466095,94,72201.0,72891.0,0.89794921875,1.0,727.0
6bba_05db0fb1,0.0,,1,0.9151243567466736,79,61682.0,62363.0,0.9150390625,1.0,694.0
6bba_05db0fb1,0.0,,1,0.8777873516082764,84,64776.0,65456.0,0.8779296875,1.0,679.0
6bba_05db0fb1,1.86167137607581,156.96475659266596,1,0.8987505435943604,67,53468.0,54185.0,0.89892578125,1.0,715.0
6bba_05db0fb1,1.1490485194281397,,1,0.9778903126716614,29,23937.0,24749.0,0.97802734375,1.0,811.0
6bba_05db0fb1,1.8168052317185792,63.43494882292201,1,0.9511817693710327,41,33746.0,34519.0,0.951171875,1.0,796.0
6bba_05db0fb1,0.40625,116.56505117707799,1,0.6735841631889343,52,42299.0,43031.0,0.673828125,1.0,747.0
6bba_05db0fb1,1.6750116604071745,,1,0.9163604378700256,80,62344.0,63058.0,0.91650390625,1.0,671.0
6bba_05db0fb1,0.0,,1,0.5517286658287048,88,67930.0,68609.0,0.5517578125,1.0,713.0
6bba_05db0fb1,1.8168052317185792,29.8050287753362,1,0.9143182039260864,91,70078.0,70757.0,0.91455078125,1.0,684.0
6bba_05db0fb1,0.9084026158592896,45.00000000000001,1,0.936138391494751,4,3884.0,4673.0,0.93603515625,1.0,792.0
6bba_05db0fb1,0.9084026158592896,77.47119229084849,1,0.9207658767700195,53,43111.0,43847.0,0.9208984375,1.0,738.0
6bba_05db0fb1,2.333728575156074,101.18353543922501,1,0.8969853520393372,63,50021.0,50731.0,0.89697265625,1.0,723.0
6bba_05db0fb1,3.374565944310468,120.50609457803229,1,0.9322407245635986,9,7808.0,8585.0,0.93212890625,1.0,791.0
6bba_05db0fb1,0.0,,1,0.9203802347183228,81,62785.0,63485.0,0.92041015625,1.0,711.0
6bba_05db0fb1,1.7235727791422095,76.3669777746336,1,0.9279986023902893,87,67264.0,67988.0,0.92822265625,1.0,694.0
6bba_05db0fb1,2.7252078475778685,122.23095263550213,1,0.943082869052887,96,73531.0,74210.0,0.94287109375,1.0,679.0
6bba_05db0fb1,1.8168052317185792,63.989936222426,1,0.8877885341644287,66,52578.0,53293.0,0.8876953125,1.0,733.0
6bba_05db0fb1,2.1877232028983924,10.491477012331599,1,0.976409912109375,47,38131.0,38898.0,0.9765625,1.0,763.0
6bba_05db0fb1,0.5745242597140698,135.0,1,0.9276652932167053,71,56236.0,56952.0,0.927734375,1.0,707.0
6bba_05db0fb1,0.8125,21.801409486351833,1,0.7123224139213562,44,36009.0,36810.0,0.71240234375,1.0,788.0
6bba_05db0fb1,1.7235727791422095,90.0,1,0.7732967138290405,48,39207.0,39957.0,0.7734375,1.0,773.0
6bba_05db0fb1,0.5745242597140698,,1,0.9068469405174255,89,68719.0,69399.0,0.90673828125,1.0,676.0
6bba_05db0fb1,2.368824207280903,96.96527728117883,1,0.9517525434494019,8,6744.0,7550.0,0.95166015625,1.0,797.0
6bba_05db0fb1,1.21875,90.0,1,0.9136335849761963,13,10900.0,11702.0,0.91357421875,1.0,799.0
6bba_05db0fb1,0.0,,1,0.9424862265586853,34,28053.0,28862.0,0.9423828125,1.0,815.0
6bba_05db0fb1,1.6750116604071745,,1,0.9558715224266052,66,52555.0,53285.0,0.9560546875,1.0,733.0
6bba_05db0fb1,0.0,,1,0.8294313549995422,64,50973.0,51702.0,0.82958984375,1.0,733.0
6bba_05db0fb1,0.0,,1,0.9144564270973206,81,63034.0,63717.0,0.91455078125,1.0,711.0
6bba_05db0fb1,0.40625,,1,0.9297488927841187,86,66488.0,67178.0,0.9296875,1.0,693.0
6bba_05db0fb1,1.86167137607581,,1,0.9497865438461304,0,763.0,1534.0,0.94970703125,1.0,791.0
6bba_05db0fb1,3.9804208320226646,,1,0.8865106701850891,27,22427.0,23232.0,0.88671875,1.0,812.0
6bba_05db0fb1,5.265601817456386,55.85003520770717,1,0.8252253532409668,25,20854.0,21662.0,0.8251953125,1.0,824.0
6bba_05db0fb1,3.300390601883359,30.498726986664625,1,0.7778859734535217,10,8637.0,9458.0,0.77783203125,1.0,792.0
6bba_05db0fb1,3.447145558284419,73.39147363484517,1,0.8035008311271667,48,38933.0,39682.0,0.8037109375,1.0,773.0
6bba_05db0fb1,0.40625,76.3669777746336,1,0.9542878270149231,86,66580.0,67264.0,0.9541015625,1.0,693.0
6bba_05db0fb1,1.7235727791422095,62.42495228952325,1,0.9129626154899597,16,13475.0,14281.0,0.9130859375,1.0,826.0
6bba_05db0fb1,0.0,,1,0.9001414179801941,79,61860.0,62540.0,0.89990234375,1.0,694.0
6bba_05db0fb1,0.0,,1,0.9011150598526001,84,65096.0,65775.0,0.90087890625,1.0,679.0
6bba_05db0fb1,2.9295104113144914,68.15455236035753,1,0.9233661890029907,48,39325.0,40091.0,0.92333984375,1.0,773.0
6bba_05db0fb1,0.9084026158592896,63.43494882292201,1,0.821513295173645,69,54696.0,55408.0,0.8212890625,1.0,710.0
6bba_05db0fb1,3.350023320814349,136.68614334171696,1,0.915057361125946,30,24794.0,25596.0,0.9150390625,1.0,815.0
6bba_05db0fb1,0.0,,1,0.9315876960754395,81,63155.0,63841.0,0.931640625,1.0,711.0
6bba_05db0fb1,3.374565944310468,151.98054524797695,1,0.8661624193191528,40,32807.0,33606.0,0.8662109375,1.0,825.0
6bba_05db0fb1,1.625,90.0,1,0.7683963179588318,70,55435.0,56141.0,0.7685546875,1.0,711.0
6bba_05db0fb1,0.9084026158592896,123.21091076089908,1,0.9152549505233765,60,48219.0,48954.0,0.9150390625,1.0,732.0
6bba_05db0fb1,0.9084026158592896,63.989936222426,1,0.9514830112457275,73,57654.0,58347.0,0.95166015625,1.0,709.0
6bba_05db0fb1,1.21875,180.0,1,0.9244890213012695,72,57006.0,57708.0,0.92431640625,1.0,702.0
6bba_05db0fb1,2.6012692214570947,77.47396531211257,1,0.9506600499153137,8,7004.0,7808.0,0.95068359375,1.0,797.0
6bba_05db0fb1,0.0,,1,0.9245750308036804,34,28180.0,28980.0,0.9248046875,1.0,815.0
6bba_05db0fb1,6.5253412267099105,164.14248269786103,1,0.7281377911567688,39,32153.0,32990.0,0.72802734375,1.0,793.0
6bba_05db0fb1,0.0,,1,0.8783947825431824,64,51069.0,51796.0,0.87841796875,1.0,733.0
6bba_05db0fb1,2.03125,61.31459798588108,1,0.9473002552986145,66,52267.0,52994.0,0.947265625,1.0,733.0
6bba_05db0fb1,3.2752922102462856,95.03163722172496,1,0.9158561825752258,66,52743.0,53468.0,0.916015625,1.0,733.0
6bba_05db0fb1,2.1877232028983924,111.80140948635182,1,0.9213520288467407,24,19993.0,20804.0,0.92138671875,1.0,814.0
6bba_05db0fb1,0.0,,1,0.9713305830955505,49,40009.0,40775.0,0.97119140625,1.0,777.0
6bba_05db0fb1,2.03125,55.30484646876604,1,,67,52910.0,53612.0,0.78271484375,1.0,715.0
6bba_05db0fb1,0.0,,1,0.922309935092926,67,53285.0,53997.0,0.92236328125,1.0,715.0
6bba_05db0fb1,0.0,,1,0.9331796169281006,69,54877.0,55605.0,0.93310546875,1.0,710.0
6bba_05db0fb1,2.4375,21.039469781317234,1,0.5454397201538086,53,42652.0,43380.0,0.54541015625,1.0,738.0
6bba_05db0fb1,1.6750116604071745,,1,0.9554115533828735,70,55605.0,56300.0,0.95556640625,1.0,711.0
6bba_05db0fb1,1.6750116604071745,129.0938588862295,1,0.8818966746330261,90,69306.0,69987.0,0.8818359375,1.0,680.0
6bba_05db0fb1,1.21875,14.036243467926457,1,0.9463459253311157,36,29520.0,30348.0,0.9462890625,1.0,826.0
6bba_05db0fb1,1.7235727791422095,113.84263602379237,1,0.9652359485626221,9,7550.0,8336.0,0.96533203125,1.0,791.0
6bba_05db0fb1,3.7454399357752353,60.850624438094826,1,0.9603015780448914,32,26260.0,27091.0,0.96044921875,1.0,822.0
6bba_05db0fb1,1.86167137607581,81.12360491902666,1,0.9510447978973389,17,14281.0,15106.0,0.951171875,1.0,813.0
6bba_05db0fb1,1.7235727791422095,103.63302222536642,1,0.9498484134674072,68,53983.0,54712.0,0.94970703125,1.0,709.0
6bba_05db0fb1,0.9084026158592896,153.434948822922,1,0.8077487945556641,37,30399.0,31214.0,0.8076171875,1.0,819.0
6bba_05db0fb1,2.4375,,1,0.9809618592262268,27,22343.0,23182.0,0.98095703125,1.0,812.0
6bba_05db0fb1,0.5745242597140698,109.47122063449069,1,0.9048935174942017,83,64614.0,65289.0,0.90478515625,1.0,695.0
6bba_05db0fb1,1.625,90.0,1,0.8738428950309753,59,47357.0,48097.0,0.8740234375,1.0,743.0
6bba_05db0fb1,2.1877232028983924,56.145485187379485,1,0.9552077651023865,42,34305.0,35086.0,0.955078125,1.0,791.0
6bba_05db0fb1,0.9084026158592896,134.47910057477236,1,0.7267647981643677,23,19343.0,20158.0,0.7265625,1.0,827.0
6bba_05db0fb1,0.0,,1,0.8802030682563782,49,39806.0,40577.0,0.88037109375,1.0,777.0
6bba_05db0fb1,0.8125,77.39561735162081,1,0.9698721766471863,11,9343.0,10147.0,0.9697265625,1.0,822.0
6bba_05db0fb1,0.5745242597140698,95.03163722172496,1,0.9559823274612427,94,72210.0,72899.0,0.9560546875,1.0,727.0
6bba_05db0fb1,3.2752922102462856,121.11465502242525,1,0.9266622066497803,44,36379.0,37158.0,0.9267578125,1.0,788.0
6bba_05db0fb1,0.40625,115.87669006082751,1,0.7893121838569641,77,59987.0,60672.0,0.78955078125,1.0,683.0
6bba_05db0fb1,1.86167137607581,20.674462612821756,1,0.9682897925376892,29,23653.0,24456.0,0.96826171875,1.0,811.0
6bba_05db0fb1,1.6750116604071745,154.84128299357414,1,0.911143958568573,41,33606.0,34393.0,0.9111328125,1.0,796.0
6bba_05db0fb1,1.7235727791422095,103.63302222536642,1,0.883051872253418,90,69379.0,70073.0,0.8828125,1.0,680.0
6bba_05db0fb1,1.7235727791422095,106.10211375198602,1,0.9780274629592896,16,13310.0,14132.0,0.97802734375,1.0,826.0
6bba_05db0fb1,2.03125,36.86989764584401,1,0.912494957447052,3,3098.0,3877.0,0.91259765625,1.0,781.0
6bba_05db0fb1,3.374565944310468,74.7648753914477,1,0.975036084651947,33,27227.0,28051.0,0.97509765625,1.0,825.0
6bba_05db0fb1,1.9902104160113323,8.537736462515939e-07,1,0.8757628202438354,43,35189.0,35987.0,0.8759765625,1.0,782.0
6bba_05db0fb1,2.6012692214570947,,1,0.9125798940658569,65,51923.0,52660.0,0.91259765625,1.0,728.0
6bba_05db0fb1,0.9084026158592896,29.744881296942236,1,0.9149351716041565,48,39122.0,39909.0,0.9150390625,1.0,773.0
6bba_05db0fb1,4.772356925566235,105.49249943278532,1,0.9424439668655396,10,8468.0,9266.0,0.9423828125,1.0,792.0
6bba_05db0fb1,1.6750116604071745,165.96375653207352,1,0.8767200112342834,72,56848.0,57555.0,0.876953125,1.0,702.0
6bba_05db0fb1,0.8125,,1,0.8607878088951111,85,65846.0,66536.0,0.86083984375,1.0,677.0
6bba_05db0fb1,2.0714766773970688,51.827477899561856,1,0.930555522441864,20,16828.0,17656.0,0.9306640625,1.0,836.0
6bba_05db0fb1,0.40625,,1,0.9506672620773315,56,45224.0,45971.0,0.95068359375,1.0,744.0
6bba_05db0fb1,2.9295104113144914,,1,0.792905330657959,35,28520.0,29342.0,0.79296875,1.0,809.0
6bba_05db0fb1,0.5745242597140698,168.6900675259798,1,0.9339725375175476,37,30620.0,31429.0,0.93408203125,1.0,819.0
6bba_05db0fb1,0.40625,53.960106569696144,1,0.8711932301521301,60,47909.0,48626.0,0.87109375,1.0,732.0
6bba_05db0fb1,1.284675299443404,72.65393470733007,1,0.9703078269958496,19,15756.0,16574.0,0.97021484375,1.0,819.0
6bba_05db0fb1,0.0,,1,0.8453615307807922,49,40218.0,40983.0,0.84521484375,1.0,777.0
6bba_05db0fb1,8.983546157420243,7.576069385797433,1,0.6541116237640381,38,31345.0,32109.0,0.654296875,1.0,809.0
6bba_05db0fb1,2.03125,,1,0.9149973392486572,50,40963.0,41710.0,0.9150390625,1.0,761.0
6bba_05db0fb1,0.8125,180.0,1,0.9690422415733337,62,49638.0,50362.0,0.96923828125,1.0,732.0
6bba_05db0fb1,0.0,,1,0.9074276685714722,88,67940.0,68633.0,0.9072265625,1.0,713.0
6bba_05db0fb1,2.368824207280903,19.653824058053292,1,0.9371073246002197,55,44272.0,45000.0,0.93701171875,1.0,739.0
6bba_05db0fb1,1.6750116604071745,75.96375653207353,1,0.8687702417373657,61,48626.0,49353.0,0.86865234375,1.0,723.0
6bba_05db0fb1,2.9295104113144914,112.05195211490907,1,0.9802179336547852,20,16615.0,17429.0,0.97998046875,1.0,836.0
6bba_05db0fb1,1.86167137607581,121.5881355052012,1,0.9271690249443054,47,38676.0,39465.0,0.92724609375,1.0,763.0
6bba_05db0fb1,1.6750116604071745,149.03624346792648,1,0.8909794688224792,55,44666.0,45404.0,0.89111328125,1.0,739.0
6bba_05db0fb1,0.40625,33.69006752597979,1,0.77229243516922,76,59751.0,60440.0,0.7724609375,1.0,705.0
6bba_05db0fb1,1.9902104160113323,116.45119909934063,1,0.949599027633667,24,19973.0,20787.0,0.94970703125,1.0,814.0
6bba_05db0fb1,1.6750116604071745,,1,0.9759976267814636,35,28701.0,29520.0,0.97607421875,1.0,809.0
6bba_05db0fb1,2.9575446425202108,77.66173318883035,1,0.8373456001281738,5,4586.0,5393.0,0.83740234375,1.0,793.0
6bba_05db0fb1,2.1877232028983924,31.16096771907761,1,0.9629678130149841,18,14983.0,15786.0,0.962890625,1.0,823.0
6bba_05db0fb1,0.9084026158592896,179.99999914622634,1,0.9573206305503845,53,43243.0,43985.0,0.95751953125,1.0,738.0
6bba_05db0fb1,3.350023320814349,14.67407179943614,1,,61,48815.0,49452.0,0.0199432373046875,5.0,723.0
6bba_05db0fb1,0.0,,1,0.9321027398109436,35,28910.0,29715.0,0.93212890625,1.0,809.0
6bba_05db0fb1,4.241374519244911,106.69924423399362,1,0.8417200446128845,25,20613.0,21419.0,0.841796875,1.0,824.0
6bba_05db0fb1,0.0,,1,0.9119160175323486,49,39974.0,40741.0,0.912109375,1.0,777.0
6bba_05db0fb1,3.2752922102462856,15.25511870305774,1,,22,18184.0,18973.0,0.53125,1.0,826.0
6bba_05db0fb1,0.40625,104.03624346792648,1,0.953216552734375,83,64520.0,65194.0,0.953125,1.0,695.0
6bba_05db0fb1,2.1877232028983924,136.39718102729637,1,0.9419407844543457,62,49682.0,50409.0,0.94189453125,1.0,732.0
6bba_05db0fb1,0.9084026158592896,63.43494882292201,1,0.9547976851463318,96,73367.0,74052.0,0.95458984375,1.0,679.0
6bba_05db0fb1,2.6012692214570947,,1,0.8559529781341553,50,40729.0,41490.0,0.85595703125,1.0,761.0
6bba_05db0fb1,2.0714766773970688,,1,0.7526119351387024,0,531.0,1344.0,0.75244140625,1.0,791.0
6bba_05db0fb1,3.374565944310468,,1,0.5637736916542053,75,58628.0,59284.0,0.56396484375,1.0,682.0
6bba_05db0fb1,3.350023320814349,59.03624346792647,1,0.8793752789497375,54,43416.0,44157.0,0.87939453125,1.0,740.0
6bba_05db0fb1,3.0671202393287422,,1,0.9288537502288818,17,14282.0,15107.0,0.9287109375,1.0,813.0
6bba_05db0fb1,0.40625,153.434948822922,1,0.8580758571624756,83,64571.0,65252.0,0.85791015625,1.0,695.0
6bba_05db0fb1,2.0714766773970688,69.50032317489767,1,0.9411591291427612,51,41516.0,42285.0,0.94091796875,1.0,756.0
6bba_05db0fb1,3.65625,71.13249290592856,1,0.9407836198806763,30,25017.0,25840.0,0.94091796875,1.0,815.0
6bba_05db0fb1,0.0,,1,0.9599443674087524,98,74879.0,75532.0,0.9599609375,1.0,662.0
6bba_05db0fb1,3.832554834897995,,1,0.9574878811836243,35,28822.0,29611.0,0.95751953125,1.0,809.0
6bba_05db0fb1,0.0,,1,0.9409966468811035,64,51111.0,51838.0,0.94091796875,1.0,733.0
6bba_05db0fb1,0.0,,1,0.9480297565460205,26,21221.0,22048.0,0.9482421875,1.0,838.0
6bba_05db0fb1,1.86167137607581,150.7940677526006,1,0.8928021192550659,62,49785.0,50508.0,0.892578125,1.0,732.0
6bba_05db0fb1,2.6012692214570947,43.972236873510454,2,0.9298657178878784,52,42416.0,43161.0,0.9296875,1.0,747.0
6bba_05db0fb1,1.8168052317185792,,1,,42,,35307.0,,,
6bba_05db0fb1,0.40625,90.0,1,0.9442172050476074,77,60422.0,61098.0,0.9443359375,1.0,683.0
6bba_05db0fb1,0.5745242597140698,56.309932474020215,1,0.9283467531204224,41,33826.0,34621.0,0.92822265625,1.0,796.0
6bba_05db0fb1,0.0,,1,0.9421314001083374,84,65212.0,65888.0,0.94189453125,1.0,679.0
6bba_05db0fb1,1.6750116604071745,44.481457843773995,1,0.9202017784118652,21,17656.0,18484.0,0.92041015625,1.0,825.0
6bba_05db0fb1,2.03125,126.86989764584402,1,0.9606128334999084,32,26662.0,27481.0,0.96044921875,1.0,822.0
6bba_05db0fb1,0.40625,90.0,1,0.9548038840293884,56,45322.0,46074.0,0.95458984375,1.0,744.0
6bba_05db0fb1,2.0714766773970688,14.450394283502234,1,0.899314820766449,57,45626.0,46363.0,0.8994140625,1.0,742.0
6bba_05db0fb1,0.0,,1,0.8216943740844727,49,40114.0,40893.0,0.82177734375,1.0,777.0
6bba_05db0fb1,0.40625,,1,0.9577164649963379,89,68520.0,69180.0,0.95751953125,1.0,676.0
6bba_05db0fb1,2.03125,116.56505117707799,1,0.9734182357788086,13,10728.0,11509.0,0.9736328125,1.0,799.0
6bba_05db0fb1,0.8125,90.0,1,0.9240440726280212,62,49616.0,50341.0,0.923828125,1.0,732.0
6bba_05db0fb1,3.5648292823780494,67.71067802000366,1,0.8552759289741516,51,41379.0,42149.0,0.85546875,1.0,756.0
6bba_05db0fb1,0.40625,33.69006752597979,1,0.8735020756721497,28,23459.0,24271.0,0.87353515625,1.0,845.0
6bba_05db0fb1,1.284675299443404,,1,0.9068710207939148,0,696.0,1481.0,0.90673828125,1.0,791.0
6bba_05db0fb1,0.0,,1,0.8968167901039124,58,46785.0,47529.0,0.89697265625,1.0,730.0
6bba_05db0fb1,0.40625,63.43494882292201,1,0.862108588218689,86,66611.0,67316.0,0.8623046875,1.0,693.0
6bba_05db0fb1,0.0,,1,0.8684189319610596,84,65252.0,65930.0,0.86865234375,1.0,679.0
6bba_05db0fb1,6.550584420492571,164.29136217098429,1,0.7986091375350952,92,70585.0,71265.0,0.798828125,1.0,676.0
6bba_05db0fb1,0.40625,90.0,1,0.7833621501922607,97,74157.0,74812.0,0.783203125,1.0,671.0
6bba_05db0fb1,1.284675299443404,0.0,1,0.9137466549873352,15,12469.0,13292.0,0.91357421875,1.0,805.0
6bba_05db0fb1,0.9084026158592896,,1,0.8767821788787842,89,68609.0,69268.0,0.876953125,1.0,676.0
6bba_05db0fb1,1.625,90.0,1,0.8076428771018982,61,49070.0,49785.0,0.8076171875,1.0,723.0
6bba_05db0fb1,0.5745242597140698,100.02498786207575,1,0.7923251390457153,94,72076.0,72779.0,0.79248046875,1.0,727.0
6bba_05db0fb1,0.0,,1,0.8736096024513245,64,51213.0,51941.0,0.87353515625,1.0,733.0
6bba_05db0fb1,1.1490485194281397,99.87496139782128,1,0.8934958577156067,7,6268.0,7067.0,0.8935546875,1.0,807.0
6bba_05db0fb1,2.8726212985703494,70.54265826396478,1,0.9127917289733887,20,16528.0,17358.0,0.91259765625,1.0,836.0
6bba_05db0fb1,0.0,,1,0.9441916346549988,26,21518.0,22336.0,0.9443359375,1.0,838.0
6bba_05db0fb1,0.9084026158592896,,1,0.9431729912757874,47,38540.0,39325.0,0.943359375,1.0,763.0
6bba_05db0fb1,0.5745242597140698,66.80140948635182,1,0.9565759897232056,9,7717.0,8501.0,0.95654296875,1.0,791.0
6bba_05db0fb1,1.8168052317185792,167.47119229084848,1,0.8827913999557495,86,66657.0,67347.0,0.8828125,1.0,693.0
6bba_05db0fb1,0.5745242597140698,90.0,1,0.9829519391059875,17,14132.0,14935.0,0.98291015625,1.0,813.0
6bba_05db0fb1,2.0714766773970688,67.61986494804043,1,0.9399765133857727,61,48557.0,49286.0,0.93994140625,1.0,723.0
6bba_05db0fb1,1.9902104160113323,58.90906964232697,1,0.9170633554458618,59,47483.0,48219.0,0.9169921875,1.0,743.0
6bba_05db0fb1,0.9084026158592896,96.05074601591174,1,0.7218165397644043,47,38299.0,39057.0,0.7216796875,1.0,763.0
6bba_05db0fb1,1.7235727791422095,,1,0.9483617544174194,85,65888.0,66580.0,0.9482421875,1.0,677.0
6bba_05db0fb1,0.0,,1,0.9371230006217957,79,61360.0,62051.0,0.93701171875,1.0,694.0
6bba_05db0fb1,0.40625,0.0,1,0.8982478380203247,37,30549.0,31361.0,0.8984375,1.0,819.0
6bba_05db0fb1,5.58501412822743,10.163203369476319,1,0.8742770552635193,25,20719.0,21510.0,0.87451171875,1.0,824.0
6bba_05db0fb1,5.296851954227152,53.256571934720455,1,0.7707494497299194,25,20984.0,21820.0,0.7705078125,1.0,824.0
6bba_05db0fb1,1.6750116604071745,81.63252797964657,1,0.9649081826210022,17,14162.0,14983.0,0.96484375,1.0,813.0
6bba_05db0fb1,0.0,,1,0.8704277276992798,26,21036.0,21870.0,0.87060546875,1.0,838.0
6bba_05db0fb1,1.4647552056572457,93.94518622903756,1,0.8456579446792603,47,38367.0,39122.0,0.845703125,1.0,763.0
6bba_05db0fb1,2.8726212985703494,144.33146244247123,1,0.7698767185211182,13,11007.0,11802.0,0.77001953125,1.0,799.0
6bba_05db0fb1,0.40625,90.0,1,0.9118229746818542,68,53962.0,54696.0,0.91162109375,1.0,709.0
6bba_05db0fb1,0.9084026158592896,34.69515353123396,1,0.9486629366874695,4,3679.0,4472.0,0.94873046875,1.0,792.0
6bba_05db0fb1,0.9084026158592896,63.43494882292201,1,0.6725872159004211,77,60226.0,60915.0,0.67236328125,1.0,683.0
6bba_05db0fb1,2.333728575156074,19.927139727099316,1,0.8708966374397278,33,27147.0,27960.0,0.87109375,1.0,825.0
6bba_05db0fb1,1.8168052317185792,,1,0.9811865091323853,83,64491.0,65163.0,0.98095703125,1.0,695.0
6bba_05db0fb1,1.8168052317185792,142.1250163489018,1,0.8579911589622498,1,1344.0,2128.0,0.85791015625,1.0,793.0
6bba_05db0fb1,0.0,,1,0.9560174942016602,98,74750.0,75404.0,0.9560546875,1.0,662.0
6bba_05db0fb1,2.1877232028983924,77.12443396147862,1,0.9226804971694946,51,41710.0,42448.0,0.9228515625,1.0,756.0
6bba_05db0fb1,1.7235727791422095,125.26438968275465,1,0.9070520401000977,44,35987.0,36768.0,0.9072265625,1.0,788.0
6bba_05db0fb1,1.86167137607581,102.60438264837919,1,0.9238367676734924,78,61098.0,61802.0,0.923828125,1.0,681.0
6bba_05db0fb1,2.03125,172.87498365109823,1,0.9553650617599487,71,56147.0,56833.0,0.95556640625,1.0,707.0
6bba_05db0fb1,1.6750116604071745,,1,0.9064871072769165,91,69909.0,70585.0,0.90625,1.0,684.0
6bba_05db0fb1,0.9084026158592896,63.43494882292201,1,0.7986322045326233,77,60340.0,61029.0,0.798828125,1.0,683.0
6bba_05db0fb1,0.9084026158592896,26.565051177077994,1,0.6943390369415283,69,54414.0,55120.0,0.6943359375,1.0,710.0
6bba_05db0fb1,4.0827619710803615,,1,0.8071708679199219,27,22470.0,23296.0,0.80712890625,1.0,812.0
6bba_05db0fb1,2.0714766773970688,53.960106569696144,1,0.9619054198265076,46,37374.0,38131.0,0.9619140625,1.0,765.0
6bba_05db0fb1,2.03125,39.0938588862295,1,0.8597965836524963,29,24117.0,24911.0,0.85986328125,1.0,811.0
6bba_05db0fb1,1.8168052317185792,12.604382648379175,1,0.8545789122581482,21,17458.0,18302.0,0.8544921875,1.0,825.0
6bba_05db0fb1,2.4375,48.18968510422141,1,0.9311834573745728,32,26475.0,27298.0,0.93115234375,1.0,822.0
6bba_05db0fb1,1.7235727791422095,,1,0.8932549357414246,82,63931.0,64614.0,0.89306640625,1.0,673.0
6bba_05db0fb1,1.4647552056572457,68.29670863577394,1,0.951967179775238,33,27298.0,28111.0,0.9521484375,1.0,825.0
6bba_05db0fb1,0.5745242597140698,76.3669777746336,1,0.8263117671012878,73,57458.0,58150.0,0.826171875,1.0,709.0
6bba_05db0fb1,0.0,,1,0.9004777073860168,74,57943.0,58628.0,0.900390625,1.0,688.0
6bba_05db0fb1,1.21875,135.0,1,,60,48146.0,48910.0,0.1268310546875,2.0,732.0
6bba_05db0fb1,0.5745242597140698,75.62414074895936,1,0.8892802596092224,16,13446.0,14261.0,0.88916015625,1.0,826.0
6bba_05db0fb1,0.0,,1,0.9818096160888672,26,21525.0,22343.0,0.98193359375,1.0,838.0
6bba_05db0fb1,2.0714766773970688,51.67118189854412,1,0.7761341333389282,9,7666.0,8468.0,0.7763671875,1.0,791.0
6bba_05db0fb1,0.8125,180.0,1,,61,48910.0,49616.0,0.4931640625,1.0,723.0
6bba_05db0fb1,0.8125,104.03624346792648,1,0.8267150521278381,73,57555.0,58262.0,0.82666015625,1.0,709.0
6bba_05db0fb1,1.625,137.96888622580272,1,0.9249117374420166,63,50409.0,51139.0,0.9248046875,1.0,723.0
6bba_05db0fb1,0.0,,1,0.8237727284431458,88,67462.0,68154.0,0.82373046875,1.0,713.0
6bba_05db0fb1,2.7252078475778685,,1,0.8788132071495056,7,6175.0,6997.0,0.87890625,1.0,807.0
6bba_05db0fb1,3.447145558284419,41.99865476716619,1,0.9329904913902283,31,25596.0,26408.0,0.93310546875,1.0,835.0
6bba_05db0fb1,5.202538442914189,152.7924348999764,1,0.7977451682090759,39,32399.0,33232.0,0.7978515625,1.0,793.0
6bba_05db0fb1,1.86167137607581,115.87669006082751,1,0.8617481589317322,78,61170.0,61860.0,0.86181640625,1.0,681.0
6bba_05db0fb1,3.8540258983302125,130.23883156164783,1,0.8912381529808044,30,24844.0,25697.0,0.89111328125,1.0,815.0
6bba_05db0fb1,6.989389279472134,36.07988173464527,1,0.8278045058250427,51,41188.0,41908.0,0.82763671875,1.0,756.0
6bba_05db0fb1,0.5745242597140698,,1,0.9566158056259155,45,37156.0,37929.0,0.95654296875,1.0,786.0
6bba_05db0fb1,3.350023320814349,82.26829345099613,1,0.9097039103507996,48,39083.0,39858.0,0.90966796875,1.0,773.0
6bba_05db0fb1,4.394265616971737,48.60605562694002,1,0.9015791416168213,51,41333.0,42074.0,0.9013671875,1.0,756.0
6bba_05db0fb1,1.625,165.96375653207352,1,0.9635146260261536,86,66418.0,67117.0,0.96337890625,1.0,693.0
6bba_05db0fb1,0.40625,104.03624346792648,1,0.9407756924629211,71,56300.0,57006.0,0.94091796875,1.0,707.0
6bba_05db0fb1,2.0714766773970688,107.92021313939229,1,0.979804277420044,24,19906.0,20719.0,0.97998046875,1.0,814.0
6bba_05db0fb1,1.86167137607581,62.42495228952325,1,0.9295327067375183,10,8551.0,9343.0,0.9296875,1.0,792.0
6bba_05db0fb1,2.03125,20.92450174492119,1,0.7945414185523987,6,5393.0,6201.0,0.79443359375,1.0,796.0
6bba_05db0fb1,2.0714766773970688,52.74197195324803,1,0.8902328610420227,45,36656.0,37419.0,0.89013671875,1.0,786.0
6bba_05db0fb1,1.6750116604071745,37.30584296243969,1,0.8273674845695496,47,38162.0,38933.0,0.8271484375,1.0,763.0
6bba_05db0fb1,1.625,35.26438968275466,1,0.7050590515136719,33,26893.0,27708.0,0.705078125,1.0,825.0
6bba_05db0fb1,0.40625,90.0,1,0.9255987405776978,76,59734.0,60422.0,0.92578125,1.0,705.0
6bba_05db0fb1,1.6750116604071745,,1,0.9247292876243591,50,40860.0,41610.0,0.9248046875,1.0,761.0
6bba_05db0fb1,1.1490485194281397,,1,0.945286214351654,62,49742.0,50467.0,0.9453125,1.0,732.0
6bba_05db0fb1,0.5745242597140698,82.45490741028135,1,0.9187247157096863,52,42448.0,43191.0,0.9189453125,1.0,747.0
6bba_05db0fb1,0.9084026158592896,90.0,1,0.7928802371025085,60,48343.0,49070.0,0.79296875,1.0,732.0
6bba_05db0fb1,2.03125,124.2098490129653,1,0.7481743097305298,40,33232.0,34017.0,0.748046875,1.0,825.0
6bba_05db0fb1,3.040096626753827,28.976584456694443,1,0.907048225402832,25,20932.0,21767.0,0.9072265625,1.0,824.0
6bba_05db0fb1,0.9084026158592896,90.0,1,0.9374328255653381,71,56319.0,57019.0,0.9375,1.0,707.0
6bba_05db0fb1,1.6750116604071745,75.96375653207353,1,0.9631707072257996,53,43015.0,43765.0,0.96337890625,1.0,738.0
6bba_05db0fb1,0.0,,1,0.9589365124702454,74,58234.0,58917.0,0.958984375,1.0,688.0
6bba_05db0fb1,0.9084026158592896,8.537736462515939e-07,1,0.9557099938392639,53,43189.0,43928.0,0.95556640625,1.0,738.0
6bba_05db0fb1,2.9575446425202108,72.52259781963433,1,0.8821566104888916,66,52258.0,52989.0,0.88232421875,1.0,733.0
6bba_05db0fb1,1.9902104160113323,54.735610317245346,1,0.924428403377533,72,56810.0,57530.0,0.92431640625,1.0,702.0
6bba_05db0fb1,1.284675299443404,137.7993689081143,1,0.9462265968322754,66,52660.0,53380.0,0.9462890625,1.0,733.0
6bba_05db0fb1,2.0714766773970688,57.87321514774565,1,0.9792718291282654,33,27091.0,27905.0,0.9794921875,1.0,825.0
6bba_05db0fb1,2.9575446425202108,33.37402780430883,1,0.8430790901184082,54,43559.0,44284.0,0.84326171875,1.0,740.0
6bba_05db0fb1,1.284675299443404,,1,0.9017096757888794,75,59020.0,59716.0,0.90185546875,1.0,682.0
6bba_05db0fb1,1.8168052317185792,36.86989764584403,1,0.8569440245628357,22,18408.0,19218.0,0.85693359375,1.0,826.0
6bba_05db0fb1,0.9084026158592896,90.0,1,0.7458693981170654,78,61029.0,61724.0,0.74609375,1.0,681.0
6bba_05db0fb1,0.0,,1,0.9442915916442871,88,67885.0,68580.0,0.9443359375,1.0,713.0
6bba_05db0fb1,0.5745242597140698,56.309932474020215,1,0.9688553214073181,31,25590.0,26387.0,0.96875,1.0,835.0
6bba_05db0fb1,0.8125,101.30993247402021,1,0.972737729549408,90,69348.0,70030.0,0.97265625,1.0,680.0
6bba_05db0fb1,3.350023320814349,85.60129464500447,1,0.8538087606430054,42,34813.0,35590.0,0.85400390625,1.0,791.0
6bba_05db0fb1,0.5745242597140698,80.12503860217872,1,0.8319395780563354,53,42848.0,43590.0,0.83203125,1.0,738.0
6bba_05db0fb1,0.40625,90.0,1,0.9345371127128601,57,46150.0,46889.0,0.9345703125,1.0,742.0
6bba_05db0fb1,1.86167137607581,112.01683431979292,1,0.9361590147018433,13,10963.0,11758.0,0.93603515625,1.0,799.0
6bba_05db0fb1,0.0,,1,0.962759792804718,34,28111.0,28923.0,0.962890625,1.0,815.0
6bba_05db0fb1,3.494694639736067,141.59387566249777,1,0.9339084029197693,39,32038.0,32852.0,0.93408203125,1.0,793.0
6bba_05db0fb1,0.0,,1,0.946583092212677,81,63058.0,63742.0,0.94677734375,1.0,711.0
6bba_05db0fb1,0.0,,1,0.65973299741745,64,51121.0,51848.0,0.65966796875,1.0,733.0
6bba_05db0fb1,1.86167137607581,150.97235066387842,1,0.8689730763435364,69,54715.0,55430.0,0.869140625,1.0,710.0
6bba_05db0fb1,2.0714766773970688,52.020127555148,1,0.9019975662231445,54,43545.0,44272.0,0.90185546875,1.0,740.0
6bba_05db0fb1,1.284675299443404,,1,0.8458991050720215,14,11926.0,12733.0,0.845703125,1.0,811.0
6bba_05db0fb1,3.832554834897995,108.54197796399724,1,0.6140660643577576,19,15923.0,16746.0,0.6142578125,1.0,819.0
6bba_05db0fb1,0.5745242597140698,90.0,1,0.8761816024780273,57,46051.0,46785.0,0.8759765625,1.0,742.0
6bba_05db0fb1,0.40625,180.0,1,0.9135335087776184,62,49745.0,50485.0,0.91357421875,1.0,732.0
6bba_05db0fb1,0.40625,0.0,1,0.9093777537345886,86,66511.0,67225.0,0.9091796875,1.0,693.0
6bba_05db0fb1,2.2980970388562794,47.86958523863339,1,0.8220545649528503,13,11044.0,11848.0,0.822265625,1.0,799.0
6bba_05db0fb1,0.0,,1,0.8214185237884521,34,27960.0,28770.0,0.8212890625,1.0,815.0
6bba_05db0fb1,1.21875,8.130102354156005,1,0.9463829398155212,59,47088.0,47831.0,0.9462890625,1.0,743.0
6bba_05db0fb1,2.6012692214570947,49.9697407281103,1,0.8667615056037903,48,39444.0,40218.0,0.86669921875,1.0,773.0
6bba_05db0fb1,0.40625,102.60438264837919,1,0.965804934501648,23,19191.0,19993.0,0.9658203125,1.0,827.0
6bba_05db0fb1,0.40625,78.69006752597979,1,0.8667657375335693,76,59649.0,60340.0,0.86669921875,1.0,705.0
6bba_05db0fb1,0.0,,1,0.9600480198860168,90,69223.0,69909.0,0.9599609375,1.0,680.0
6bba_05db0fb1,0.8125,0.0,1,0.951911985874176,33,27247.0,28053.0,0.9521484375,1.0,825.0
6bba_05db0fb1,2.333728575156074,38.7779142990414,1,0.8651784062385559,12,10206.0,11007.0,0.865234375,1.0,792.0
6bba_05db0fb1,0.5745242597140698,135.0,1,0.9051818251609802,54,43930.0,44666.0,0.9052734375,1.0,740.0
6bba_05db0fb1,1.86167137607581,36.69922520048988,1,0.9753353595733643,17,13908.0,14702.0,0.97509765625,1.0,813.0
6bba_05db0fb1,2.0714766773970688,67.61986494804043,1,0.9241076111793518,23,19091.0,19906.0,0.92431640625,1.0,827.0
6bba_05db0fb1,1.6750116604071745,14.036243467926484,1,0.9170354008674622,23,19204.0,20038.0,0.9169921875,1.0,827.0
6bba_05db0fb1,4.487177913232324,20.68508042612072,1,0.7627725005149841,55,44112.0,44836.0,0.7626953125,1.0,739.0
6bba_05db0fb1,1.6750116604071745,,1,0.8269458413124084,20,16534.0,17350.0,0.8271484375,1.0,836.0
6bba_05db0fb1,0.9084026158592896,108.43494882292201,1,0.8926202654838562,60,48288.0,49015.0,0.892578125,1.0,732.0
6bba_05db0fb1,2.0714766773970688,19.359648661120243,1,0.871573269367218,9,7630.0,8413.0,0.87158203125,1.0,791.0
6bba_05db0fb1,0.5745242597140698,94.62203692583714,1,0.9426441192626953,20,16703.0,17530.0,0.94287109375,1.0,836.0
6bba_05db0fb1,0.5745242597140698,108.43494882292201,1,0.8074156641960144,56,45085.0,45833.0,0.8076171875,1.0,744.0
6bba_05db0fb1,1.6750116604071745,151.92751306414706,1,0.9115169048309326,14,11826.0,12636.0,0.91162109375,1.0,811.0
6bba_05db0fb1,2.9295104113144914,33.69006752597979,1,0.7530537247657776,43,35289.0,36073.0,0.7529296875,1.0,782.0
6bba_05db0fb1,1.9902104160113323,26.084541552047053,1,0.9746769666671753,16,13119.0,13908.0,0.974609375,1.0,826.0
6bba_05db0fb1,1.86167137607581,60.7940677526006,1,0.9313415288925171,7,6133.0,6937.0,0.93115234375,1.0,807.0
6bba_05db0fb1,1.7235727791422095,68.32912088638881,1,0.8584665656089783,32,26747.0,27564.0,0.8583984375,1.0,822.0
6bba_05db0fb1,1.86167137607581,25.87669006082751,1,0.8389469385147095,15,12552.0,13356.0,0.8388671875,1.0,805.0
6bba_05db0fb1,3.65625,13.651839866251958,1,0.8476252555847168,57,45748.0,46484.0,0.84765625,1.0,742.0
6bba_05db0fb1,1.86167137607581,140.49028771380608,1,0.9655450582504272,91,69862.0,70555.0,0.96533203125,1.0,684.0
6bba_05db0fb1,0.5745242597140698,45.0,1,0.9199599623680115,59,47640.0,48371.0,0.919921875,1.0,743.0
6bba_05db0fb1,0.8125,45.86825078796896,1,0.9456316828727722,22,18386.0,19204.0,0.94580078125,1.0,826.0
6bba_05db0fb1,0.0,,1,0.8708817958831787,98,74812.0,75465.0,0.87109375,1.0,662.0
6bba_05db0fb1,0.0,,1,0.981803297996521,34,28051.0,28860.0,0.98193359375,1.0,815.0
6bba_05db0fb1,1.625,53.960106569696144,1,0.9330185055732727,40,32722.0,33520.0,0.93310546875,1.0,825.0
6bba_05db0fb1,0.0,,1,0.9609703421592712,84,64850.0,65529.0,0.9609375,1.0,679.0
6bba_05db0fb1,2.6012692214570947,,1,0.9177476167678833,85,65529.0,66209.0,0.91796875,1.0,677.0
6bba_05db0fb1,3.5648292823780494,108.92544165288201,1,0.9117152094841003,1,1481.0,2250.0,0.91162109375,1.0,793.0
6bba_05db0fb1,0.8125,45.0,1,0.9614869356155396,15,12541.0,13340.0,0.96142578125,1.0,805.0
6bba_05db0fb1,0.0,,1,0.9277353286743164,49,39858.0,40627.0,0.927734375,1.0,777.0
6bba_05db0fb1,3.25,90.0,1,0.9048909544944763,61,48954.0,49661.0,0.90478515625,1.0,723.0
6bba_05db0fb1,1.7235727791422095,22.406871204937445,1,0.8626385927200317,37,30548.0,31345.0,0.86279296875,1.0,819.0
6bba_05db0fb1,1.4647552056572457,123.69006752597979,1,0.9545058608055115,44,36100.0,36871.0,0.95458984375,1.0,788.0
6bba_05db0fb1,1.284675299443404,42.200631091885704,1,0.5812936425209045,53,43161.0,43919.0,0.5810546875,1.0,738.0
6bba_05db0fb1,3.2752922102462856,72.6814864583226,1,0.9323318004608154,70,55427.0,56147.0,0.93212890625,1.0,711.0
6bba_05db0fb1,0.0,,1,0.9057115316390991,79,61719.0,62399.0,0.90576171875,1.0,694.0
6bba_05db0fb1,2.03125,53.13010235415598,1,0.8071667551994324,45,36810.0,37563.0,0.80712890625,1.0,786.0
6bba_05db0fb1,1.625,51.34019174590991,1,0.9356245994567871,45,36612.0,37374.0,0.935546875,1.0,786.0
6bba_05db0fb1,2.0714766773970688,131.1214754971523,1,0.9553125500679016,40,33029.0,33826.0,0.955078125,1.0,825.0
6bba_05db0fb1,2.0714766773970688,37.87498365109821,1,0.7930205464363098,58,46444.0,47161.0,0.79296875,1.0,730.0
6bba_05db0fb1,1.284675299443404,18.434948822921996,1,0.9162485003471375,8,6857.0,7666.0,0.916015625,1.0,797.0
6bba_05db0fb1,1.6750116604071745,42.1868645269472,1,0.955671489238739,14,11758.0,12552.0,0.95556640625,1.0,811.0
6bba_05db0fb1,3.2752922102462856,51.69327967371404,1,0.9430049657821655,46,37599.0,38367.0,0.94287109375,1.0,765.0
6bba_05db0fb1,0.9084026158592896,18.434948822921996,1,0.9497878551483154,48,39174.0,39959.0,0.94970703125,1.0,773.0
6bba_05db0fb1,0.0,,1,0.8246243000030518,26,21662.0,22470.0,0.82470703125,1.0,838.0
6bba_05db0fb1,0.40625,,1,0.903283417224884,36,29715.0,30549.0,0.9033203125,1.0,826.0
6bba_05db0fb1,0.0,,1,0.9231646656990051,81,62981.0,63681.0,0.92333984375,1.0,711.0
6bba_05db0fb1,0.40625,90.0,1,0.9654383659362793,70,55460.0,56156.0,0.96533203125,1.0,711.0
6bba_05db0fb1,0.0,,1,0.857345700263977,64,51041.0,51767.0,0.857421875,1.0,733.0
6bba_05db0fb1,1.21875,0.0,1,0.9541895985603333,7,6045.0,6857.0,0.9541015625,1.0,807.0
6bba_05db0fb1,3.5648292823780494,38.92592936617624,1,0.8859187960624695,31,25248.0,26061.0,0.8857421875,1.0,835.0
6bba_05db0fb1,0.8125,63.43494882292201,1,0.8978366255760193,76,59601.0,60279.0,0.89794921875,1.0,705.0
6bba_05db0fb1,2.1877232028983924,56.145485187379485,1,0.9086004495620728,4,3877.0,4669.0,0.90869140625,1.0,792.0
6bba_05db0fb1,1.6750116604071745,99.87496139782128,1,0.9337704181671143,60,48212.0,48944.0,0.93359375,1.0,732.0
6bba_05db0fb1,1.7235727791422095,76.3669777746336,1,0.9500976800918579,9,7822.0,8610.0,0.9501953125,1.0,791.0
6bba_05db0fb1,0.0,,1,0.9607360363006592,68,54027.0,54748.0,0.9609375,1.0,709.0
6bba_05db0fb1,2.1877232028983924,123.85451481262052,1,0.6923515200614929,62,49717.0,50452.0,0.6923828125,1.0,732.0
6bba_05db0fb1,0.0,,1,0.9733335375785828,46,37786.0,38540.0,0.97314453125,1.0,765.0
6bba_05db0fb1,0.9084026158592896,71.56505117707799,1,0.94698166847229,32,26549.0,27375.0,0.94677734375,1.0,822.0
6bba_05db0fb1,1.6750116604071745,,1,0.8226357698440552,24,20036.0,20854.0,0.82275390625,1.0,814.0
6bba_05db0fb1,0.40625,116.56505117707799,1,0.9046364426612854,2,2128.0,2904.0,0.90478515625,1.0,791.0
6bba_05db0fb1,0.40625,63.43494882292201,1,0.8247385621070862,76,59536.0,60226.0,0.82470703125,1.0,705.0
6bba_05db0fb1,1.8168052317185792,90.0,1,0.9642671942710876,76,59607.0,60298.0,0.96435546875,1.0,705.0
6bba_05db0fb1,2.0714766773970688,,1,0.910884439945221,82,63681.0,64363.0,0.91064453125,1.0,673.0
6bba_05db0fb1,0.40625,90.0,1,0.8573434352874756,87,67316.0,68025.0,0.857421875,1.0,694.0
6bba_05db0fb1,0.8125,71.56505117707799,1,0.9250500202178955,76,59716.0,60400.0,0.92529296875,1.0,705.0
6bba_05db0fb1,0.0,,1,0.864041805267334,77,59972.0,60670.0,0.8642578125,1.0,683.0
6bba_05db0fb1,1.8168052317185792,63.43494882292201,1,0.9389508962631226,33,27360.0,28173.0,0.93896484375,1.0,825.0
6bba_05db0fb1,2.4375,,1,0.8254624605178833,0,579.0,1367.0,0.82568359375,1.0,791.0
6bba_05db0fb1,1.6750116604071745,82.26829345099613,1,0.8665538430213928,31,25621.0,26448.0,0.86669921875,1.0,835.0
6bba_05db0fb1,0.9084026158592896,8.537736462515939e-07,1,0.9493972063064575,95,72844.0,73531.0,0.94921875,1.0,691.0
6bba_05db0fb1,0.9084026158592896,83.94925398408826,1,0.9002753496170044,16,13563.0,14375.0,0.900390625,1.0,826.0
6bba_05db0fb1,0.0,,1,0.9501415491104126,84,65146.0,65823.0,0.9501953125,1.0,679.0
6bba_05db0fb1,6.512682938889317,166.96134341697703,1,0.9158596992492676,93,71236.0,71980.0,0.916015625,1.0,710.0
6bba_05db0fb1,2.1877232028983924,137.96888622580272,1,0.8968848586082458,32,26542.0,27366.0,0.89697265625,1.0,822.0
6bba_05db0fb1,0.9084026158592896,63.43494882292201,1,0.9643170833587646,58,46689.0,47447.0,0.96435546875,1.0,730.0
6bba_05db0fb1,1.625,26.565051177077994,1,0.8396567702293396,18,15075.0,15899.0,0.83984375,1.0,823.0
6bba_05db0fb1,0.0,,1,0.8690422773361206,81,63252.0,63931.0,0.869140625,1.0,711.0
6bba_05db0fb1,0.8125,,1,0.8930553197860718,35,28923.0,29741.0,0.89306640625,1.0,809.0
6bba_05db0fb1,0.0,,1,0.9618540406227112,64,51106.0,51833.0,0.9619140625,1.0,733.0
6bba_05db0fb1,0.8125,0.0,1,0.968008279800415,12,10147.0,10928.0,0.9677734375,1.0,792.0
6bba_05db0fb1,0.0,,1,0.7062167525291443,79,61724.0,62404.0,0.7060546875,1.0,694.0
6bba_05db0fb1,0.40625,0.0,1,0.8695122599601746,68,54006.0,54737.0,0.86962890625,1.0,709.0
6bba_05db0fb1,2.1877232028983924,118.78059908926116,1,0.8443345427513123,30,24674.0,25502.0,0.84423828125,1.0,815.0
6bba_05db0fb1,2.0714766773970688,,1,0.9546180963516235,89,68742.0,69422.0,0.95458984375,1.0,676.0
6bba_05db0fb1,4.33756303988772,58.00718299981828,1,0.9311907887458801,10,8501.0,9303.0,0.93115234375,1.0,792.0
6bba_05db0fb1,2.6012692214570947,33.8713622547449,1,0.9209172129631042,56,45000.0,45748.0,0.9208984375,1.0,744.0
6bba_05db0fb1,1.8168052317185792,12.528807709151522,1,0.8903260231018066,51,41610.0,42379.0,0.89013671875,1.0,756.0
6bba_05db0fb1,0.9084026158592896,57.54369153814105,1,,56,45261.0,46048.0,0.00565338134765625,8.0,744.0
6bba_05db0fb1,1.284675299443404,87.75209799586001,1,0.8786842823028564,73,57673.0,58363.0,0.87890625,1.0,709.0
6bba_05db0fb1,0.0,,1,0.8818348050117493,84,65289.0,65968.0,0.8818359375,1.0,679.0
6bba_05db0fb1,3.374565944310468,,1,0.839484453201294,40,32693.0,33488.0,0.83935546875,1.0,825.0
6bba_05db0fb1,2.0714766773970688,129.93668819704354,1,0.8442622423171997,70,55430.0,56118.0,0.84423828125,1.0,711.0
6bba_05db0fb1,0.5745242597140698,135.0,1,0.8393021821975708,59,47476.0,48212.0,0.83935546875,1.0,743.0
6bba_05db0fb1,6.09375,,1,0.8197829127311707,65,51566.0,52267.0,0.81982421875,1.0,728.0
6bba_05db0fb1,0.9084026158592896,71.56505117707799,1,0.6571049690246582,47,38160.0,38884.0,0.6572265625,1.0,763.0
6bba_05db0fb1,2.03125,55.42813390970865,1,0.7685596942901611,94,72100.0,72787.0,0.7685546875,1.0,727.0
6bba_05db0fb1,1.86167137607581,62.42495228952325,1,0.7889962196350098,59,47609.0,48343.0,0.7890625,1.0,743.0
6bba_05db0fb1,1.7235727791422095,117.9235423005309,1,0.8126686811447144,11,9382.0,10206.0,0.8125,1.0,822.0
6bba_05db0fb1,0.8125,64.12330993917249,1,0.9630218744277954,36,29675.0,30501.0,0.962890625,1.0,826.0
6bba_05db0fb1,1.4647552056572457,33.69006752597979,1,0.9566206932067871,71,56156.0,56855.0,0.95654296875,1.0,707.0
6bba_05db0fb1,4.942244555867304,37.88493222539309,1,0.9322832226753235,92,70555.0,71236.0,0.93212890625,1.0,676.0
6bba_05db0fb1,2.4375,21.039469781317234,1,0.9760353565216064,29,23837.0,24636.0,0.97607421875,1.0,811.0
6bba_05db0fb1,1.625,100.02498786207575,1,0.873777449131012,41,33676.0,34455.0,0.87353515625,1.0,796.0
6bba_05db0fb1,2.1877232028983924,49.76364169072618,1,0.9293158650398254,41,33843.0,34632.0,0.92919921875,1.0,796.0
6bba_05db0fb1,1.6750116604071745,,1,0.9212839007377625,45,37127.0,37890.0,0.92138671875,1.0,786.0
6bba_05db0fb1,1.7235727791422095,117.57504771047675,1,0.8527191281318665,72,56825.0,57537.0,0.8525390625,1.0,702.0
6bba_05db0fb1,1.7235727791422095,157.59312879506257,1,0.956034243106842,90,69422.0,70101.0,0.9560546875,1.0,680.0
6bba_05db0fb1,0.9084026158592896,26.565051177077994,1,0.9458550810813904,17,14180.0,14981.0,0.94580078125,1.0,813.0
6bba_05db0fb1,0.9084026158592896,74.43519333861158,1,0.8468942642211914,56,45200.0,45948.0,0.8466796875,1.0,744.0
6bba_05db0fb1,2.0714766773970688,,1,0.7283139824867249,85,65456.0,66114.0,0.728515625,1.0,677.0
6bba_05db0fb1,0.40625,45.0,1,0.8975955843925476,53,43191.0,43930.0,0.8974609375,1.0,738.0
6bba_05db0fb1,4.89189779763437,146.16191240851967,1,0.9279612302780151,66,52726.0,53458.0,0.927734375,1.0,733.0
6bba_05db0fb1,0.0,,1,0.8280130624771118,74,58150.0,58834.0,0.828125,1.0,688.0
6bba_05db0fb1,2.632800908728193,91.76846692833183,1,0.8451309204101562,7,6201.0,7004.0,0.84521484375,1.0,807.0
6bba_05db0fb1,0.0,,1,0.9098623394966125,64,51249.0,51975.0,0.90966796875,1.0,733.0
6bba_05db0fb1,1.4647552056572457,101.30993247402021,1,0.9417946338653564,54,43831.0,44568.0,0.94189453125,1.0,740.0
6bba_05db0fb1,1.7235727791422095,29.027649336121616,1,0.9615495204925537,9,7778.0,8561.0,0.96142578125,1.0,791.0
6bba_05db0fb1,0.0,,1,0.9026696085929871,88,68025.0,68714.0,0.90283203125,1.0,713.0
6bba_05db0fb1,2.0714766773970688,,1,0.9710435271263123,89,68681.0,69348.0,0.97119140625,1.0,676.0
6bba_05db0fb1,2.2980970388562794,82.45490741028135,1,0.9487994313240051,6,5458.0,6264.0,0.94873046875,1.0,796.0
6bba_05db0fb1,0.0,,1,0.7895539402961731,45,37158.0,37922.0,0.78955078125,1.0,786.0
6bba_05db0fb1,1.284675299443404,114.2710723038448,1,0.8382589221000671,63,50452.0,51172.0,0.83837890625,1.0,723.0
6bba_05db0fb1,4.908737426772795,,1,0.849065899848938,92,70752.0,71436.0,0.84912109375,1.0,676.0
6bba_05db0fb1,0.40625,104.03624346792648,1,0.915825605392456,69,54709.0,55423.0,0.916015625,1.0,710.0
6bba_05db0fb1,0.0,,1,0.9530801177024841,81,63195.0,63878.0,0.953125,1.0,711.0
6bba_05db0fb1,2.368824207280903,50.502626758255374,1,0.883051335811615,44,35873.0,36656.0,0.8828125,1.0,788.0
6bba_05db0fb1,1.625,,1,0.9547344446182251,75,59033.0,59734.0,0.95458984375,1.0,682.0
6bba_05db0fb1,2.2980970388562794,30.963756532073518,1,0.9511740207672119,7,5958.0,6744.0,0.951171875,1.0,807.0
6bba_05db0fb1,2.03125,29.688471490501506,1,0.9097904562950134,52,42085.0,42812.0,0.90966796875,1.0,747.0
6bba_05db0fb1,5.701990469344894,33.539466625338896,1,0.79765784740448,19,15797.0,16615.0,0.7978515625,1.0,819.0
6bba_05db0fb1,0.9084026158592896,63.61003343428846,1,0.9186580181121826,23,18794.0,19589.0,0.91845703125,1.0,827.0
6bba_05db0fb1,0.8125,56.145485187379485,1,0.9418898820877075,70,55544.0,56245.0,0.94189453125,1.0,711.0
6bba_05db0fb1,0.0,,1,0.8417332768440247,79,61592.0,62277.0,0.841796875,1.0,694.0
6bba_05db0fb1,0.9084026158592896,153.434948822922,1,0.9582581520080566,91,69605.0,70286.0,0.95849609375,1.0,684.0
6bba_05db0fb1,1.4647552056572457,11.309932474020195,1,0.9636203646659851,29,23986.0,24781.0,0.96337890625,1.0,811.0
6bba_05db0fb1,0.0,,1,0.9061971306800842,88,68030.0,68719.0,0.90625,1.0,713.0
6bba_05db0fb1,1.8168052317185792,71.56505117707799,1,0.6121357679367065,96,73585.0,74254.0,0.6123046875,1.0,679.0
6bba_05db0fb1,1.284675299443404,19.422939034568028,1,0.9139199256896973,66,52181.0,52910.0,0.9140625,1.0,733.0
6bba_05db0fb1,1.7235727791422095,103.63302222536642,1,0.9332398176193237,69,54809.0,55522.0,0.93310546875,1.0,710.0
6bba_05db0fb1,0.9084026158592896,36.86989764584403,1,0.8592395782470703,37,30626.0,31435.0,0.859375,1.0,819.0
6bba_05db0fb1,3.494694639736067,74.93363908449489,1,0.8807527422904968,18,14981.0,15805.0,0.880859375,1.0,823.0
6bba_05db0fb1,0.8125,49.672915655670266,1,0.9361289739608765,52,42074.0,42799.0,0.93603515625,1.0,747.0
6bba_05db0fb1,0.0,,1,0.928243100643158,34,28199.0,29010.0,0.92822265625,1.0,815.0
6bba_05db0fb1,5.296851954227152,130.66949140845145,1,0.8767711520195007,87,67258.0,67953.0,0.876953125,1.0,694.0
6bba_05db0fb1,1.284675299443404,,1,0.9606577754020691,51,41596.0,42349.0,0.96044921875,1.0,756.0
6bba_05db0fb1,0.0,,1,0.9209644198417664,26,21419.0,22227.0,0.9208984375,1.0,838.0
6bba_05db0fb1,1.7235727791422095,81.42689500055411,1,0.8852431774139404,15,12733.0,13563.0,0.88525390625,1.0,805.0
6bba_05db0fb1,1.1490485194281397,90.0,1,0.9039069414138794,44,36011.0,36784.0,0.90380859375,1.0,788.0
6bba_05db0fb1,1.6750116604071745,,1,0.8194169402122498,85,65968.0,66657.0,0.8193359375,1.0,677.0
6bba_05db0fb1,3.5648292823780494,70.00843927285855,1,0.8679252862930298,19,15899.0,16703.0,0.8681640625,1.0,819.0
6bba_05db0fb1,0.40625,161.565051177078,1,0.9387561082839966,67,53380.0,54091.0,0.93896484375,1.0,715.0
6bba_05db0fb1,2.0714766773970688,52.1250163489018,1,0.954050600528717,54,43928.0,44652.0,0.9541015625,1.0,740.0
6bba_05db0fb1,2.1877232028983924,,1,0.9430794715881348,4,3755.0,4550.0,0.94287109375,1.0,792.0
6bba_05db0fb1,2.0714766773970688,33.11134196037202,1,0.948961079120636,48,38898.0,39669.0,0.94873046875,1.0,773.0
6bba_05db0fb1,1.6750116604071745,104.03624346792648,1,0.8989497423171997,77,60279.0,60966.0,0.89892578125,1.0,683.0
6bba_05db0fb1,1.7235727791422095,47.1641627162977,1,0.966124951839447,31,25618.0,26430.0,0.96630859375,1.0,835.0
6bba_05db0fb1,2.632800908728193,39.244780007381365,1,0.8423423767089844,32,26335.0,27147.0,0.84228515625,1.0,822.0
6bba_05db0fb1,0.8125,0.0,1,0.8128250241279602,24,19787.0,20613.0,0.81298828125,1.0,814.0
6bba_05db0fb1,1.4647552056572457,78.69006752597979,1,0.933438241481781,55,44655.0,45395.0,0.93359375,1.0,739.0
6bba_05db0fb1,2.9295104113144914,78.35765456291017,1,0.7120071053504944,30,24803.0,25621.0,0.7119140625,1.0,815.0
6bba_05db0fb1,0.5745242597140698,45.0,1,0.8568412065505981,77,60400.0,61087.0,0.85693359375,1.0,683.0
6bba_05db0fb1,3.2752922102462856,155.3788874909597,1,0.9089471697807312,93,71459.0,72210.0,0.9091796875,1.0,710.0
6bba_05db0fb1,0.8125,78.69006752597979,1,0.802497923374176,52,42269.0,42996.0,0.802734375,1.0,747.0
6bba_05db0fb1,1.625,,1,0.9459934234619141,89,68580.0,69241.0,0.94580078125,1.0,676.0
6bba_05db0fb1,1.6750116604071745,137.81313547305282,1,0.9660616517066956,6,5176.0,5958.0,0.9658203125,1.0,796.0
6bba_05db0fb1,2.1877232028983924,68.61097682737565,1,0.9203792214393616,43,35214.0,36009.0,0.92041015625,1.0,782.0
6bba_05db0fb1,2.0714766773970688,78.69006752597979,1,0.7601473331451416,70,55131.0,55837.0,0.76025390625,1.0,711.0
6bba_05db0fb1,1.625,90.0,1,0.9519143104553223,58,46804.0,47545.0,0.9521484375,1.0,730.0
6bba_05db0fb1,2.632800908728193,,1,0.9298130869865417,0,734.0,1530.0,0.9296875,1.0,791.0
6bba_05db0fb1,1.86167137607581,98.87639508097335,1,0.9427794218063354,63,50467.0,51198.0,0.94287109375,1.0,723.0
6bba_05db0fb1,1.7235727791422095,86.25178481215947,1,0.8908664584159851,52,42249.0,42998.0,0.890625,1.0,747.0
6bba_05db0fb1,1.1490485194281397,26.56505117707798,1,0.9718188047409058,28,23167.0,23986.0,0.9716796875,1.0,845.0
6bba_05db0fb1,0.40625,93.57633437499736,1,0.8546429872512817,94,72039.0,72717.0,0.8544921875,1.0,727.0
6bba_05db0fb1,2.0714766773970688,78.69006752597979,1,0.9480196833610535,15,12492.0,13310.0,0.9482421875,1.0,805.0
6bba_05db0fb1,0.0,,1,0.966049075126648,49,40241.0,41007.0,0.9658203125,1.0,777.0
6bba_05db0fb1,0.40625,64.12330993917249,1,0.9157224297523499,16,13356.0,14180.0,0.91552734375,1.0,826.0
6bba_05db0fb1,1.86167137607581,61.041105120532784,1,0.9479559063911438,45,36871.0,37640.0,0.94775390625,1.0,786.0
6bba_05db0fb1,1.9902104160113323,114.09484255211069,1,0.8923112154006958,43,35236.0,36011.0,0.89208984375,1.0,782.0
6bba_05db0fb1,1.9902104160113323,12.156145050965607,1,0.9287152886390686,20,16320.0,17150.0,0.9287109375,1.0,836.0
6bba_05db0fb1,2.368824207280903,71.01045073358982,1,0.9366605281829834,60,47954.0,48672.0,0.9365234375,1.0,732.0
6bba_05db0fb1,1.86167137607581,153.989936222426,1,0.864935040473938,71,56118.0,56825.0,0.86474609375,1.0,707.0
6bba_05db0fb1,2.6012692214570947,56.48483828617204,1,0.969048261642456,3,3036.0,3807.0,0.96923828125,1.0,781.0
6bba_05db0fb1,1.7235727791422095,19.471220634490695,1,0.8065690994262695,58,46814.0,47558.0,0.806640625,1.0,730.0
6bba_05db0fb1,1.7235727791422095,50.68545354738157,1,0.9358198642730713,31,25721.0,26549.0,0.93603515625,1.0,835.0
6bba_05db0fb1,1.8168052317185792,,1,0.9151001572608948,75,58923.0,59601.0,0.9150390625,1.0,682.0
6bba_05db0fb1,1.9902104160113323,,1,0.6937557458877563,35,28770.0,29589.0,0.69384765625,1.0,809.0
6bba_05db0fb1,0.0,,1,0.9543856382369995,61,49013.0,49742.0,0.95458984375,1.0,723.0
6bba_05db0fb1,1.7235727791422095,108.43494882292202,1,0.9598076939582825,97,74210.0,74879.0,0.9599609375,1.0,671.0
6bba_05db0fb1,2.1877232028983924,1.2074182697257333e-06,1,0.8896009922027588,18,14992.0,15797.0,0.8896484375,1.0,823.0
6bba_05db0fb1,3.6787502123683256,62.24733487708578,1,0.9686203598976135,22,17980.0,18794.0,0.96875,1.0,826.0
6bba_05db0fb1,0.5745242597140698,,1,0.9062153697013855,85,65775.0,66469.0,0.90625,1.0,677.0
6bba_05db0fb1,0.5745242597140698,90.0,1,0.9195659756660461,61,49092.0,49814.0,0.91943359375,1.0,723.0
6bba_05db0fb1,0.9084026158592896,102.52880770915151,1,0.9135558605194092,56,45412.0,46160.0,0.91357421875,1.0,744.0
6bba_05db0fb1,1.86167137607581,77.39561735162081,1,0.9478715062141418,91,70030.0,70704.0,0.94775390625,1.0,684.0
6bba_05db0fb1,1.6750116604071745,103.30234084469825,1,0.986565887928009,20,16574.0,17400.0,0.986328125,1.0,836.0
6bba_05db0fb1,0.5745242597140698,90.0,1,0.8985862135887146,60,48371.0,49092.0,0.8984375,1.0,732.0
6bba_05db0fb1,2.2980970388562794,,1,0.9088478088378906,65,51833.0,52573.0,0.90869140625,1.0,728.0
6bba_05db0fb1,2.569350598886808,,1,,75,58622.0,59300.0,0.08856201171875,2.0,682.0
6bba_05db0fb1,1.21875,77.39561735162081,1,0.9360225796699524,8,7040.0,7822.0,0.93603515625,1.0,797.0
6bba_05db0fb1,1.6750116604071745,22.83365417791755,1,0.8971951007843018,13,11033.0,11826.0,0.89697265625,1.0,799.0
6bba_05db0fb1,1.6750116604071745,,1,0.9247740507125854,82,63717.0,64387.0,0.9248046875,1.0,673.0
6bba_05db0fb1,2.0714766773970688,29.346508916717564,1,0.9310422539710999,12,10017.0,10807.0,0.93115234375,1.0,792.0
6bba_05db0fb1,0.40625,,1,0.9050326943397522,82,63788.0,64474.0,0.9052734375,1.0,673.0
6bba_05db0fb1,0.0,,1,0.9591504335403442,26,21371.0,22196.0,0.958984375,1.0,838.0
6bba_05db0fb1,3.471001521535247,145.40771131249005,1,0.9339243173599243,15,12636.0,13446.0,0.93408203125,1.0,805.0
6bba_05db0fb1,1.8168052317185792,,1,0.8895785212516785,85,65930.0,66611.0,0.8896484375,1.0,677.0
6bba_05db0fb1,0.9084026158592896,67.02309667979011,1,0.960502564907074,52,42456.0,43189.0,0.96044921875,1.0,747.0
6bba_05db0fb1,2.333728575156074,21.164958170091136,1,0.596977710723877,4,3720.0,4487.0,0.59716796875,1.0,792.0
6bba_05db0fb1,0.40625,,1,0.9783827662467957,61,48913.0,49638.0,0.978515625,1.0,723.0
6bba_05db0fb1,0.8125,,1,0.9274959564208984,89,68714.0,69379.0,0.927734375,1.0,676.0
6bba_05db0fb1,3.447145558284419,,1,0.86307692527771,46,37414.0,38160.0,0.86328125,1.0,765.0
6bba_05db0fb1,0.8125,48.18968510422141,1,0.8647978901863098,1,1367.0,2157.0,0.86474609375,1.0,793.0
6bba_05db0fb1,0.0,,1,0.9501615762710571,59,47529.0,48264.0,0.9501953125,1.0,743.0
6bba_05db0fb1,1.284675299443404,64.89590974977862,1,0.8045945763587952,22,18302.0,19134.0,0.8046875,1.0,826.0
6bba_05db0fb1,0.5745242597140698,80.53767779197439,1,0.7665107250213623,47,38431.0,39207.0,0.7666015625,1.0,763.0
6bba_05db0fb1,0.9084026158592896,8.537736462515939e-07,1,0.9393476843833923,33,27237.0,28044.0,0.939453125,1.0,825.0
6bba_05db0fb1,3.374565944310468,106.67956723982358,1,0.9142873883247375,2,2049.0,2825.0,0.9140625,1.0,791.0
6bba_05db0fb1,0.9084026158592896,26.565051177077994,1,0.9078266620635986,55,44355.0,45085.0,0.90771484375,1.0,739.0
6bba_05db0fb1,1.284675299443404,108.43494882292201,1,0.7590084075927734,12,10237.0,11044.0,0.7587890625,1.0,792.0
6bba_05db0fb1,1.7235727791422095,54.735610317245346,1,0.9737107753753662,36,29964.0,30782.0,0.9736328125,1.0,826.0
6bba_05db0fb1,0.40625,,1,0.8814660310745239,58,46732.0,47476.0,0.88134765625,1.0,730.0
6bba_05db0fb1,2.7252078475778685,15.25511870305774,1,0.8995824456214905,46,37419.0,38162.0,0.8994140625,1.0,765.0
6bba_05db0fb1,0.0,,1,0.9574733376502991,49,39669.0,40441.0,0.95751953125,1.0,777.0
6bba_05db0fb1,0.9084026158592896,108.43494882292201,1,0.9051122069358826,61,49078.0,49804.0,0.9052734375,1.0,723.0
6bba_05db0fb1,2.333728575156074,11.844282600216772,1,0.6141120195388794,86,66209.0,66917.0,0.6142578125,1.0,693.0
6bba_05db0fb1,1.6750116604071745,13.633022225366389,1,0.9001502990722656,67,53420.0,54114.0,0.900390625,1.0,715.0
6bba_05db0fb1,2.9575446425202108,119.05460409907714,1,0.725167453289032,8,7052.0,7832.0,0.72509765625,1.0,797.0
6bba_05db0fb1,0.0,,1,0.8983020782470703,49,39682.0,40454.0,0.8984375,1.0,777.0
6bba_05db0fb1,2.1877232028983924,41.92073728827869,1,0.9592195153236389,10,8336.0,9128.0,0.958984375,1.0,792.0
6bba_05db0fb1,0.40625,38.67344937613534,1,0.9299755096435547,20,16549.0,17378.0,0.93017578125,1.0,836.0
6bba_05db0fb1,3.6336104634371584,79.85347692819988,1,0.9394431114196777,51,41210.0,41940.0,0.939453125,1.0,756.0
6bba_05db0fb1,0.0,,1,0.9664344191551208,64,51258.0,51985.0,0.96630859375,1.0,733.0
6bba_05db0fb1,0.5745242597140698,68.32912088638881,1,0.9219602942466736,9,7746.0,8551.0,0.921875,1.0,791.0
6bba_05db0fb1,0.0,,1,0.9489787817001343,20,16746.0,17572.0,0.94921875,1.0,836.0
6bba_05db0fb1,0.8125,141.05755873101862,1,0.9568336009979248,31,25840.0,26662.0,0.95703125,1.0,835.0
6bba_05db0fb1,1.21875,45.86825078796896,1,0.7816027402877808,5,4487.0,5261.0,0.78173828125,1.0,793.0
6bba_05db0fb1,1.6750116604071745,137.81313547305282,1,0.9064668416976929,56,45340.0,46075.0,0.90625,1.0,744.0
6bba_05db0fb1,0.40625,,1,0.9307316541671753,35,28860.0,29702.0,0.9306640625,1.0,809.0
6bba_05db0fb1,0.0,,1,0.8856199383735657,57,45833.0,46575.0,0.8857421875,1.0,742.0
6bba_05db0fb1,1.4647552056572457,55.51861062801842,1,0.8126181960105896,47,38315.0,39083.0,0.8125,1.0,763.0
6bba_05db0fb1,1.86167137607581,,1,0.9332026243209839,28,23172.0,23993.0,0.93310546875,1.0,845.0
6bba_05db0fb1,1.6750116604071745,146.0151074965648,1,0.9404506087303162,6,5473.0,6268.0,0.9404296875,1.0,796.0
6bba_05db0fb1,1.284675299443404,49.41780493492815,1,,28,,24079.0,,,
6bba_05db0fb1,0.0,,1,0.8917585611343384,26,21608.0,22427.0,0.8916015625,1.0,838.0
6bba_05db0fb1,4.685103554085011,23.116421919208353,1,0.9087052345275879,30,24902.0,25721.0,0.90869140625,1.0,815.0
6bba_05db0fb1,1.6750116604071745,90.0,1,0.8752551078796387,67,53398.0,54106.0,0.87548828125,1.0,715.0
6bba_05db0fb1,1.1490485194281397,85.37796307416288,1,0.9587330222129822,2,2250.0,3036.0,0.95849609375,1.0,791.0
6bba_05db0fb1,2.0714766773970688,126.03989343030386,1,0.8641269207000732,72,56959.0,57654.0,0.8642578125,1.0,702.0
6bba_05db0fb1,1.6750116604071745,80.12503860217872,1,0.9595253467559814,83,64173.0,64850.0,0.95947265625,1.0,695.0
6bba_05db0fb1,1.6750116604071745,124.46595604571381,1,0.886986255645752,20,16743.0,17568.0,0.88720703125,1.0,836.0
6bba_05db0fb1,1.6750116604071745,14.036243467926484,1,0.9442447423934937,29,24207.0,25017.0,0.9443359375,1.0,811.0
6bba_05db0fb1,2.0714766773970688,78.69006752597979,1,0.841192901134491,33,27481.0,28323.0,0.84130859375,1.0,825.0
6bba_05db0fb1,3.0671202393287422,32.335979731787916,1,0.909100353717804,1,1242.0,2049.0,0.9091796875,1.0,793.0
6bba_05db0fb1,1.86167137607581,,1,0.8748958110809326,65,51975.0,52691.0,0.875,1.0,728.0
6bba_05db0fb1,2.8726212985703494,,1,0.7740330100059509,50,40893.0,41623.0,0.77392578125,1.0,761.0
6bba_05db0fb1,1.284675299443404,74.74488129694222,1,0.9835926294326782,21,17429.0,18255.0,0.9833984375,1.0,825.0
6bba_05db0fb1,0.9084026158592896,67.02309667979011,1,0.9602161049842834,46,37640.0,38391.0,0.96044921875,1.0,765.0
6bba_05db0fb1,0.9084026158592896,161.56505117707798,1,0.9440526366233826,78,60985.0,61661.0,0.94384765625,1.0,681.0
6bba_05db0fb1,1.9902104160113323,65.90515744788931,1,0.8042519688606262,53,42996.0,43727.0,0.80419921875,1.0,738.0
6bba_05db0fb1,1.625,,1,0.9269548058509827,86,66628.0,67321.0,0.9267578125,1.0,693.0
6bba_05db0fb1,0.0,,1,0.9645782113075256,98,74912.0,75561.0,0.96435546875,1.0,662.0
6bba_05db0fb1,2.333728575156074,44.131749212031046,1,0.8434982895851135,22,18484.0,19293.0,0.84326171875,1.0,826.0
6bba_05db0fb1,1.86167137607581,121.5881355052012,1,0.8795204758644104,47,38642.0,39412.0,0.87939453125,1.0,763.0
6bba_05db0fb1,0.8125,97.07055511696582,1,0.9592198729515076,2,2307.0,3094.0,0.958984375,1.0,791.0
6bba_05db0fb1,0.9084026158592896,90.0,1,0.9126754403114319,57,45948.0,46683.0,0.91259765625,1.0,742.0
6bba_05db0fb1,1.86167137607581,67.02309667979011,1,0.9664230346679688,42,34432.0,35214.0,0.96630859375,1.0,791.0
6bba_05db0fb1,0.0,,1,0.9176878929138184,79,61775.0,62457.0,0.91748046875,1.0,694.0
6bba_05db0fb1,2.8726212985703494,,1,0.7031576037406921,50,40983.0,41714.0,0.703125,1.0,761.0
6bba_05db0fb1,0.0,,1,0.9465970993041992,74,58240.0,58923.0,0.94677734375,1.0,688.0
6bba_05db0fb1,0.40625,97.07055511696582,1,0.95169997215271,29,23982.0,24794.0,0.95166015625,1.0,811.0
6bba_05db0fb1,2.03125,157.16634582208246,1,0.9210576415061951,55,44566.0,45322.0,0.9208984375,1.0,739.0
6bba_05db0fb1,0.40625,76.3669777746336,1,0.9020138382911682,53,42998.0,43709.0,0.90185546875,1.0,738.0
6bba_05db0fb1,0.0,,1,0.7679444551467896,49,39957.0,40727.0,0.76806640625,1.0,777.0
6bba_05db0fb1,0.0,,1,0.9601813554763794,26,21767.0,22581.0,0.9599609375,1.0,838.0
6bba_05db0fb1,0.9084026158592896,,1,0.8805789947509766,58,46614.0,47357.0,0.88037109375,1.0,730.0
6bba_05db0fb1,0.9084026158592896,113.57817847820183,1,0.9315733313560486,72,56830.0,57545.0,0.931640625,1.0,702.0
6bba_05db0fb1,1.86167137607581,124.56678821793116,1,0.9533860087394714,5,4380.0,5176.0,0.95361328125,1.0,793.0
6bba_05db0fb1,1.284675299443404,77.07903361841643,1,0.9443140625953674,66,52573.0,53288.0,0.9443359375,1.0,733.0
6bba_05db0fb1,0.9084026158592896,102.52880770915151,1,0.8945677876472473,78,60966.0,61657.0,0.89453125,1.0,681.0
6bba_05db0fb1,1.86167137607581,140.43615630184766,1,0.8809545040130615,52,42149.0,42876.0,0.880859375,1.0,747.0
6bba_05db0fb1,2.9575446425202108,,1,0.9586411714553833,50,40775.0,41516.0,0.95849609375,1.0,761.0
6bba_05db0fb1,3.832554834897995,,1,0.8438909649848938,35,29010.0,29821.0,0.84375,1.0,809.0
6bba_05db0fb1,3.832554834897995,112.00984133998594,1,0.9662709832191467,25,20705.0,21518.0,0.96630859375,1.0,824.0
6bba_05db0fb1,4.487177913232324,,1,0.8075757026672363,50,40577.0,41333.0,0.8076171875,1.0,761.0
6bba_05db0fb1,0.8125,107.34606529266995,1,,76,59658.0,,,,
6bba_05db0fb1,1.86167137607581,104.0099865716056,1,0.8304204940795898,55,44568.0,45323.0,0.83056640625,1.0,739.0
6bba_05db0fb1,3.374565944310468,143.85946593670354,1,0.8257858753204346,87,67347.0,68052.0,0.82568359375,1.0,694.0
6bba_05db0fb1,0.0,,1,0.9615068435668945,88,67823.0,68520.0,0.96142578125,1.0,713.0
6bba_05db0fb1,0.0,,1,0.8998217582702637,26,21820.0,22631.0,0.89990234375,1.0,838.0
6bba_05db0fb1,2.9575446425202108,,1,0.6526365280151367,27,21870.0,22685.0,0.65283203125,1.0,812.0
6bba_05db0fb1,0.40625,116.56505117707799,1,0.863523542881012,43,35307.0,36100.0,0.86328125,1.0,782.0
6bba_05db0fb1,2.1877232028983924,,1,,80,,63195.0,,,
6bba_05db0fb1,1.284675299443404,18.434948822921996,1,0.935340404510498,37,30348.0,31165.0,0.935546875,1.0,819.0
6bba_05db0fb1,1.86167137607581,17.70008631265546,1,0.8908730149269104,46,37890.0,38642.0,0.89111328125,1.0,765.0
6bba_05db0fb1,2.0714766773970688,57.42102960719588,1,0.7775107622146606,59,47161.0,47909.0,0.77734375,1.0,743.0
6bba_05db0fb1,0.0,,1,0.9011244177818298,64,50731.0,51464.0,0.9013671875,1.0,733.0
6bba_05db0fb1,0.40625,,1,0.9326686859130859,61,48996.0,49717.0,0.9326171875,1.0,723.0
6bba_05db0fb1,1.7235727791422095,39.50971228619392,1,0.9571897387504578,66,52691.0,53420.0,0.95703125,1.0,733.0
6bba_05db0fb1,0.0,,1,0.8962781429290771,88,67560.0,68270.0,0.896484375,1.0,713.0
6bba_05db0fb1,4.021669817998489,24.613597652978545,1,0.8931217193603516,11,9228.0,10017.0,0.89306640625,1.0,822.0
6bba_05db0fb1,1.6750116604071745,,1,0.8900275230407715,68,53997.0,54709.0,0.89013671875,1.0,709.0
6bba_05db0fb1,2.9575446425202108,30.681939072374274,1,0.8371082544326782,3,2934.0,3720.0,0.8369140625,1.0,781.0
6bba_05db0fb1,2.1877232028983924,22.382312366552757,1,0.7608574032783508,56,44836.0,45577.0,0.7607421875,1.0,744.0
6bba_05db0fb1,0.9084026158592896,56.78908923910092,1,0.887672483921051,73,57530.0,58221.0,0.8876953125,1.0,709.0
6bba_05db0fb1,1.7235727791422095,71.56505117707799,1,0.9336336851119995,31,25607.0,26439.0,0.93359375,1.0,835.0
6bba_05db0fb1,1.86167137607581,,1,0.914988100528717,80,62540.0,63252.0,0.9150390625,1.0,671.0
6bba_05db0fb1,2.569350598886808,,1,0.9497019648551941,27,22328.0,23167.0,0.94970703125,1.0,812.0
6bba_05db0fb1,0.0,,1,0.9878897070884705,84,65163.0,65839.0,0.98779296875,1.0,679.0
6bba_05db0fb1,0.0,,1,0.9469876885414124,34,28044.0,28855.0,0.94677734375,1.0,815.0
6bba_05db0fb1,0.0,,1,0.9624962210655212,74,58347.0,59033.0,0.96240234375,1.0,688.0
6bba_05db0fb1,1.1490485194281397,68.32912088638881,1,0.8668976426124573,17,14034.0,14827.0,0.86669921875,1.0,813.0
6bba_05db0fb1,1.284675299443404,18.434948822921996,1,0.9542670845985413,59,47208.0,47954.0,0.9541015625,1.0,743.0
6bba_05db0fb1,0.0,,1,0.8198017477989197,23,19218.0,20036.0,0.81982421875,1.0,827.0
6bba_05db0fb1,5.816614806956019,69.56068242674176,1,0.8414078950881958,87,67213.0,67885.0,0.84130859375,1.0,694.0
6bba_05db0fb1,0.0,,1,0.9476287961006165,11,9266.0,10070.0,0.94775390625,1.0,822.0
6bba_05db0fb1,0.40625,68.1985905136482,1,0.925467848777771,73,57547.0,58227.0,0.92529296875,1.0,709.0
6bba_05db0fb1,3.093907824257213,86.63353933657021,1,0.8026958107948303,19,15991.0,16828.0,0.802734375,1.0,819.0
6bba_05db0fb1,0.0,,1,0.9541388154029846,88,67867.0,68561.0,0.9541015625,1.0,713.0
6bba_05db0fb1,1.21875,,1,0.872938871383667,85,65823.0,66511.0,0.873046875,1.0,677.0
6bba_05db0fb1,0.9084026158592896,88.40144562518664,1,0.9523743987083435,94,72158.0,72844.0,0.9521484375,1.0,727.0
6bba_05db0fb1,0.0,,1,0.9433450102806091,84,65072.0,65750.0,0.943359375,1.0,679.0
6bba_05db0fb1,0.5745242597140698,,1,0.8403770923614502,60,48348.0,49078.0,0.84033203125,1.0,732.0
6bba_05db0fb1,1.625,90.0,1,0.8921896815299988,63,50341.0,51069.0,0.89208984375,1.0,723.0
6bba_05db0fb1,2.632800908728193,124.14996479229283,1,0.9429819583892822,43,35590.0,36379.0,0.94287109375,1.0,782.0
6bba_05db0fb1,0.8125,0.0,1,0.8487332463264465,29,24271.0,25083.0,0.8486328125,1.0,811.0
6bba_05db0fb1,0.5745242597140698,,1,0.8432692289352417,82,63485.0,64173.0,0.84326171875,1.0,673.0
6bba_05db0fb1,3.6787502123683256,63.61003343428846,1,,30,24305.0,25154.0,0.19677734375,3.0,815.0
6bba_05db0fb1,1.1490485194281397,90.0,1,0.7424771189689636,48,39328.0,40114.0,0.74267578125,1.0,773.0
6bba_05db0fb1,0.9084026158592896,90.0,1,0.9361100792884827,70,55408.0,56110.0,0.93603515625,1.0,711.0
6bba_05db0fb1,3.300390601883359,119.59257372668816,1,0.9371083378791809,1,1530.0,2307.0,0.93701171875,1.0,793.0
6bba_05db0fb1,0.5745242597140698,99.87496139782128,1,0.9330716729164124,83,64387.0,65072.0,0.93310546875,1.0,695.0
6bba_05db0fb1,1.6750116604071745,,1,0.929374635219574,35,28980.0,29801.0,0.92919921875,1.0,809.0
6bba_05db0fb1,4.4502457797294745,32.71872905338669,1,0.8376096487045288,55,44157.0,44888.0,0.83740234375,1.0,739.0
6bba_05db0fb1,3.494694639736067,,1,,50,,41327.0,,,
6bba_05db0fb1,2.9575446425202108,,1,0.8327755331993103,78,60670.0,61360.0,0.8330078125,1.0,681.0
6bba_05db0fb1,1.21875,27.266044450732828,1,0.9005285501480103,58,46484.0,47208.0,0.900390625,1.0,730.0
6bba_05db0fb1,1.86167137607581,64.12330993917249,1,0.9430907368659973,97,74078.0,74750.0,0.94287109375,1.0,671.0
6bba_05db0fb1,2.6012692214570947,83.6598082540901,1,0.8669130802154541,18,14827.0,15678.0,0.86669921875,1.0,823.0
6bba_05db0fb1,0.0,,1,0.7864643335342407,81,63103.0,63788.0,0.78662109375,1.0,711.0
6bba_05db0fb1,2.0714766773970688,,1,0.8932859301567078,65,51985.0,52726.0,0.89306640625,1.0,728.0
6bba_05db0fb1,1.9902104160113323,153.0159395362353,1,0.9648957848548889,21,17400.0,18242.0,0.96484375,1.0,825.0
6bba_05db0fb1,1.86167137607581,102.60438264837919,1,0.9161199331283569,70,55423.0,56127.0,0.916015625,1.0,711.0
6bba_05db0fb1,1.6750116604071745,59.03624346792647,1,0.9312313199043274,32,26387.0,27227.0,0.93115234375,1.0,822.0
6bba_05db0fb1,0.0,,1,0.8989821076393127,49,39909.0,40662.0,0.89892578125,1.0,777.0
6bba_05db0fb1,3.2752922102462856,59.55448433648862,1,0.8202072978019714,19,15786.0,16619.0,0.8203125,1.0,819.0
6bba_05db0fb1,2.1877232028983924,97.54509258971866,1,0.9143117070198059,54,43590.0,44313.0,0.91455078125,1.0,740.0
6bba_05db0fb1,1.1490485194281397,,1,0.7902225852012634,47,38553.0,39328.0,0.7900390625,1.0,763.0
6bba_05db0fb1,0.8125,103.17471215956763,1,,54,43741.0,44530.0,0.0233154296875,2.0,740.0
6bba_05db0fb1,1.7235727791422095,,1,0.9211219549179077,82,63742.0,64415.0,0.9208984375,1.0,673.0
6bba_05db0fb1,1.7235727791422095,166.36697777463363,1,0.7302010655403137,54,43765.0,44516.0,0.72998046875,1.0,740.0
6bba_05db0fb1,0.40625,0.0,1,0.9621855616569519,57,46074.0,46804.0,0.96240234375,1.0,742.0
6bba_05db0fb1,1.284675299443404,64.89590974977862,1,0.9696744680404663,63,50521.0,51258.0,0.9697265625,1.0,723.0
6bba_05db0fb1,3.471001521535247,60.96990377476915,1,0.9355354905128479,48,39465.0,40241.0,0.935546875,1.0,773.0
6bba_05db0fb1,1.86167137607581,108.91568244623787,1,0.8443493843078613,31,25502.0,26335.0,0.84423828125,1.0,835.0
6bba_05db0fb1,3.350023320814349,76.39103936921708,1,0.8042380809783936,52,42126.0,42848.0,0.80419921875,1.0,747.0
6bba_05db0fb1,0.5745242597140698,153.43494882292202,1,0.9057643413543701,54,43919.0,44655.0,0.90576171875,1.0,740.0
6bba_05db0fb1,1.8168052317185792,139.3987053549955,1,0.9445260763168335,12,9932.0,10728.0,0.9443359375,1.0,792.0
6bba_05db0fb1,0.8125,,1,0.9459524750709534,82,63841.0,64525.0,0.94580078125,1.0,673.0
6bba_05db0fb1,2.03125,81.63252797964657,1,0.9021117091178894,28,23240.0,24042.0,0.90234375,1.0,845.0
6bba_05db0fb1,0.0,,1,0.8739876747131348,45,36768.0,37538.0,0.8740234375,1.0,786.0
6bba_05db0fb1,2.8726212985703494,56.309932474020215,1,0.9041169881820679,58,46363.0,47088.0,0.904296875,1.0,730.0
6bba_05db0fb1,2.0714766773970688,37.87498365109821,1,0.9620553851127625,33,27375.0,28174.0,0.9619140625,1.0,825.0
6bba_05db0fb1,0.5745242597140698,43.31385665828306,1,0.9303763508796692,63,50389.0,51111.0,0.93017578125,1.0,723.0
6bba_05db0fb1,1.284675299443404,104.96321743330712,1,0.7832105755805969,54,43727.0,44469.0,0.783203125,1.0,740.0
6bba_05db0fb1,0.0,,1,0.8954928517341614,34,28323.0,29131.0,0.8955078125,1.0,815.0
6bba_05db0fb1,2.368824207280903,27.07686079447137,1,0.8915495276451111,28,22840.0,23653.0,0.8916015625,1.0,845.0
6bba_05db0fb1,2.333728575156074,,1,0.9291315078735352,21,17572.0,18386.0,0.92919921875,1.0,825.0
6bba_05db0fb1,0.8125,76.14733123923796,1,0.8238530158996582,40,32934.0,33746.0,0.82373046875,1.0,825.0
6bba_05db0fb1,0.0,,1,0.9381223917007446,59,47627.0,48348.0,0.93798828125,1.0,743.0
6bba_05db0fb1,1.284675299443404,98.5731049994459,1,,78,61130.0,,,,
6bba_05db0fb1,0.0,,1,0.908838152885437,49,40198.0,40963.0,0.90869140625,1.0,777.0
6bba_05db0fb1,2.333728575156074,29.9950372954983,1,0.9262285232543945,16,13213.0,14034.0,0.92626953125,1.0,826.0
6bba_05db0fb1,3.2752922102462856,95.03163722172496,1,0.8768272399902344,72,56952.0,57673.0,0.876953125,1.0,702.0
6bba_05db0fb1,3.7454399357752353,12.528807709151492,1,0.8314346075057983,30,25083.0,25924.0,0.83154296875,1.0,815.0
6bba_05db0fb1,0.40625,161.565051177078,1,0.957821249961853,67,53288.0,53983.0,0.9580078125,1.0,715.0
6bba_05db0fb1,2.333728575156074,93.70680433924063,1,0.8985980749130249,33,27366.0,28180.0,0.8984375,1.0,825.0
6bba_05db0fb1,2.8726212985703494,115.10409025022139,1,0.9157161116600037,3,2904.0,3679.0,0.91552734375,1.0,781.0
6bba_05db0fb1,1.7235727791422095,30.96375653207351,1,,21,17350.0,18184.0,0.1724853515625,2.0,825.0
6bba_05db0fb1,0.40625,180.0,1,0.8075416684150696,71,56245.0,56959.0,0.8076171875,1.0,707.0
6bba_05db0fb1,4.318496736423452,49.982833138576964,1,0.8196900486946106,32,26408.0,27200.0,0.81982421875,1.0,822.0
6bba_05db0fb1,2.03125,,1,0.8706156611442566,89,68633.0,69306.0,0.87060546875,1.0,676.0
6bba_05db0fb1,0.9084026158592896,60.7940677526006,1,0.9513118267059326,18,14702.0,15537.0,0.951171875,1.0,823.0
6bba_05db0fb1,2.03125,26.405562445947222,1,0.965857207775116,15,12303.0,13119.0,0.9658203125,1.0,805.0
6bba_05db0fb1,1.86167137607581,17.70008631265546,1,0.9173291325569153,24,20114.0,20932.0,0.91748046875,1.0,814.0
6bba_05db0fb1,1.625,60.50379150343357,1,0.9505071640014648,28,23395.0,24207.0,0.95068359375,1.0,845.0
6bba_05db0fb1,0.40625,114.09484255211069,1,0.7812680006027222,36,29589.0,30399.0,0.78125,1.0,826.0
6bba_05db0fb1,1.625,165.96375653207352,1,0.9232662916183472,95,72875.0,73573.0,0.92333984375,1.0,691.0
6bba_05db0fb1,2.1877232028983924,129.1508388961076,1,0.9695901274681091,72,56833.0,57547.0,0.9697265625,1.0,702.0
6bba_05db0fb1,3.72334275215162,137.81313547305282,1,0.8212775588035583,32,26448.0,27278.0,0.8212890625,1.0,822.0
6bba_05db0fb1,2.632800908728193,98.87639508097335,1,0.9488718509674072,45,36957.0,37705.0,0.94873046875,1.0,786.0
6bba_05db0fb1,0.40625,121.99281700018172,1,0.916985809803009,18,15107.0,15923.0,0.9169921875,1.0,823.0
6bba_05db0fb1,1.7235727791422095,70.52877936550931,1,0.9552111625671387,29,24000.0,24790.0,0.955078125,1.0,811.0
6bba_05db0fb1,0.8125,,1,0.7729829549789429,48,39189.0,39974.0,0.77294921875,1.0,773.0
6bba_05db0fb1,0.40625,0.0,1,0.915861964225769,77,60485.0,61170.0,0.916015625,1.0,683.0
6bba_05db0fb1,1.625,150.7940677526006,1,0.9077181220054626,56,45323.0,46051.0,0.90771484375,1.0,744.0
6bba_05db0fb1,0.9084026158592896,,1,0.7926060557365417,18,15182.0,15991.0,0.79248046875,1.0,823.0
6bba_05db0fb1,1.86167137607581,95.1592117220265,1,0.8636481761932373,67,52989.0,53696.0,0.86376953125,1.0,715.0
6bba_05db0fb1,1.9902104160113323,47.83119819524826,1,0.9647929072380066,31,25435.0,26260.0,0.96484375,1.0,835.0
6bba_05db0fb1,5.041429918683786,152.70222450123023,1,0.818010151386261,39,31987.0,32807.0,0.81787109375,1.0,793.0
6bba_05db0fb1,2.03125,41.820169880135765,1,0.8707756996154785,12,10248.0,11033.0,0.87060546875,1.0,792.0
6bba_05db0fb1,0.40625,100.02498786207575,1,0.9655351638793945,48,39231.0,40009.0,0.96533203125,1.0,773.0
6bba_05db0fb1,2.471122277933652,,1,0.9003171920776367,80,62399.0,63098.0,0.900390625,1.0,671.0
6bba_05db0fb1,2.368824207280903,,1,0.9169299602508545,80,62340.0,63034.0,0.9169921875,1.0,671.0
6bba_05db0fb1,0.5745242597140698,45.0,1,0.6580902934074402,69,54737.0,55435.0,0.658203125,1.0,710.0
6bba_05db0fb1,1.6750116604071745,135.518542156226,1,0.8443468809127808,55,44652.0,45412.0,0.84423828125,1.0,739.0
6bba_05db0fb1,1.8168052317185792,40.617534233842896,1,0.9556546807289124,6,5340.0,6133.0,0.95556640625,1.0,796.0
6bba_05db0fb1,4.241374519244911,50.01930949246516,1,0.5495060086250305,19,15537.0,16320.0,0.54931640625,1.0,819.0
6bba_05db0fb1,3.300390601883359,82.92944488303418,1,0.9324331879615784,28,23182.0,23982.0,0.9326171875,1.0,845.0
6bba_05db0fb1,1.625,90.0,1,0.908549427986145,36,29999.0,30820.0,0.90869140625,1.0,826.0
6bba_05db0fb1,0.8125,,1,0.8601928949356079,87,67234.0,67940.0,0.8603515625,1.0,694.0
6bba_05db0fb1,0.9084026158592896,66.42182152179818,1,0.9130899906158447,37,30156.0,30972.0,0.9130859375,1.0,819.0
6bba_05db0fb1,1.7235727791422095,,1,0.9455501437187195,89,68561.0,69223.0,0.9453125,1.0,676.0
6bba_05db0fb1,1.284675299443404,55.30484646876604,1,0.821029007434845,41,34017.0,34813.0,0.82080078125,1.0,796.0
6bba_05db0fb1,4.5420130792964475,,1,,27,22461.0,,,,
6bba_05db0fb1,0.0,,1,0.8063812255859375,46,37790.0,38553.0,0.80615234375,1.0,765.0
6bba_05db0fb1,0.9084026158592896,96.22685029713438,1,0.8004248142242432,91,69987.0,70668.0,0.80029296875,1.0,684.0
6bba_05db0fb1,1.21875,0.0,1,0.9572812914848328,41,33520.0,34305.0,0.95751953125,1.0,796.0
6bba_05db0fb1,1.4647552056572457,49.47934560540786,1,0.9108712673187256,51,41490.0,42249.0,0.91064453125,1.0,756.0
6bba_05db0fb1,1.8168052317185792,71.56505117707799,1,0.915982186794281,8,7067.0,7854.0,0.916015625,1.0,797.0
6bba_05db0fb1,2.333728575156074,102.30998866432856,1,0.9628434777259827,22,18242.0,19057.0,0.962890625,1.0,826.0
6bba_05db0fb1,1.6750116604071745,162.29991368734454,1,0.9231590628623962,29,23993.0,24803.0,0.92333984375,1.0,811.0
6bba_05db0fb1,0.0,,1,0.9222489595413208,84,65170.0,65846.0,0.92236328125,1.0,679.0
6bba_05db0fb1,4.908737426772795,170.50547549029474,1,0.9221484065055847,93,71436.0,72187.0,0.92236328125,1.0,710.0
6bba_05db0fb1,2.1877232028983924,68.61097682737565,1,0.9171684384346008,61,48976.0,49682.0,0.9169921875,1.0,723.0
6bba_05db0fb1,2.9295104113144914,,1,0.7915011048316956,27,22631.0,23459.0,0.79150390625,1.0,812.0
6bba_05db0fb1,2.1877232028983924,71.08431755376213,1,0.9640462398529053,8,6937.0,7717.0,0.9638671875,1.0,797.0
6bba_05db0fb1,0.5745242597140698,11.309932474020195,1,0.9046161770820618,42,34275.0,35052.0,0.90478515625,1.0,791.0
6bba_05db0fb1,1.7235727791422095,76.3669777746336,1,0.8770158290863037,68,53991.0,54715.0,0.876953125,1.0,709.0
6bba_05db0fb1,0.0,,1,0.8937953114509583,64,51139.0,51866.0,0.8935546875,1.0,733.0
6bba_05db0fb1,0.0,,1,0.9357662200927734,26,21510.0,22328.0,0.935546875,1.0,838.0
6bba_05db0fb1,2.333728575156074,18.255059151203543,1,0.9292258024215698,47,38468.0,39231.0,0.92919921875,1.0,763.0
6bba_05db0fb1,3.494694639736067,21.840095435972678,1,0.8095350861549377,57,46019.0,46755.0,0.8095703125,1.0,742.0
6bba_05db0fb1,4.33756303988772,77.26656108642624,1,0.920285165309906,86,66114.0,66788.0,0.92041015625,1.0,693.0
6bba_05db0fb1,2.03125,,1,0.8676425814628601,89,68270.0,68931.0,0.86767578125,1.0,676.0
6bba_05db0fb1,1.86167137607581,,1,0.9247071146965027,35,28855.0,29675.0,0.9248046875,1.0,809.0
6bba_05db0fb1,2.8726212985703494,,1,0.9410123825073242,80,62485.0,63167.0,0.94091796875,1.0,671.0
6bba_05db0fb1,0.9084026158592896,161.56505117707798,1,0.9060149192810059,78,61087.0,61775.0,0.90625,1.0,681.0
6bba_05db0fb1,1.9902104160113323,90.0,1,0.8242066502571106,51,41623.0,42381.0,0.82421875,1.0,756.0
6bba_05db0fb1,0.8125,64.12330993917249,1,0.8569835424423218,37,30430.0,31238.0,0.85693359375,1.0,819.0
6bba_05db0fb1,1.6750116604071745,,1,0.8931484222412109,82,63836.0,64520.0,0.89306640625,1.0,673.0
6bba_05db0fb1,0.40625,161.565051177078,1,0.8639231324195862,55,44469.0,45190.0,0.86376953125,1.0,739.0
6bba_05db0fb1,2.03125,,2,0.7885532379150391,62,49666.0,50395.0,0.78857421875,1.0,732.0
6bba_05db0fb1,1.625,90.0,1,0.9110581278800964,31,25714.0,26542.0,0.9111328125,1.0,835.0
6bba_05db0fb1,0.0,,1,0.9686861634254456,54,43985.0,44716.0,0.96875,1.0,740.0
6bba_05db0fb1,1.284675299443404,107.10272896905236,1,0.9521344304084778,58,46755.0,47483.0,0.9521484375,1.0,730.0
6bba_05db0fb1,1.284675299443404,90.0,1,0.9670878648757935,14,11664.0,12469.0,0.96728515625,1.0,811.0
6bba_05db0fb1,1.9902104160113323,26.084541552047053,1,0.8242806792259216,46,37563.0,38315.0,0.82421875,1.0,765.0
6bba_05db0fb1,3.1729139308370784,5.1944289077348,1,0.9786092042922974,24,19870.0,20692.0,0.978515625,1.0,814.0
6bba_05db0fb1,0.9084026158592896,45.00000000000001,1,0.9442065954208374,41,33662.0,34432.0,0.9443359375,1.0,796.0
6bba_05db0fb1,0.8125,,1,0.8447425961494446,75,58903.0,59607.0,0.8447265625,1.0,682.0
6bba_05db0fb1,0.5745242597140698,64.89590974977861,1,0.9547472596168518,20,16592.0,17419.0,0.95458984375,1.0,836.0
6bba_05db0fb1,0.9084026158592896,71.56505117707799,1,0.9464755654335022,30,24790.0,25607.0,0.9462890625,1.0,815.0
6bba_05db0fb1,1.8168052317185792,63.43494882292201,1,0.7314844727516174,2,2157.0,2934.0,0.7314453125,1.0,791.0
6bba_05db0fb1,0.5745242597140698,18.434948822922035,1,0.973159909248352,53,43094.0,43831.0,0.97314453125,1.0,738.0
6bba_05db0fb1,0.9084026158592896,53.13010235415599,1,0.8697549104690552,24,19949.0,20762.0,0.86962890625,1.0,814.0
6bba_05db0fb1,1.625,90.0,1,0.8994860649108887,56,45404.0,46150.0,0.8994140625,1.0,744.0
6bba_05db0fb1,3.374565944310468,,1,0.5734087824821472,82,63395.0,64082.0,0.5732421875,1.0,673.0
6bba_05db0fb1,0.0,,1,0.8833876252174377,74,58262.0,58946.0,0.88330078125,1.0,688.0
6bba_05db0fb1,1.6750116604071745,180.0,1,0.8727592825889587,68,54106.0,54825.0,0.87255859375,1.0,709.0
6bba_05db0fb1,0.0,,1,0.9658753275871277,64,51271.0,51997.0,0.9658203125,1.0,733.0
6bba_05db0fb1,0.40625,51.34019174590991,1,0.7682403922080994,66,52506.0,53221.0,0.76806640625,1.0,733.0
6bba_05db0fb1,1.9902104160113323,56.78908923910092,1,0.9316195249557495,24,19589.0,20432.0,0.931640625,1.0,814.0
6bba_05db0fb1,1.8168052317185792,8.537736462515939e-07,1,0.9169580936431885,53,43091.0,43844.0,0.9169921875,1.0,738.0
6bba_05db0fb1,1.284675299443404,98.13010235415598,1,0.831060528755188,96,73480.0,74164.0,0.8310546875,1.0,679.0
6bba_05db0fb1,0.0,,1,0.952180027961731,88,68052.0,68742.0,0.9521484375,1.0,713.0
6bba_05db0fb1,0.0,,1,0.9131667017936707,64,50837.0,51566.0,0.9130859375,1.0,733.0
6bba_05db0fb1,2.333728575156074,,1,0.6258825659751892,80,62404.0,63103.0,0.6259765625,1.0,671.0
6bba_05db0fb1,1.86167137607581,102.60438264837919,1,0.9191436767578125,78,61009.0,61719.0,0.9189453125,1.0,681.0
6bba_05db0fb1,0.5745242597140698,45.0,1,0.9485243558883667,58,46889.0,47627.0,0.94873046875,1.0,730.0
6bba_05db0fb1,3.5648292823780494,33.984892503435205,1,0.8662706613540649,30,24839.0,25661.0,0.8662109375,1.0,815.0
6bba_05db0fb1,0.9084026158592896,26.565051177077994,1,0.9042553901672363,63,50485.0,51213.0,0.904296875,1.0,723.0
6bba_05db0fb1,1.86167137607581,140.49028771380608,1,0.8712959289550781,15,12644.0,13475.0,0.87109375,1.0,805.0
6bba_05db0fb1,0.5745242597140698,76.3669777746336,1,0.9359548687934875,28,23154.0,24000.0,0.93603515625,1.0,845.0
6bba_05db0fb1,1.4647552056572457,90.0,1,0.6145570874214172,37,30820.0,31612.0,0.61474609375,1.0,819.0
6bba_05db0fb1,0.40625,90.0,1,0.8413832783699036,42,34455.0,35236.0,0.84130859375,1.0,791.0
6bba_05db0fb1,0.0,,1,0.97258061170578,26,21634.0,22452.0,0.97265625,1.0,838.0
6bba_05db0fb1,4.958913218891817,46.30195267257887,1,,38,31404.0,32209.0,0.1802978515625,3.0,809.0
6bba_05db0fb1,1.284675299443404,55.30484646876604,1,0.781204342842102,68,53612.0,54322.0,0.78125,1.0,709.0
6bba_05db0fb1,1.4647552056572457,,1,0.6857516765594482,75,59047.0,59751.0,0.685546875,1.0,682.0
6bba_05db0fb1,3.5648292823780494,,1,0.9349086284637451,35,28986.0,29797.0,0.93505859375,1.0,809.0
6bba_05db0fb1,1.625,141.67118189854412,1,0.9663591384887695,13,10885.0,11664.0,0.96630859375,1.0,799.0
6bba_05db0fb1,2.0714766773970688,,1,0.8885902166366577,65,51838.0,52578.0,0.888671875,1.0,728.0
6bba_05db0fb1,4.375446405796785,,1,0.9171801805496216,27,22300.0,23132.0,0.9169921875,1.0,812.0
6bba_05db0fb1,1.7235727791422095,90.0,1,0.8894794583320618,86,66469.0,67164.0,0.8896484375,1.0,693.0
6bba_05db0fb1,2.8145825622994254,74.20683095173604,1,0.9376005530357361,10,8561.0,9362.0,0.9375,1.0,792.0
6bba_05db0fb1,3.5648292823780494,66.29191335906535,1,0.9330868721008301,5,4669.0,5473.0,0.93310546875,1.0,793.0
6bba_05db0fb1,2.4375,62.341082142278594,1,0.814134955406189,73,57246.0,57943.0,0.81396484375,1.0,709.0
6bba_05db0fb1,2.0714766773970688,90.0,1,0.5588148832321167,51,41476.0,42269.0,0.55859375,1.0,756.0
6bba_05db0fb1,1.625,26.565051177077994,1,0.965481698513031,2,2319.0,3098.0,0.96533203125,1.0,791.0
6bba_05db0fb1,2.03125,,1,0.9609380960464478,16,13368.0,14171.0,0.9609375,1.0,826.0
6bba_05db0fb1,0.40625,86.42366562500266,1,0.9600225687026978,94,71980.0,72678.0,0.9599609375,1.0,727.0
6bba_05db0fb1,1.8168052317185792,28.560825217811256,1,0.938384473323822,71,56127.0,56830.0,0.9384765625,1.0,707.0
6bba_05db0fb1,2.0714766773970688,,1,0.890449047088623,12,10070.0,10885.0,0.890625,1.0,792.0
6bba_05db0fb1,0.40625,153.434948822922,1,0.8342264294624329,57,46160.0,46886.0,0.833984375,1.0,742.0
6bba_05db0fb1,1.4647552056572457,90.0,1,0.9401293992996216,36,29797.0,30620.0,0.93994140625,1.0,826.0
6bba_05db0fb1,0.9084026158592896,172.87498365109815,1,0.9299045205116272,72,56855.0,57552.0,0.9296875,1.0,702.0
6bba_05db0fb1,0.0,,1,0.9439957737922668,74,58227.0,58910.0,0.94384765625,1.0,688.0
6bba_05db0fb1,3.5648292823780494,103.17471215956763,1,0.56522136926651,53,43031.0,43741.0,0.5654296875,1.0,738.0
6bba_05db0fb1,0.5745242597140698,71.56505117707799,1,0.9723747372627258,77,60298.0,60985.0,0.97216796875,1.0,683.0
6bba_05db0fb1,1.4647552056572457,74.50750056721469,1,0.9326168894767761,41,33488.0,34275.0,0.9326171875,1.0,796.0
6bba_05db0fb1,1.7235727791422095,76.3669777746336,1,0.9591583609580994,90,69180.0,69862.0,0.958984375,1.0,680.0
6bba_05db0fb1,1.7235727791422095,,1,0.8234026432037354,46,37538.0,38299.0,0.8232421875,1.0,765.0
6bba_05db0fb1,2.84375,180.0,1,0.8565616607666016,78,60672.0,61347.0,0.8564453125,1.0,681.0
6bba_05db0fb1,1.6750116604071745,99.87496139782128,1,0.8790290951728821,90,69399.0,70078.0,0.87890625,1.0,680.0
6bba_05db0fb1,3.25,153.434948822922,1,0.9245476126670837,12,10103.0,10900.0,0.92431640625,1.0,792.0
6bba_05db0fb1,2.4375,,1,0.8570076823234558,50,40627.0,41367.0,0.85693359375,1.0,761.0
6bba_05db0fb1,5.58501412822743,,1,0.6119524240493774,65,51464.0,52181.0,0.61181640625,1.0,728.0
6bba_05db0fb1,4.942244555867304,90.0,1,0.9078728556632996,22,18352.0,19160.0,0.90771484375,1.0,826.0
6bba_05db0fb1,1.86167137607581,146.0195146688053,1,0.9244636297225952,60,48244.0,48976.0,0.92431640625,1.0,732.0
6bba_05db0fb1,6.214430032191206,,1,0.8272397518157959,27,22196.0,23014.0,0.8271484375,1.0,812.0
6bba_05db0fb1,0.9084026158592896,,1,0.7803605794906616,75,58834.0,59536.0,0.7802734375,1.0,682.0
6bba_05db0fb1,2.03125,45.00000000000001,1,0.9607211947441101,6,5248.0,6045.0,0.9609375,1.0,796.0
6bba_05db0fb1,0.0,,1,0.9870659708976746,28,23132.0,23937.0,0.9873046875,1.0,845.0
6bba_05db0fb1,2.1877232028983924,118.78059908926116,1,0.931593656539917,87,67164.0,67867.0,0.931640625,1.0,694.0
6bba_05db0fb1,2.6012692214570947,,1,0.6662036776542664,65,51767.0,52506.0,0.666015625,1.0,728.0
6bba_05db0fb1,0.40625,63.43494882292201,1,0.8474889397621155,67,53293.0,53991.0,0.84765625,1.0,715.0
6bba_05db0fb1,0.40625,99.46232220802563,1,0.930750846862793,94,72031.0,72721.0,0.9306640625,1.0,727.0
6bba_05db0fb1,4.0625,17.592424562181588,1,0.8370926380157471,19,15805.0,16592.0,0.8369140625,1.0,819.0
6bba_05db0fb1,1.8168052317185792,66.42182152179818,1,0.9450689554214478,73,57552.0,58234.0,0.9453125,1.0,709.0
6bba_05db0fb1,2.1877232028983924,109.13291340687026,1,0.9468812942504883,62,49286.0,50021.0,0.94677734375,1.0,732.0
6bba_05db0fb1,1.7235727791422095,180.0,1,0.8655930757522583,59,47558.0,48288.0,0.86572265625,1.0,743.0
6bba_05db0fb1,0.5745242597140698,0.0,1,0.8527785539627075,7,6264.0,7052.0,0.8525390625,1.0,807.0
6bba_05db0fb1,1.8168052317185792,112.14603159742286,1,0.9535754323005676,11,9303.0,10103.0,0.95361328125,1.0,822.0
6bba_05db0fb1,1.4647552056572457,68.15455236035753,1,0.8835079073905945,18,15190.0,15998.0,0.88330078125,1.0,823.0
6bba_05db0fb1,0.40625,53.960106569696144,1,0.970177173614502,52,42285.0,43015.0,0.97021484375,1.0,747.0
6bba_05db0fb1,0.40625,26.565051177077994,1,0.9344860315322876,70,55536.0,56236.0,0.9345703125,1.0,711.0
6bba_05db0fb1,0.40625,90.0,1,0.8245289921760559,23,18973.0,19787.0,0.82470703125,1.0,827.0
6bba_05db0fb1,0.5745242597140698,18.434948822922035,1,0.8497946858406067,73,57545.0,58245.0,0.849609375,1.0,709.0
6bba_05db0fb1,0.0,,1,0.93751060962677,79,61661.0,62344.0,0.9375,1.0,694.0
6bba_05db0fb1,0.40625,135.0,1,0.9336486458778381,91,69926.0,70606.0,0.93359375,1.0,684.0
6bba_05db0fb1,1.6750116604071745,90.0,1,0.7254487872123718,87,67225.0,67930.0,0.7255859375,1.0,694.0
6bba_05db0fb1,1.21875,53.960106569696144,1,0.9522982835769653,13,10807.0,11605.0,0.9521484375,1.0,799.0
6bba_05db0fb1,0.0,,1,0.865043044090271,81,62688.0,63395.0,0.865234375,1.0,711.0
6bba_05db0fb1,1.21875,36.86989764584401,1,,66,52554.0,53264.0,0.826171875,1.0,733.0
6bba_05db0fb1,0.5745242597140698,108.43494882292201,1,0.9463692903518677,90,69268.0,69952.0,0.9462890625,1.0,680.0
6bba_05db0fb1,1.7235727791422095,149.0362434679265,1,0.9335949420928955,68,54114.0,54818.0,0.93359375,1.0,709.0
6bba_05db0fb1,3.2752922102462856,172.87498365109818,1,0.9234848022460938,87,67117.0,67823.0,0.92333984375,1.0,694.0
6bba_05db0fb1,1.8168052317185792,66.42182152179818,1,0.9244782328605652,17,14375.0,15190.0,0.92431640625,1.0,813.0
6bba_05db0fb1,2.0714766773970688,76.24175035405005,1,0.8896887302398682,62,49353.0,50075.0,0.8896484375,1.0,732.0
6bba_05db0fb1,0.9084026158592896,75.03678256669288,1,0.931372344493866,11,9362.0,10167.0,0.93115234375,1.0,822.0
6bba_05db0fb1,1.7235727791422095,18.434948822921996,1,0.9710820913314819,97,74254.0,74912.0,0.97119140625,1.0,671.0
6bba_05db0fb1,1.6750116604071745,,1,0.9726231098175049,69,54748.0,55460.0,0.97265625,1.0,710.0
6bba_05db0fb1,1.1490485194281397,45.0,1,0.8996202349662781,73,57631.0,58336.0,0.8994140625,1.0,709.0
6bba_05db0fb1,1.6750116604071745,78.35765456291017,1,0.8603193163871765,56,45395.0,46140.0,0.8603515625,1.0,744.0
