{"edge_tp": 712, "edge_fp": 61, "edge_fn": 133, "division_tp": 0, "division_fp": 0, "division_fn": 0, "num_pred_nodes": 6261, "node_recall": 0.9012775842044135, "total_node_ratio": -0.015875510845646024, "edge_jaccard": 0.7858719646799117, "adj_edge_jaccard": 0.7871195765697683, "estimated_nodes": 6362.0}