{"edge_tp": 712, "edge_fp": 61, "edge_fn": 133, "division_tp": 0, "division_fp": 0, "division_fn": 0, "num_pred_nodes": 6361, "node_recall": 0.9012775842044135, "total_node_ratio": -0.00015718327569946557, "edge_jaccard": 0.7858719646799117, "adj_edge_jaccard": 0.7858843172728807, "estimated_nodes": 6362.0}