Rank,TeamId,TeamName,LastSubmissionDate,Score,SubmissionCount,TeamMemberUserNames
1,15882587,shu01,"2026-07-25 23:57:17",4.679,18,shu01jp
2,16211055,"Yannan Chen","2026-07-27 23:57:21",4.902,113,yannan90
3,16292952,N&A&O&A,"2026-07-28 14:42:06",5.013,273,"adilkhabibullin,andrey4522,nocturnebflat123,ochirdorzhiev"
4,15891270,SaintLouis,"2026-07-24 18:22:27",5.108,256,"alexbstl,garink,ryanstoner"
5,15868731,"Tucker Arrants","2026-07-28 18:39:36",5.194,169,tuckerarrants
6,15870218,"Shrey Gandhi","2026-07-28 07:23:00",5.217,170,"shreygandhi,vu9480"
7,16040849,tremors,"2026-07-28 15:23:55",5.217,138,"datafan07,nlztrk"
8,15999593,"Rishikesh Jani","2026-07-28 11:10:07",5.237,136,rishikeshjani
9,15864151,"L & J & A & A","2026-07-27 22:21:23",5.325,394,"alijs1,arunodhayan,jsday96,l1ghtsource"
10,15904349,"Ryo Takaki","2026-07-28 16:41:58",5.354,309,ryotakaki
11,15868189,yu4u,"2026-07-28 15:11:20",5.386,63,ren4yu
12,15863902,tennogh,"2026-07-28 13:33:31",5.494,50,tennogh
13,15881338,"rogaa i kopytaa","2026-07-28 12:08:01",5.550,227,"bluepill,sggpls"
14,16201230,"Rob Boyd","2026-07-28 04:32:30",5.562,193,robboyd
15,16549824,zhzhou2026,"2026-07-28 06:10:55",5.568,56,zhzhou2026
16,15994289,Can,"2026-07-26 07:48:51",5.606,73,canentay
17,15932833,Coffeethefifth,"2026-07-28 14:35:10",5.647,80,okilireaya
18,15873784,Ruby,"2026-07-26 12:29:50",5.648,32,w5833946
19,15937990,"Hit Imai","2026-07-28 00:01:51",5.653,207,hitimai
20,15910775,TKPNM,"2026-07-28 08:37:32",5.661,287,"kazuwhite,maciejsypetkowski,nataliajakowska,priyanshujain32,takumi0220"
21,15910655,roglike,"2026-07-28 08:07:26",5.690,226,"eijixxx,gaopengren"
22,16419086,monkey,"2026-07-28 11:00:41",5.697,109,marsonchu
23,16139011,daimaru,"2026-07-28 11:50:15",5.812,4,daimaruk
24,15867661,"tereka & Takoi","2026-07-28 01:19:33",5.820,238,"takoihiraokazu,tereka"
25,15868698,goonew,"2026-07-28 14:16:27",5.855,123,goonew
26,16485299,안녕하세요이세입니다잘부탁드립니다,"2026-07-28 01:00:15",5.856,120,"moonswalk,municef1"
27,16232990,k256.dev,"2026-07-27 22:44:28",5.864,120,k256net
28,15897373,yuto083,"2026-07-28 10:51:52",5.887,91,yuto0712
29,15865237,"Kaggle Agent","2026-07-27 23:48:56",5.899,118,"arc144,jiweiliu,maxjeblick"
30,16473254,galatea,"2026-07-28 08:25:51",5.901,56,ark911
31,15863668,"Komil Parmar","2026-07-28 05:52:57",5.902,96,komilparmar
32,15974029,"D & L & Sㅤㅤ","2026-07-28 00:25:08",5.928,405,"aurax7,coolinlai,davidsarrat"
33,15868272,"寿! & yiyu0716 & 萤火2018","2026-07-28 13:23:51",5.939,358,"aiwody,taka3776toshi,yiyu0716"
34,16003818,62326368,"2026-07-27 10:37:51",5.939,192,mooniim
35,15863746,"Orson Wells","2026-07-27 13:40:49",5.954,127,"churkinnikita,evgenshuben,l0glikelihood,nazarov"
36,15864296,"rack my brains","2026-07-28 15:40:10",5.962,88,i2nfinit3y
37,16288751,Julie,"2026-07-25 06:10:33",5.998,84,juliep
38,15873817,"Alexey Zakharov","2026-07-28 05:52:36",6.003,33,drzoidberg
39,15875345,Ali,"2026-07-27 04:27:46",6.020,80,asalhi
40,16472902,"Jeevan Jolly","2026-07-27 07:59:49",6.021,44,jeevanjolly
41,16264382,VSG,"2026-07-19 13:10:12",6.022,53,"dzinski,ellightened,skyweel08"
42,16484789,"Vitalie Cervinschi","2026-07-27 00:00:56",6.029,53,vitaliecervinschi
43,16517930,"Brendan Carlin","2026-07-28 07:28:13",6.037,28,brendancarlin
44,16154958,syamoji141,"2026-07-28 11:05:07",6.040,67,syamoji141chan
45,16126594,"H. Ashida","2026-07-28 11:41:01",6.060,119,hiromuashida
46,15877315,"vibe drillers","2026-07-28 08:20:16",6.077,359,"artgor,asimandia,gordeevmax,ogurtsov,smirnolegov"
47,15907406,"GAZZZZZZ INDUSTRY","2026-07-28 14:17:31",6.098,132,heriqis777
48,16534940,ghvcgmhv5644345,"2026-07-26 21:07:34",6.104,20,"cassinicraft,ghvcgmhv5644345,r1cksync,shubhangnande"
49,15870202,"Vishal Kishore","2026-07-26 05:19:41",6.104,195,kishorevishal
50,16442142,CUetea,"2026-07-27 09:38:18",6.104,98,"iwance,kirillklem,trizyx"
51,16020558,Parag,"2026-07-28 17:09:35",6.106,108,paragkale
52,16437539,emforce77,"2026-07-28 01:43:04",6.109,65,emforce77
53,15863682,"Chris Deotte","2026-07-26 17:55:28",6.112,162,cdeotte
54,16486573,lihua778,"2026-07-28 10:49:34",6.121,78,lihua778
55,16516825,tyffee,"2026-07-28 04:28:21",6.122,41,tyffee
56,15876196,Falcon,"2026-07-28 13:43:08",6.130,47,aromani
57,15971786,D.Imanishi,"2026-07-28 00:26:23",6.132,75,dimanishi
58,15873462,usk,"2026-07-27 13:32:28",6.133,84,yusukeoi
59,16005422,"Vibe well","2026-07-27 09:45:25",6.137,383,"larrylin666,psilogram,timkrige,wanrongyang,williamwu88"
60,16486493,radiant-allomancer,"2026-07-28 06:06:50",6.139,42,radiantallomancer
61,16088022,"yuanzhe zhou","2026-07-28 13:35:49",6.148,67,yuanzhezhou
62,16390750,"Yaro Perventsev","2026-07-28 08:48:25",6.150,49,yaroslavperventsev
63,16045516,Ryota,"2026-07-28 18:13:15",6.153,52,ryotak12
64,16557305,mitsuki,"2026-07-28 08:32:13",6.157,30,mk00000
65,16209124,zhenyue,"2026-07-28 00:04:26",6.157,212,"dorainren,jiangzhenyue,leehuiii,xxxtetantion"
66,16484613,tawashi,"2026-07-28 11:55:49",6.162,63,tawashi
67,16132511,"Martin Gabd","2026-07-28 11:14:40",6.166,89,martins0n
68,16536910," Master Bob111","2026-07-28 04:33:45",6.168,41,masterbob111
69,15868199,"trial and error","2026-07-28 11:37:51",6.175,235,"amoxicilin,lihu6666,shuozhezhou,yeshawang,zhuyifanss"
70,15909741,"NOTEBOOK TIMEOUT","2026-07-28 08:58:54",6.181,52,len8487
71,16480303,AdamJonesJohnson,"2026-07-27 11:48:50",6.183,52,adamjonesjohnson
72,16033068,"zhuo wamg","2026-07-27 15:50:23",6.188,161,"zhuowamg,znwe342"
73,15874047,Kurokawa,"2026-07-28 15:43:05",6.195,145,mkurokawa
74,16105036,hjyact,"2026-07-28 07:54:55",6.197,68,hjyact
75,16504317,"Ivan Rodionov","2026-07-28 14:13:21",6.202,13,korifeyi
76,15984296,less,"2026-07-28 08:44:48",6.203,96,"chengjunmai,jiaoyouzhang,ruonanmei"
77,16275439,Sh1n1230,"2026-07-28 16:42:47",6.203,28,sh1n1230
78,16199558,i-aztec,"2026-07-26 22:16:35",6.207,111,iaztec
79,16433120,"Rob C","2026-07-27 12:41:41",6.220,74,robertcheah
80,16063864,"Gert dal Pozzo","2026-07-24 15:56:19",6.232,122,steubk
81,16593254,"Antoniu Gugu","2026-07-28 00:05:19",6.236,20,antoniu
82,15872296,"Ozan M.","2026-07-28 11:39:25",6.238,231,analyticaobscura
83,15865517,"Ismail Mabrouki","2026-07-27 18:45:33",6.241,40,ismailmabrouki
84,15999329,"well digger","2026-07-28 03:26:50",6.243,139,"hikari30,yamashitamotokazu"
85,16067128,MMH🇲🇲,"2026-07-28 05:35:51",6.245,255,"caoyupeng,danischaparov,mirzayasirabdullah07,myominhtet,zejunfool"
86,16537567,monnu,"2026-07-28 18:26:35",6.248,6,fuumin621
87,16087867,tobhull,"2026-07-19 15:21:14",6.248,18,tobhull
88,15868675,"Shunsuke Shibata","2026-07-23 23:56:44",6.249,11,shunsukeshibata
89,16492608,youill0317,"2026-07-27 02:02:12",6.252,33,youill0317
90,16552178,"Keisuke Ueda","2026-07-28 08:02:59",6.254,52,keisukeueda
91,16441538,chipssy,"2026-07-27 15:56:00",6.259,77,shotafubasami
92,16390265,"1J SHEN","2026-07-27 09:52:53",6.261,88,"jiangzhibo,yijieshen123"
93,16213376,"Boresight Fellowship","2026-07-28 11:20:19",6.264,212,"farshidamira,liuyanfeng"
94,16053487,mitomeat823,"2026-07-27 00:23:55",6.267,158,mitomeat823
95,15885215,"Vicens Gaitan","2026-07-23 15:11:35",6.269,112,vicensgaitan
96,16347969,Kazeneko,"2026-07-27 20:15:47",6.269,34,kazeneko77
97,16209097,奶蛙,"2026-07-28 11:19:44",6.272,39,"dengbing27,hope666"
98,16352494,Cherie01,"2026-07-28 00:00:51",6.277,48,cherie01
99,16066520,IIDA,"2026-07-25 00:21:00",6.280,42,shunyaiida
100,16471615,i3,"2026-07-28 10:09:27",6.281,60,ishijima
101,16488074,"Sho Okiyama M.D.","2026-07-28 10:41:26",6.283,81,shookiyama
102,16516716,Artalmaz31,"2026-07-28 04:45:52",6.287,61,artalmaz31
103,16097001,ImperfectKitto,"2026-07-27 00:16:52",6.288,132,defdet
104,16063546,brave-心勇-heart,"2026-07-28 10:48:44",6.288,55,braveheart
105,16054439,Civitas,"2026-07-28 10:36:43",6.293,24,godhand
106,16145164,"Никита Кочерин","2026-07-28 08:22:09",6.296,56,nick15431543
107,16568652,aleksandr3312,"2026-07-28 12:47:59",6.296,34,gapchenko
108,16558131,AnZ,"2026-07-28 03:10:50",6.298,29,minhbui1997
109,16238598,jp_nerdery,"2026-07-27 22:04:43",6.299,112,ytochii
110,15994351,sleter,"2026-07-28 11:28:18",6.299,147,szymonjanowski
111,16554912,kk.sky.9k,"2026-07-28 04:45:27",6.299,63,kksky9k
112,16008946,久保兼,"2026-07-28 03:13:10",6.301,102,"fumiya326,kuboken,rikutokuwayama"
113,15871678,"Team droso","2026-07-27 13:14:21",6.303,15,"andreiminca,Sorin1970"
114,16055073,LeeDongHyuk,"2026-07-28 10:38:08",6.304,114,odyssey189
115,16590516,DoubleZs,"2026-07-28 11:10:56",6.312,7,zhang051018
116,16144377,notxjl,"2026-07-28 06:31:03",6.318,67,kiikio
117,16499957,tekatoncat,"2026-07-28 04:05:25",6.323,35,tekatoncat
118,16534239,"Yifei Wei","2026-07-26 14:16:59",6.325,29,cooperyf
119,15891024,"Marek Nurzynski","2026-07-26 20:03:35",6.326,18,marek3000
120,15875355,Teitlax,"2026-07-28 10:35:21",6.328,328,teitlax
121,16220469,PursueML,"2026-07-28 12:42:14",6.331,32,pursueml
122,16446583,atrei_des,"2026-07-28 09:54:05",6.332,86,dmitrygertsovsky
123,16033496,ringbearer,"2026-07-28 13:35:36",6.332,23,mehmetbarankrat
124,16436476,tizawa3,"2026-07-28 03:16:34",6.333,16,tizawa
125,15942866,"Misha Shikhov","2026-07-28 11:37:21",6.334,122,mishashikhov
126,16457841,"Aphorion Labs","2026-07-20 19:11:12",6.334,44,eddiendiritu
127,16132535,AkiraIshikawa,"2026-07-27 21:19:31",6.338,143,akiraishikawa
128,15878067,Ayodeji,"2026-07-28 03:08:14",6.339,314,ayodejiibrahimlateef
129,16255718,yukio,"2026-07-28 09:36:10",6.341,43,yukioseki
130,16446939,"Ramesh Arvind","2026-07-27 18:15:08",6.344,46,rameshln
131,16327132,"mz Shi","2026-07-28 06:31:50",6.344,64,"fanglimo,molzine,quark1973,shuitun1lulu"
132,15872999,GG-bond,"2026-07-28 02:14:19",6.345,46,wyhwyh123
133,16224132,"Musa Peker","2026-07-28 11:13:32",6.346,122,musapeker
134,16389862,mash3gt,"2026-07-27 14:22:16",6.348,80,shiroguitar
135,15872132,"EQV UK","2026-07-28 00:03:57",6.349,215,markjcooper
136,15870201,AdvancedMineCraft,"2026-07-28 01:22:34",6.350,152,theonetheonly
137,16541053,rekhasri,"2026-07-28 11:53:48",6.351,57,rekhasri
138,16432942,yonett,"2026-07-25 13:01:44",6.352,61,taikiyoneyama
139,16587679,MaxChen303,"2026-07-28 18:03:10",6.354,20,maxchen303
140,15913442,VanKoha,"2026-07-28 00:20:01",6.354,256,kohasama
141,16494592,"Shota Hirao","2026-07-27 16:11:14",6.354,42,shotahirao
142,16224221,"Everyone that competes in a Co","2026-07-28 04:09:29",6.355,115,"kosuke123,rererenore,zone0906"
143,16557621,"Rahul Penjare","2026-07-28 03:39:48",6.355,27,rahulpenjare
144,16298973,"and more","2026-07-28 02:48:05",6.356,93,kym2022
145,16544365,"Duc Tran","2026-07-28 16:18:18",6.357,55,ttducqt
146,16560329,"MOP Capital","2026-07-28 08:35:02",6.357,21,"antondugin,infam62,romanagarev,saffff,test7845"
147,16491399,yamada,"2026-07-28 08:58:56",6.360,44,yamada
148,15879311,"Shubham Sahu2003","2026-07-28 09:35:37",6.361,245,shubhamsahu2003
149,16056072,nmst,"2026-07-23 17:23:09",6.361,49,nmstopen
150,16548566,nqy123,"2026-07-28 12:18:25",6.361,15,nqy123
151,16484631,base_camp_2002,"2026-07-28 00:01:00",6.361,65,basecamp2002
152,16268101,"Bohdan Boklah","2026-07-28 11:34:32",6.361,52,bohdanbb2000
153,16089335,"Hira Norm","2026-07-27 13:37:08",6.364,59,hiranorm
154,15905640,G.ishinabe,"2026-07-28 00:06:39",6.365,80,gishinabe
155,16239300,"Patrick Chan","2026-07-27 16:15:57",6.366,19,drpatrickchan
156,16158290,Fedor,"2026-07-28 09:10:48",6.366,148,fedorchuprakov
157,16193188,kinjazA,"2026-07-27 14:30:15",6.367,105,"heguochao,kinjaza"
158,15874552,"Masaya Kawamata","2026-07-28 01:06:37",6.370,49,masayakawamata
159,16562904,"Liu Jiahao","2026-07-27 12:54:54",6.371,39,opencv411
160,16052415,Chloe,"2026-07-27 19:17:40",6.372,37,baytree1238
161,16081516,HIT,"2026-07-28 05:32:31",6.372,220,"diaoyongyuan,hityth,jasperxs,jiu9988776,q1w2e34r"
162,16580511,"Arun #3","2026-07-28 04:19:48",6.372,20,arun8ovfjfdr6
163,16540990,DovyDigital,"2026-07-27 00:16:27",6.373,18,dovydigital
164,16604932,StupidXie,"2026-07-28 05:42:39",6.373,10,stupidxie
165,16375304,CIIA,"2026-07-28 00:01:18",6.374,152,"andrdkw,victorasso"
166,16029058,anngle,"2026-07-28 11:21:07",6.377,124,anngle
167,16041733,"fog flower","2026-07-28 10:49:18",6.377,275,"fogflower,johnyunfan"
168,16551019,TKMSMT,"2026-07-28 11:37:23",6.378,61,tkmsmt
169,16565712,DebbyOne,"2026-07-27 04:13:01",6.378,9,wxgisspider
170,16572059,cracker_1_war,"2026-07-27 23:05:15",6.379,7,cracker1war
171,15864655,Aphrodite,"2026-07-27 01:13:57",6.379,44,aphrodite874
172,16243240,Kirderf,"2026-07-28 10:07:21",6.381,30,kirderf
173,16295258,Pompompurin,"2026-07-28 08:21:16",6.381,116,kimdoong
174,15870872,"nk for work","2026-07-27 14:06:29",6.381,55,nkforwork
175,16486309,HongchenDai,"2026-07-28 10:16:35",6.383,119,hongchendai
176,16307868,CQUPT1,"2026-07-28 06:04:50",6.383,47,"aster219,zhangshuo666"
177,16262656,上山打老虎,"2026-07-28 02:11:26",6.384,73,"feilong2451,jamesleonardo,jasonxusk,mingkangyan,renmin517"
178,15880897,kusui26,"2026-07-28 09:55:37",6.384,30,kusui26
179,16536833,vinceybb,"2026-07-28 05:15:47",6.384,21,vinceybb
180,16444717,"Takuya Ando","2026-07-28 12:10:09",6.384,99,takuyaando11
181,16588029,ForcewithMe,"2026-07-28 10:55:35",6.385,19,forcewithme
182,16261967,gojibori,"2026-07-28 00:12:16",6.385,134,gojibori
183,16550982,Fukuty,"2026-07-28 01:15:02",6.386,43,fukuta0614
184,15920909,"lin xiang sun1145","2026-07-28 03:25:23",6.388,177,linxiangsun1145
185,16404393,OUTSIDERS,"2026-07-28 09:55:39",6.389,105,"degnonguidi,ronnylawson,sergionefedov"
186,16370315,sam_the_rice_cake,"2026-07-28 03:01:01",6.389,115,wliilamsam
187,16107160,"인공저능연구소( Artificial Idiocy Lab )","2026-07-28 11:07:30",6.389,25,megayak
188,16574939,Evan,"2026-07-28 00:56:10",6.390,33,evansussex
189,16480419,"Hirota Yusuke","2026-07-28 02:23:07",6.391,68,hirotayusuke
190,16584990,EndeavourRyo,"2026-07-28 08:13:08",6.391,10,endeavourryo
191,15870874,shyjin,"2026-07-28 18:01:33",6.391,44,shyjin
192,16281789,"Denis Rukavishnikov","2026-07-27 17:14:02",6.391,61,denisrukavishnikov
193,16069630,tatt:)ch,"2026-07-27 11:20:26",6.392,214,tattch
194,16584958,goh,"2026-07-28 05:32:48",6.392,21,bungohatayama
195,16483832,snowmmm,"2026-07-28 07:49:10",6.393,46,snowmmm
196,15878377,"Ivan Aleksandrov","2026-07-28 10:52:07",6.393,30,ivanblch
197,16549201,Goldian,"2026-07-28 09:03:02",6.393,24,goldian
198,16418833,HiroyukiSasaki,"2026-07-28 07:19:54",6.393,95,hiroyukisasaki815
199,16133031,"Rajan Nagarajan","2026-07-27 22:10:57",6.393,64,narajan
200,15864737,"Breno & Sebastian","2026-07-28 00:01:39",6.394,61,"brenorb,sebastianmateus"
201,15880214,"Kun Zhang","2026-07-28 02:54:51",6.394,322,beicicc
202,15866939,"Mike Kim","2026-07-28 04:41:52",6.394,53,mikeskim
203,16440690,"Yusuke Togashi","2026-07-28 13:38:21",6.394,140,yusuketogashi
204,15866967,kglctf,"2026-07-28 12:01:16",6.395,241,kglctf
205,16178588,takumina,"2026-07-26 07:05:15",6.395,20,takuminakamatsu
206,16292492,MT,"2026-07-28 07:12:15",6.396,175,mtinti
207,16535823,"Using 5.6 Can Gold","2026-07-28 03:45:07",6.396,36,"ayaka2333,ddbuns,guyueyuan,oliver34"
208,16511013,"Team Flash","2026-07-28 01:02:47",6.397,38,ctfxiao
209,16327181,Hassan1417,"2026-07-28 05:41:11",6.397,34,hassan1417
210,15868061,"GPT 5.6 Pro","2026-07-28 01:42:28",6.397,72,"chesteryuan,cier123,juewang1p"
211,16537951,reguru,"2026-07-28 01:04:24",6.398,49,reguru
212,16288422,kkkk,"2026-07-27 10:54:56",6.398,126,kkkk4649
213,16000730,QYQ1693,"2026-07-28 05:15:34",6.398,46,qyq1693
214,16354625,Avenger,"2026-07-28 06:37:30",6.398,17,sultanalgizani
215,16402825,InfiHeart,"2026-07-28 12:14:15",6.399,46,infiheart
216,15916101,Radiohead28,"2026-07-28 03:39:43",6.399,39,radiohead28
217,15877747,betterme12345,"2026-07-27 15:58:51",6.399,7,betterme12345
218,16591157,"Yann #2","2026-07-28 08:33:00",6.399,7,ylamidon
219,16588457,Jun_value,"2026-07-28 04:07:01",6.400,21,junvalue
220,15935836,"Mohammed Tayor","2026-07-26 22:32:31",6.400,30,tayorm
221,15869754,hanhan761,"2026-07-28 09:46:22",6.400,144,"hanhan761,kiivii,noice12138,xiaobai0417,zly2006"
222,15879361,"Pavel Pavlov","2026-07-28 11:00:30",6.400,26,akakii
223,16216869,"Kostiantyn Isaienkov","2026-07-28 14:00:15",6.400,192,isaienkov
224,16483789,"Amil Gentili","2026-07-27 23:50:45",6.400,34,agentili
225,16040302,chi_k,"2026-07-28 02:42:18",6.401,40,chihhaokuo
226,16275682,mikelou1,"2026-07-28 06:16:41",6.401,88,mikelou1
227,16335017,INV,"2026-07-28 00:51:46",6.401,239,"kunalinfinite,ryokoy,shinuk,yutomuroshima"
228,16575153,flop,"2026-07-28 11:28:48",6.402,35,yyysss1
229,16421584,"Bobber Cheng","2026-07-28 08:33:24",6.402,46,bobber
230,16061834,CQUPT,"2026-07-26 05:05:10",6.402,144,"ljx59141421,ruizhecui"
231,16574520,失忆的海_,"2026-07-28 11:17:29",6.403,43,shiyidehai
232,16260130,nori117,"2026-07-26 03:17:03",6.404,33,nori117
233,15964539,"Nuno Ferreira","2026-07-28 01:58:25",6.404,95,ngcferreira
234,16053022,ThomasG,"2026-07-28 02:56:35",6.404,105,thomasgamet
235,16428244,"korolevskii xvii","2026-07-26 22:37:22",6.404,77,"dzisandy,liderpartiii"
236,16515496,x1angM,"2026-07-27 15:14:51",6.404,24,x1angm
237,16598271,swimmy,"2026-07-27 05:19:25",6.405,15,swimmy
238,16507009,"Xiuyuan Peng","2026-07-28 09:09:53",6.405,95,adoredwhale
239,16544141,すずき,"2026-07-25 08:25:52",6.405,7,shumpeace
240,15873341,"Дворкин Евгений Владимирович","2026-07-28 10:50:23",6.405,65,evgendvorkin
241,16232461,"Nazura Wirayuda Tama","2026-07-27 04:04:07",6.405,113,nazurawirayudatama
242,16362088,S.Taba,"2026-07-28 07:28:22",6.406,42,soutabata
243,15916134,Ajay_Rao_43,"2026-07-27 04:38:06",6.407,49,"ajayrao43,himanshu6588"
244,16014802,"m-toshi desu","2026-07-28 10:17:55",6.407,90,mtoshidesu
245,16323127,yeming151,"2026-07-27 05:22:13",6.407,54,"hhhhhokk,mikeintokyo,yeming151,zenggary"
246,16591872,MioValentine,"2026-07-28 09:34:24",6.407,19,yuyizhu
247,16451828,"Ömer Faruk Yüce","2026-07-28 11:10:08",6.408,145,merfarukyce
248,15916195,khj1222,"2026-07-27 10:50:30",6.408,103,khj1222
249,15994592,YALICKJ,"2026-07-27 14:56:23",6.408,184,yalickj
250,16129625,MY0705,"2026-07-28 03:53:25",6.409,63,my0705
251,16554053,"Kaito Fukami","2026-07-28 13:41:49",6.409,19,kaitofukami
252,16543246,Asukajc,"2026-07-28 04:10:54",6.409,49,asukajc
253,16429244,yukiya,"2026-07-28 09:51:51",6.409,77,nyleve
254,15981306,"jiashuo Ma","2026-07-27 15:28:29",6.409,29,ooo876
255,16069059,Boiled-Sweet-Potato,"2026-07-27 02:30:49",6.410,20,boiledsweetpotato
256,16444936,ZhexinJiang,"2026-07-28 16:11:22",6.410,147,zhexinjiang
257,16595400,xunchahaha,"2026-07-27 15:00:48",6.410,13,xunchahaha
258,15872835,"Sadettin Şamil Verdil","2026-07-28 06:44:45",6.410,57,sadettinamilverdil
259,16480683,"navazsh fathi","2026-07-27 13:16:06",6.411,10,navazshfathi
260,16363315,"MIkhail Donskoy","2026-07-26 19:28:11",6.411,23,mikhaildonskoy
261,16373211,Latte,"2026-07-28 00:14:00",6.411,48,taichiiiii
262,15876567,"Yanis Belami","2026-07-28 01:24:10",6.411,68,yanisbelami
263,16049784,xudonglaoxian,"2026-07-27 07:12:51",6.411,15,xudonglaoxian
264,16440462,webmaking,"2026-07-28 08:49:09",6.411,120,webmaking
265,16368761,"Luck is what I need","2026-07-28 01:02:03",6.411,117,"majiaqi111,ronghedragon,sunwenrui"
266,16300844,"yuji y","2026-07-28 06:49:36",6.411,75,yujiyyy
267,15905598,"Muhammad Junaid","2026-07-28 09:23:36",6.412,45,junaid512
268,16597734,JliU66,"2026-07-27 15:38:49",6.412,15,jliu66
269,16308999,"Ishraq Tanvir","2026-07-28 11:07:27",6.412,46,ishraqtanvir
270,16561077,"Лукин Алексей","2026-07-25 11:49:59",6.412,23,lukinalexey
271,16052014,"Simarbir Singh Sandhu","2026-07-27 10:02:14",6.412,13,simarbirsinghsandhu
272,16498935,yjshyfy,"2026-07-28 10:02:56",6.412,18,yjshyfy
273,15867974,yuuuki1111,"2026-07-28 08:26:42",6.412,122,yuuuki1111
274,16499981,"Muthuraman Raman 7","2026-07-25 07:12:09",6.412,33,muthuramanraman7
275,15887902,"Kurian George","2026-07-27 19:00:52",6.413,200,kuriangeorge
276,16499622,Ditto,"2026-07-28 13:08:39",6.413,62,ditto132
277,16578013,Haraguchi-T,"2026-07-28 04:35:40",6.413,13,haraguchit
278,16414131,faustliu,"2026-07-28 10:46:36",6.414,82,faustliu
279,16473783,Hariharan234,"2026-07-28 06:32:50",6.414,21,hariharan208
280,16584704,ちー,"2026-07-28 01:53:38",6.414,17,chiiiiii7474
281,15868208,KIT,"2026-07-27 14:15:31",6.414,183,"haoyangdaviddong,mingsiguo,ray6767,xinhaowang23"
282,15867311,test_tvt,"2026-07-27 08:39:32",6.414,148,michaelsemenoff
283,16030282,"Zikai Chen","2026-07-28 11:52:58",6.414,99,"auroraxxiiaa,kyrie1102kai"
284,16498400,...,"2026-07-28 06:58:11",6.415,16,shackles6966
285,16393426,"Yuxuan Du","2026-07-28 09:49:23",6.415,31,yxdu01
286,15886147,"Dhruv Bansal","2026-07-28 07:30:12",6.415,6,dhruvb2028
287,16378552,WWWW,"2026-07-27 15:50:19",6.415,18,twtqwp
288,15993983,"Mark Astrid","2026-07-28 09:55:33",6.415,36,markastrid
289,16300867,yw8837,"2026-07-28 07:23:40",6.415,84,"leokimcocopo,yw8837"
290,15942020,taopy2,"2026-07-28 04:12:48",6.415,44,taopy2
291,15871045,today,"2026-07-28 11:37:19",6.415,294,today55
292,16540954,"Aryan Yadav","2026-07-27 18:56:40",6.415,13,simplexcomplex
293,16588040,"Siqi Zang","2026-07-28 02:57:36",6.415,73,"siqizang,xreaxha,yyyyytx66man"
294,15877250,Lonnie,"2026-07-28 01:41:17",6.416,128,lonnieqin
295,16532573,"Abdullah Hasan","2026-07-28 14:12:35",6.416,14,ishtyy
296,16541196,mktdev,"2026-07-28 11:06:25",6.416,30,mktdev
297,15863981,"how to fable","2026-07-28 10:52:30",6.416,154,"alpin0s,aristophanivan,johnjanson,romanrozen,romantamrazov"
298,16144769,patience,"2026-07-28 12:32:04",6.416,80,weirdocurry
299,16495752,t-enstar,"2026-07-28 09:36:34",6.417,30,tstustatama
300,16450664,"KAIWALYA RAUT","2026-07-25 09:37:48",6.417,42,kaiwalyaatulraut
301,15893835,porply,"2026-07-28 01:34:05",6.417,32,porply
302,15940510,"Amged Alfaqih","2026-07-26 02:06:39",6.417,132,AmgedAlfaqih
303,16007938,"please like","2026-07-28 08:41:10",6.417,64,pleaselike
304,15879345,WBF_USA_NYC,"2026-07-28 06:08:08",6.417,95,wbfranci
305,16096522,tk,"2026-07-28 00:02:04",6.418,127,tatsuokaniwa
306,16578483,masoyte,"2026-07-28 11:02:15",6.418,31,"forecastle,huaiyuyoung,masoyte,xuanhao666"
307,15884178,suhaizhou,"2026-07-28 04:27:26",6.418,25,suhaizhou
308,16211435,GMMMMM,"2026-07-28 02:08:06",6.418,28,wkcwkc
309,16306026,Pat,"2026-07-28 03:29:29",6.418,46,junseia
310,15886213,Yugoawawa,"2026-07-28 08:47:58",6.418,23,yugoawawa
311,16012676,"Aman Atar","2026-07-27 08:37:34",6.419,32,amanatar
312,16327194,HaniJezo,"2026-07-27 05:34:41",6.419,19,hanijezo
313,16108889,Super_learners,"2026-07-28 06:11:56",6.419,84,"ashishnaik1995,siddhi1mit"
314,16555902,"Chuhao Cheng","2026-07-28 10:13:21",6.419,24,chuhaocheng
315,16601518,mgrayl,"2026-07-27 00:57:53",6.419,10,mgrayl
316,16439994,"Abdullah Elzeki","2026-07-22 15:33:41",6.419,27,abdullahelzeki
317,16555974,LDF,"2026-07-27 20:31:04",6.420,40,"harshitxdev,pernavjain"
318,15866433,"Pavlo Ivanin","2026-07-27 14:10:19",6.420,111,pavloivanin
319,16287603,此名只应天上有,"2026-07-26 03:58:20",6.420,100,"ericchen001,thx123456121,yijialyu,yuxuands"
320,16591053,xnryxd,"2026-07-28 00:04:10",6.421,22,al55522me
321,16368801,永不复焉,"2026-07-28 00:05:49",6.421,85,legeia
322,16604980,"Veniamin Nelin","2026-07-28 08:47:39",6.421,4,veniaminnelin
323,16092817,"Toshifumi Komiya","2026-07-28 09:43:36",6.421,158,toshifumikomiya
324,16489452,"Excadrill Pokémon","2026-07-28 01:42:03",6.421,65,hollowf4d9
325,16560727,"Ryo Hasegawa","2026-07-28 04:11:43",6.421,32,ryohasegawa926
326,16539078,taiseiu,"2026-07-28 09:48:40",6.421,48,taiseiu
327,16234120,"TAKASHI AZUMA","2026-07-28 03:38:03",6.421,190,takashiazuma
328,16553623,"Gyeongsik Kim","2026-07-28 09:19:40",6.421,26,gyeongsikkim
329,16446396,HarshitSama,"2026-07-27 11:45:35",6.421,71,harshitsama
330,16248935,cqupt_sdq,"2026-07-28 05:01:47",6.421,18,sdq2237
331,16082982,sakaitt,"2026-07-27 14:58:20",6.421,32,sakaitt
332,16368516,"Juan Leiva","2026-07-28 06:48:31",6.422,198,juank333
333,15901391,yellowleaf,"2026-07-26 06:59:42",6.422,97,"tueruu,wcqyfly,wuibkk,zunyok"
334,16514641,"Dig Dig Dig","2026-07-28 09:43:46",6.422,98,"lingyu07,lixin73"
335,16307937,maesaer,"2026-07-28 00:58:12",6.422,66,maesaer
336,16412760,htatsumi,"2026-07-28 00:13:18",6.423,73,"tatsumihasebe,yutomaezawa"
337,16555386,Ernie,"2026-07-26 10:07:41",6.423,38,ernie55ernie
338,15895871,"Dr Chandrasen Pandey","2026-07-28 08:50:07",6.423,226,devchandra
339,15867031,Qiwei,"2026-07-28 05:01:33",6.423,84,qiweiyin
340,16600096,no_wonderr,"2026-07-28 04:29:04",6.423,11,nowonderr
341,16575401,"deed in","2026-07-26 13:29:42",6.423,12,asayu255
342,16557533,DhanaLakshmiMalla,"2026-07-27 18:01:50",6.424,50,dhanalakshmimalla
343,16223514,Arsalaan,"2026-07-27 15:27:16",6.424,2,"arsalaan7,harryyyang"
344,16386940,"3,14159265358979323846","2026-07-28 03:44:51",6.424,65,"dambek,zoli800"
345,16555844,rs517,"2026-07-28 07:12:50",6.424,22,ryota517
346,16535188,MYOUCER,"2026-07-27 05:07:01",6.424,49,myoucer
347,15891313,"Tianzhen Yang","2026-07-28 04:32:43",6.424,15,snorfyang
348,16567078,"Manan Gupta","2026-07-28 01:26:23",6.424,50,obirdy
349,16380200,xthixsl_ml,"2026-07-28 01:59:22",6.425,13,xthistle999
350,16112969,Vaibhav_486,"2026-07-26 18:52:29",6.425,35,vaibhav486
351,15983268,Cathy_Quant,"2026-07-28 05:32:39",6.425,6,cathyyou
352,16383968,Gaurav,"2026-07-28 07:36:44",6.425,25,"gauravparkhedkar,shubhamm2005"
353,16369161,Casualty,"2026-07-28 06:50:51",6.425,31,"acerolaorionblade,hezeming"
354,16607760,Vectoriaa,"2026-07-28 03:36:24",6.425,3,"binarytrail7,vectoriaa"
355,16533330,poijio,"2026-07-27 12:32:09",6.425,44,poijio
356,15876830,"Ikki Katsuyama","2026-07-28 04:49:10",6.426,21,kacchanwriting
357,16592941,"Benz Nguyen","2026-07-27 04:53:23",6.426,3,ducnguyenvan
358,15902522,greyhound,"2026-07-28 11:36:51",6.426,36,tapaskd123
359,15875462,Jim879793123,"2026-07-28 08:36:36",6.426,83,"asdefrghjklm,jim879793123,lemonwu"
360,16414550,Koni_Yuu,"2026-07-28 01:58:02",6.426,66,yuki7070
361,16553793,MaybeIcanShow,"2026-07-23 23:21:26",6.426,8,upczbw
362,16301175,"Sky kun","2026-07-26 03:01:04",6.426,12,skykun
363,16342270,"Sijin Yu","2026-07-28 10:23:26",6.426,55,sijinyu
364,16206738,Hamachi,"2026-07-28 06:57:32",6.427,87,hamatz
365,16052585,JackGong,"2026-07-27 19:38:14",6.427,32,jackgong
366,16497157,99Valentine,"2026-07-28 00:09:18",6.427,57,sireesh
367,16608054,king_77578,"2026-07-23 11:38:41",6.427,11,"king77578,taopiliu"
368,16604817,"Ahmet Erdem Pamuk","2026-07-28 10:26:51",6.427,4,ahmeterdempamuk
369,16571678,Muso,"2026-07-28 12:28:22",6.427,42,musoxy
370,16413170,"Farkhad Akimov","2026-07-26 13:43:03",6.428,24,nonconf42
371,16542323,"Kunal Desale","2026-07-26 08:59:15",6.428,9,kunaldesale2408
372,16298941,jinzixuan,"2026-07-27 02:10:13",6.428,68,jinzixuan
373,16114594,"Tsubasa Kanno","2026-07-28 06:26:29",6.428,190,"kazuhiromasuyama,keishi01,tsubasatech"
374,16020119,"BambooCopter Analytics","2026-07-28 06:48:54",6.428,90,"cky666,hehahakl,ice0528,paradox23,ronglinlu"
375,15883874,Sakayuya,"2026-07-25 23:49:52",6.428,20,sakayuya
376,16471182,"Wen Zixuan","2026-07-28 00:38:20",6.428,40,wenzixuan1
377,16257116,"Yuta Yamazaki","2026-07-28 07:14:29",6.428,85,yamayuu18
378,15872095,"Bright O.H.","2026-07-28 08:46:01",6.429,27,brightoh
379,16083755,kkj333,"2026-07-28 09:42:02",6.429,121,kkj333
380,15886777,"Xuan Zhang","2026-07-28 06:56:05",6.429,62,xuanzhang001
381,16327220,JoriAhmed,"2026-07-28 06:37:25",6.429,18,joriahmed
382,15944658,Xander,"2026-07-27 01:54:38",6.430,124,canqiang
383,16267715,rsato0731,"2026-07-27 23:53:42",6.430,66,rsato0731
384,16363400,"Rahma Kallel","2026-07-28 11:35:20",6.430,14,rahmakallel
385,15869262,Yusuraume,"2026-07-28 16:45:18",6.430,386,sugitatomohiko
386,15992430,kesumete,"2026-07-24 00:30:04",6.430,50,kesumete
387,16576961,"Madiyar Khamzanov","2026-07-28 07:27:30",6.430,24,mkhamzanov
388,16441581,"Drill or No Drill?","2026-07-27 18:11:21",6.430,35,"arsgorynich,artemboltaev,dmitriigluzdov"
389,16437054,Chellick,"2026-07-27 10:10:21",6.430,46,matweyisupov
390,16392530,"Alexander Ershov","2026-07-28 13:16:32",6.431,31,alexanderershov
391,16371125,"sam #2","2026-07-28 06:24:12",6.431,29,samgreen2046
392,16451217,ICI,"2026-07-27 13:17:37",6.431,64,postspost
393,15897441,"Raunak Dey","2026-07-25 18:28:52",6.432,27,raunakdey07
394,16001673,"Tagir Analyzes","2026-07-26 07:50:05",6.432,39,tagirkhairutdinov
395,16554180,"Pizza Pane","2026-07-28 13:41:14",6.432,44,dauriel
396,16530508,WYSSR1225,"2026-07-28 15:06:03",6.432,48,"wyssr1225,xiaotongxian"
397,16093047,"Tony Li","2026-07-28 09:48:23",6.433,77,tonylica
398,16381376,zentropy,"2026-07-28 09:46:29",6.433,145,jessky
399,16575441,石原赫,"2026-07-24 15:10:52",6.433,15,shiyuanhe123
400,15881195,Dr_F,"2026-07-28 07:25:10",6.433,162,algebraictopology
401,16475953,"Nat Bel ML Fun","2026-07-27 17:20:40",6.433,34,natbel4ml
402,16489037,mediumGuy,"2026-07-28 11:09:06",6.433,71,mediumguy
403,16384593,"Zalman Goldstein","2026-07-26 03:59:53",6.433,27,zalmangoldstein
404,15873221,ed2608,"2026-07-28 02:45:27",6.433,96,ed2608
405,16600007,"Adam #2","2026-07-28 05:24:41",6.434,3,potonglantie93
406,15867802,"Hanif Noer Rofiq","2026-07-28 11:01:54",6.434,21,hanifnoerrofiq
407,16161958,"Jack Cole","2026-07-28 06:07:50",6.434,153,jcole75
408,15907642,rkd,"2026-07-28 00:09:32",6.435,101,ryookd
409,15864928,FOYSAL,"2026-07-27 11:53:05",6.435,177,"foysalemonshanto,rokaiyasomapti"
410,16593821,amy,"2026-07-28 12:02:22",6.435,13,mystakhs
411,16600231,victorriposati,"2026-07-28 01:27:11",6.435,8,victorriposati
412,15863838,Đăng,"2026-07-28 19:28:55",6.435,14,dangnh0611
413,16591453,hackertrip,"2026-07-26 05:47:55",6.435,5,hackertrip
414,16127158,"Juwon Park","2026-07-27 21:53:16",6.435,11,parkseoul
415,16254759,mimizuku,"2026-07-28 11:09:45",6.435,186,"kuroshiro07,takumashiga"
416,16500478,o-shun,"2026-07-28 08:03:04",6.435,25,onushun
417,16279742,"C R Suthikshn Kumar","2026-07-27 15:44:46",6.435,13,crsuthikshnkumar
418,16214246,doncli,"2026-07-28 05:57:29",6.436,42,doncli
419,16018310,CrazyJK,"2026-07-28 14:54:00",6.436,64,"hasmukai,reiasc,ultsaza,yuuuuuuuuchu"
420,16516723,Mathew131,"2026-07-28 08:15:17",6.436,81,mathew131
421,15943556,yuki16,"2026-07-28 02:13:43",6.436,96,yuki16
422,16050878,Zulqar,"2026-07-28 10:24:11",6.436,33,johndoe2011
423,16459394,Weiren,"2026-07-28 00:05:34",6.436,56,weirenhsu
424,16192131,"Nozomi Suzuki","2026-07-28 10:48:43",6.436,93,nozomisuzuki
425,16327186,"Ahmed Khudair","2026-07-27 16:44:52",6.436,19,ahmedkhudair121
426,16208993,Kyrie5220,"2026-07-28 03:32:46",6.436,83,kyrie5220
427,16026513,victor,"2026-07-27 02:16:28",6.436,92,vicmcorrea
428,16500281,"Jinypo Yim","2026-07-28 11:03:02",6.437,22,hukatapo
429,15864245,"Vladislav Lavrentev","2026-07-27 11:16:09",6.437,100,lightningv08
430,16258503,"Hassan Algizani","2026-07-26 00:07:58",6.437,43,hassanalgizani
431,16474829,Goldminer,"2026-07-28 09:33:13",6.437,64,ruggedbones
432,16582635,"this is lsm","2026-07-25 07:37:37",6.437,2,thisislsm
433,16553386,少羽牛逼,"2026-07-27 11:34:16",6.437,47,gengsr
434,16209089,TTT,"2026-07-27 06:46:04",6.437,41,tadahiroasami
435,16258743,"Everyday Earthqueke","2026-07-28 15:27:26",6.437,108,"haru0707,kiduna,kotaro1129"
436,15865665,fle3n,"2026-07-27 16:56:09",6.437,107,fleongg
437,16114178,"Handa WANG","2026-07-28 13:22:21",6.437,106,handawang
438,16552829,"Yang Bai","2026-07-28 07:30:01",6.438,8,jackelysia
439,15868277,c0sm1c,"2026-07-26 07:31:09",6.438,19,"emtovo,tanghao111,zenosga"
440,16578930,sasa_leaf,"2026-07-28 08:36:23",6.438,10,sasaleaf
441,15916147,kigasudayooo,"2026-07-28 11:18:32",6.438,55,argon1215
442,15874430,"Turkish Drill Intelligence","2026-07-28 11:32:24",6.438,268,"biohack44,merkiraz"
443,15891175,Theta,"2026-07-28 13:38:58",6.438,224,"antonoof,innerf1re,markslavin,replikeit,vladkochetov07"
444,15931316,"Ivan Vorfolomeev","2026-07-28 08:12:45",6.438,27,ivanvorfolomeev
445,16324068,"Hayato Matsuzawa","2026-07-28 13:31:53",6.438,113,matsuzawahayato
446,16450373,"Changyuan Chen","2026-07-28 02:47:56",6.438,54,"changyuanchenmit,hqj66666,longze666,zhangjiedeliao"
447,16467166,naiQie,"2026-07-28 09:23:19",6.438,38,hufewfw6we
448,16573129,JMChen3160,"2026-07-28 02:26:30",6.438,26,jmchen3160
449,16557396,tedo,"2026-07-28 16:33:59",6.438,50,takuroedo
450,16499576,"JZ Zhou","2026-07-28 05:39:04",6.439,64,gerogezjz
451,16537369,"Cary Chan","2026-07-28 02:24:51",6.439,9,srchancary
452,15922786,"Dummie Man","2026-07-28 00:59:15",6.439,27,daikimurakami
453,16536891,gamesu7107,"2026-07-28 02:35:18",6.439,65,gamesu7107
454,16541337,ibyyue,"2026-07-28 11:21:52",6.439,64,ibyyue
455,16030271,taichan,"2026-07-28 06:00:00",6.439,21,taichan003
456,16238368,Ricardo.M.Zhang,"2026-07-28 15:14:19",6.439,153,ricardomzhang
457,16387884,"kwon yong deuk","2026-07-28 01:10:50",6.439,30,kwonyongdeuk
458,16032505,DopaWei,"2026-07-28 05:08:13",6.439,1,dopawei
459,16024997,victorvv,"2026-07-28 12:03:10",6.439,8,whs66666666666
460,16585358,打不过zen,"2026-07-28 02:22:26",6.439,15,"cool1325cool1325,jiwangzi,xchenxxchenx,xiaopaku"
461,16461167,prvsiyan,"2026-07-28 12:03:14",6.439,69,prvsiyan
462,15867859,Nf4d1l,"2026-07-27 00:44:24",6.440,8,nf4d1l
463,16542403,hongzhouzhou,"2026-07-28 15:30:41",6.440,58,afterrain42
464,16584804,k1nyua,"2026-07-28 11:43:05",6.440,14,k1nyua
465,15868952,"PARAG VIJAY PAWAR","2026-07-26 03:01:56",6.441,22,paragpawar2008
466,16602107,water727,"2026-07-23 11:54:23",6.441,8,"duuhui,pengchengxie027,water727"
467,16432694,"Clement Lau","2026-07-26 15:53:24",6.441,6,clementlau
468,16419853,cf696666,"2026-07-28 10:49:15",6.441,34,cf33333
469,15876590,doublek,"2026-07-28 12:42:12",6.441,36,doublek
470,15996583,"Hu Xingyu","2026-07-27 04:12:37",6.441,68,huxingyu
471,16068456,wkdrbwnd1,"2026-07-28 10:10:47",6.441,58,wkdrbwnd1
472,16544352,Rowan,"2026-07-27 05:43:34",6.441,83,"alexanderzhiyuanliu,duyutong6,rowan321,shangmulu"
473,16600569,kara,"2026-07-26 13:54:57",6.441,4,"drchenb,eurnon,guiiua,maiuni"
474,16608569,guikko,"2026-07-28 07:44:38",6.441,6,"guikko,mkeekn,tkaudd"
475,16256312,tamo,"2026-07-27 12:37:57",6.441,26,ryotakasuya
476,16554472,"Mawra Musawar","2026-07-28 11:17:34",6.441,24,mawramusawwar
477,16382466,zhanghao,"2026-07-28 10:45:23",6.442,26,mendymandy
478,15884358,kokinnwakashuu,"2026-07-28 08:36:24",6.442,149,kokinnwakashuu
479,16233598,Naji,"2026-07-27 23:40:34",6.442,100,najiama
480,16481206,yamiryu,"2026-07-23 21:31:17",6.442,31,yamiryu
481,16465088,Tomy,"2026-07-27 00:01:31",6.442,74,tomycabrer
482,16359476,YYma1201,"2026-07-28 04:43:45",6.442,28,yyma1201
483,16298585,暗黑AGI,"2026-07-25 03:19:34",6.443,122,boristown
484,15924546,Junlaii,"2026-07-28 13:06:30",6.443,9,junlaii
485,16043787,Penguin,"2026-07-28 06:34:10",6.443,305,penguin069
486,16589122,maruda,"2026-07-28 06:24:47",6.443,11,rafalpronko
487,16472067,"Xiyu Hao","2026-07-27 14:28:04",6.443,80,sheeyuh
488,16561802,doubao,"2026-07-26 14:42:55",6.443,31,"haoxuanjng,xmkevin2004"
489,16582869,Letyoudown,"2026-07-28 08:48:25",6.443,17,letyoudown
490,16445119,"haonan zhengh","2026-07-28 08:11:34",6.443,35,haonanzhengh
491,15926026,yukiZ,"2026-07-28 14:33:23",6.443,263,hideyukizushi
492,15880335,Ninym06,"2026-07-28 05:08:41",6.443,114,ninym06
493,15880820,"Yuta Shimizu","2026-07-24 00:13:43",6.443,14,shimibrian
494,16409112,AmishMittal,"2026-07-28 02:57:00",6.443,22,amishm
495,16428394,doge,"2026-07-28 06:37:07",6.443,28,lordshibe
496,16587170,岡野航希,"2026-07-28 06:36:08",6.443,3,kokiokano
497,16590266,KoshinM,"2026-07-26 09:49:01",6.443,16,koshinm
498,15864776,LJL♥,"2026-07-26 07:30:33",6.443,16,jallll123
499,16439660,"MANAS NARKAR","2026-07-28 05:11:29",6.444,12,manasnarkar
500,16561019,Malla,"2026-07-27 18:09:30",6.444,39,mallaphalguni
501,16499578,yuuri,"2026-07-28 08:23:55",6.444,66,yuuuuuuuuri
502,16414445,"TVT HAMIC","2026-07-28 04:14:41",6.444,35,"manharthur,minhphongtng,nguyenbichuyen,phmvitthng"
503,16461407,"Heads or Tails","2026-07-27 23:52:46",6.444,85,headsortails
504,16576442,sml259,"2026-07-28 09:50:39",6.444,29,"hhhahh1,shenmenglu"
505,16490474,"Tian hao Qing Nano7ko","2026-07-27 13:53:52",6.444,71,tianhaoqingnano7ko
506,15949578,石涵宇,"2026-07-27 05:09:29",6.445,41,"luckyappley,yemaoye"
507,16451338,tanadai,"2026-07-27 05:23:42",6.445,17,da0516
508,16593861,"Rayk Kretzschmar","2026-07-28 05:59:03",6.445,23,raykkretzschmar
509,16428700,LiXingtao,"2026-07-28 00:40:02",6.445,22,lixingtao123
510,16404184,"Tverdov Konstantin","2026-07-27 08:54:32",6.445,17,ktverdov
511,16535888,vdthcmus123,"2026-07-23 08:04:10",6.445,6,envyy23120093
512,16049531,"tomohito shimura","2026-07-28 03:03:02",6.445,34,tomohitoshimura
513,16250613,"Umair Zia","2026-07-24 17:12:43",6.445,6,stealthtechnologies
514,15865258,"Santiago Maniches","2026-07-28 00:55:18",6.445,121,santmani
515,16574983,Vritoux,"2026-07-24 07:26:38",6.445,15,vritoux
516,16256101,Sonflower,"2026-07-27 14:55:16",6.445,25,"hemanthraju311,praveensahukari,vatsalkshah"
517,15866172,Fran2026,"2026-07-26 05:26:52",6.445,28,fran2026
518,16599173,"Logical matrix","2026-07-28 09:39:40",6.446,13,houjihao
519,16557891,myi,"2026-07-28 06:35:14",6.446,25,"curlybaboon,xuedaimayi"
520,16558772,"forever young","2026-07-28 05:44:30",6.446,45,keisukeyokota0428
521,16595242,"Mist Hill","2026-07-28 10:19:19",6.446,6,misthill
522,16023606,"Dimas Pasha Akrilian","2026-07-27 05:11:51",6.446,176,dimaspashaakrilian
523,15868318,dddkk0,"2026-07-28 03:16:24",6.446,47,compensator
524,16095409,SamoraDC,"2026-07-28 00:07:07",6.446,43,samoradc
525,16097811,"MMM Abbie","2026-07-28 06:15:47",6.446,108,kchuang
526,16450433,"Llin Ding","2026-07-28 04:03:28",6.447,25,llinding
527,16216238,yamadan96,"2026-07-28 00:06:57",6.447,145,yamadan96
528,16431761,Reki,"2026-07-23 17:10:57",6.447,30,ruichardliu
529,16607144,"Suyash Verma","2026-07-28 08:15:41",6.447,10,suyashdiamond1
530,16583426,Y-Kitaro,"2026-07-27 12:59:01",6.447,9,yhataktaro
531,15869940,"Krishna Sonji","2026-07-28 18:18:01",6.447,178,"krishnasonji,te3shwetabankar"
532,16510985,"a fox with a stock","2026-07-26 18:09:44",6.447,5,afoxwithastock
533,16556343,WellPilot,"2026-07-23 16:39:36",6.447,15,"barkincinar012,kutayzilciolu"
534,16118995,Star_xinglan,"2026-07-27 13:15:57",6.448,4,starxinglan
535,16240940,"oe L","2026-07-27 11:34:22",6.448,11,renmingqian
536,16010252,Efnutrrionpy,"2026-07-24 08:30:26",6.449,7,efnutrrionpy
537,16256533,tokawa2997,"2026-07-28 01:27:17",6.449,193,tokawa2997
538,15872357,konbu17,"2026-07-28 08:12:49",6.449,35,konbu17
539,16603034,"Jason Matthew Suhari","2026-07-27 12:52:02",6.449,7,jasonmatthewsuhari
540,16554478,yasut0ra,"2026-07-28 05:56:18",6.449,20,yasut0ra
541,16387695,"Yoshihiko Suzuki","2026-07-28 06:58:07",6.449,9,yoshihikosuzuki
542,16596557,"Wonbin Shim","2026-07-28 04:12:15",6.449,20,wonbinshim
543,16424081,"Gianni Cerrato","2026-07-27 19:03:36",6.449,66,giannicerrato
544,16450205,"Jayden Jeswin Raj","2026-07-24 10:49:33",6.449,18,richardmaddox
545,16554013,KangwqZhangZx,"2026-07-28 01:42:15",6.449,44,kangwqzhangzx
546,16583871,Takuma_Tsuji,"2026-07-27 14:17:54",6.450,6,takumatsujigatai
547,16504423,"Data Shrushik","2026-07-28 11:37:25",6.450,40,artkomissar
548,16095621,harrywhalen,"2026-07-27 23:34:43",6.450,45,harrywhalen
549,16423376,"Yang Hu","2026-07-26 16:42:14",6.450,13,youngsuper
550,15865086,"Athar Sayed","2026-07-27 06:11:54",6.450,50,sayedathar11
551,16401947,ShiyiLIN0922,"2026-07-28 04:24:23",6.450,29,shiyilin0922
552,15873568,"Code by Nadiia","2026-07-27 11:11:14",6.450,10,codebynadiia
553,15869295,MengYe,"2026-07-28 00:40:22",6.450,75,konohayui
554,16313656,nonono,"2026-07-27 02:01:09",6.450,42,yinpinggao
555,15874802,oQoXOdK6,"2026-07-27 05:24:42",6.450,22,oqoxodk6
556,15876069,Georgedelapore,"2026-07-28 11:24:42",6.450,41,georgedelapore
557,16205691,TNG,"2026-07-27 18:37:38",6.450,81,"davinor,jostvondendriesch,sventleman"
558,16588837,opbbai,"2026-07-28 02:47:39",6.450,6,"kkahoo,kunttg,opbbai"
559,16092374,Yizhuo,"2026-07-24 04:13:04",6.450,4,wangyiz
560,16553203,hinemos,"2026-07-28 10:20:45",6.450,33,hinemos
561,16495855,"Deep Dark Learning","2026-07-27 13:27:12",6.451,14,"mehailove,vanitasss"
562,16501727,Taffy1883,"2026-07-28 10:34:09",6.451,39,taffy1883
563,16535246,LinZihanAdam,"2026-07-25 15:49:45",6.451,65,linzihanadam
564,16490243,Jaywang,"2026-07-28 02:56:02",6.451,33,jaywang171
565,15863676,overfitmaxxing,"2026-07-27 16:04:33",6.451,118,baidalinadilzhan
566,15864173,"Charismatic Pizza Party🍕","2026-07-27 01:28:34",6.451,60,debugendless
567,16163669,"Julian Camilo Villa","2026-07-28 03:49:04",6.451,60,juliancamilovilla
568,15871123,"Seok, Jeongeum","2026-07-28 11:16:17",6.452,362,seokjeongeum
569,15895570,"Zhile Zhao","2026-07-26 03:13:14",6.452,65,"hyunew,visterbai"
570,16100763,"KOSUKE MATSUDA","2026-07-28 00:05:24",6.452,64,kosukematsuda
571,16378683,"Zhou Shijia","2026-07-28 05:25:32",6.452,42,"bronie77,mlstudio"
572,16102720,"OMID BAGHCHEH SARAEI","2026-07-26 22:43:29",6.452,36,omidbaghchehsaraei
573,16048207,Yangranran,"2026-07-28 02:35:35",6.452,22,yangranran
574,16208460,"Shohei Yoshinari","2026-07-27 20:59:40",6.452,14,shoheiyoshinari
575,16157927,"Nozomi Yaguchi","2026-07-27 16:05:56",6.452,53,tomokideguchi
576,15918697,"Katastrofik Kuyu Tahmincileri","2026-07-28 14:06:11",6.452,83,"karakasatarik,snnclsr"
577,16137539,charizard,"2026-07-28 10:57:07",6.452,69,"jeromequeck,richardtiew,singledigitmonster"
578,16515269,"Xya Liu","2026-07-28 01:53:06",6.453,22,xyaliu
579,16580821,xuzhicheng,"2026-07-23 13:17:48",6.453,4,xuzhicheng
580,15867158,"RITTWIK BHOWMICK","2026-07-23 04:40:04",6.453,14,rittwikbhowmick
581,16114469,"Hoorad Heidari","2026-07-24 15:12:21",6.453,5,hooradheidari
582,16354610,"Shahad aljayzani","2026-07-28 05:41:15",6.453,24,shahadaljayzani
583,16557861,Fususu,"2026-07-28 11:41:45",6.453,55,phuongncn
584,16208924,kta_jpn,"2026-07-28 01:14:40",6.453,13,ktajpn
585,15878378,"⸻AgentZZ ⸻","2026-07-26 16:38:51",6.453,25,agentzz
586,16261064,Sutee,"2026-07-28 04:08:14",6.453,131,lszlst
587,16376899,oftenpoppo,"2026-07-27 22:12:56",6.454,11,oftenpoppo
588,16466619,syunsuke,"2026-07-27 14:27:25",6.454,36,syunsuke1024
589,16606368,"Bella Zhao","2026-07-28 08:47:39",6.454,4,bellazhao2333
590,16040913,"Mattias Fagerlund","2026-07-27 22:23:47",6.454,163,mfagerlund
591,16555019,RiBenWanDuZi,"2026-07-28 06:44:44",6.454,52,ribenwanduzi
592,16140018,ShaYeBuHuiaaa,"2026-07-26 05:25:29",6.454,12,"dreamroad1729,freese1,yangrangrong"
593,16408433,YIBAI,"2026-07-27 02:29:48",6.454,65,baiyibb
594,16211743,"RanJeet Gupta","2026-07-24 15:41:25",6.454,15,ranjeet258
595,15870928,CaffeineSquad,"2026-07-27 16:35:58",6.454,35,"ayush3954,lokeshrana44,yuvikasingh31"
596,16039714,onick_man,"2026-07-28 10:54:55",6.454,17,ftakahas
597,16447308,TuMinhDang,"2026-07-27 01:53:27",6.455,10,darkswordmg
598,16588085,Ming68,"2026-07-28 09:29:32",6.455,5,ming68
599,16380157,Abdulrahman.su10,"2026-07-27 16:44:57",6.455,18,abdulrahmansu10
600,16513902,"Mostafa Rezk1","2026-07-28 15:41:26",6.455,52,mostafarezk1
601,15931595,WannaCry,"2026-07-28 09:55:08",6.455,71,yaroslavkholmirzayev
602,15998742,"lamb Liu","2026-07-24 00:15:51",6.455,38,liuxiaohua72
603,15914632,xsong2020,"2026-07-28 02:48:37",6.455,54,xstargate
604,15940217,MJVinay,"2026-07-27 17:54:13",6.455,84,mallajayanthvinay
605,15941735,"Shivcharanraju Anga","2026-07-25 02:52:24",6.456,4,shivcharanrajuanga
606,16588074,"Momoko Yan","2026-07-23 07:51:52",6.456,3,momokoyan
607,16483670,"A. R. SEKKAT","2026-07-28 10:07:56",6.456,92,arsekkat
608,16090382,"Anirban Chatterjee","2026-07-27 00:34:21",6.456,68,"aditigeo,anivana"
609,15892062,"Kim Jinseo","2026-07-28 01:07:49",6.456,67,kimjinseo1
610,15950993,StephenNedumpally,"2026-07-25 16:24:53",6.456,41,stephennedumpally
611,16538066,"zhangzhuang li","2026-07-26 04:31:19",6.456,3,"czlshen666,zhangzhuangli"
612,16414126,"Bahadir Selim Bakla ","2026-07-27 22:32:25",6.457,63,bahadirselimbakla
613,16424387,AutoROG,"2026-07-28 00:46:42",6.457,16,shivaurora
614,16370471,"Abdulmuiz Abdullateef","2026-07-25 15:44:53",6.457,36,capthwi
615,15899232,"Gowrav M","2026-07-27 03:31:18",6.457,57,t5634563635
616,15993502,"Pranjal Verma","2026-07-26 05:27:18",6.457,7,pranjalverma08
617,15995289,AnthonyTherrien,"2026-07-27 14:06:43",6.457,12,anthonytherrien
618,15879193,Manoj,"2026-07-24 09:43:38",6.457,2,mks2192
619,15869557,"ren toda","2026-07-26 13:33:59",6.457,23,"monruho,rabianaz22,rentoda,trinhdpham"
620,15998400,MICADEE,"2026-07-25 07:25:56",6.457,49,adegladius
621,16206649,"Husnain Ali","2026-07-28 06:23:00",6.458,10,hafts11
622,15965434,"Takauchi Suguru","2026-07-28 12:10:41",6.458,9,gurusut
623,15999060,igarashimm,"2026-07-27 23:04:54",6.458,45,igarashimm
624,16566873,"Indar Karhana","2026-07-28 12:01:01",6.458,25,indarkarhana
625,16553135,alfaraco,"2026-07-27 17:44:37",6.458,18,alfaraco12
626,16501270,U023,"2026-07-25 17:32:26",6.458,5,ryutek
627,16587134,"Sankalp Thakur","2026-07-28 06:50:36",6.458,31,"aasthathakur,sankalpsthakur"
628,16516663,Zyy7390,"2026-07-28 04:13:23",6.458,22,zyy7390
629,16403707,"Muhammad Ahmed","2026-07-26 19:18:01",6.458,118,muhammad4hmed
630,16327199,sans,"2026-07-28 05:41:22",6.459,21,sans6262q
631,16607621,fractalbyte,"2026-07-28 06:43:36",6.459,5,"fractalbyte,quenith,valqeth,xuantinglu"
632,16269978,"THIRUPATHI KANNAN K","2026-07-23 11:55:06",6.459,11,thirupathikannank
633,16277945,"T Soo","2026-07-27 08:20:32",6.459,15,ttgrcgrc
634,15991588,Wo,"2026-07-25 00:47:30",6.459,40,istribaik
635,15921432,"PRASHANT SHUKLA91","2026-07-27 21:20:49",6.459,38,prashantshukla91
636,16210750,"Drill Drill Drill","2026-07-27 01:10:55",6.459,24,damiendesolei
637,15874904,"Yanshu Patel","2026-07-25 17:27:15",6.459,22,yanshupatel
638,16565797,三天,"2026-07-23 09:40:54",6.459,9,gggggggxy
639,16533477,Ikeda0516,"2026-07-27 07:02:23",6.459,25,ikeda0516
640,16100330,Nikita,"2026-07-26 22:42:45",6.459,14,nikitagajbhiye30
641,16468270,"Malyshev Danil","2026-07-28 11:20:27",6.460,82,malyshevdanil
642,16491500,"Enci Zhang","2026-07-28 07:26:42",6.460,40,encizhang
643,16247969,atkaggler,"2026-07-27 23:50:09",6.460,113,atkaggler
644,16584390,KOUJIAO,"2026-07-27 09:49:46",6.460,12,koujiao
645,15919557,fishcat,"2026-07-25 07:52:26",6.460,38,fishcat37
646,16495153,AyushShukla,"2026-07-27 05:45:45",6.460,13,ayushivy
647,15880585,12345,"2026-07-28 06:29:09",6.460,3,"akimiojr,minghaomei"
648,16516735,KHitomi,"2026-07-28 03:43:44",6.460,22,khitomi
649,16571233,"wennan cao","2026-07-28 02:15:04",6.461,34,wennancao
650,16531033,ns0329,"2026-07-27 11:09:37",6.461,22,ns0329
651,16514267,"bo a movies","2026-07-28 09:54:56",6.461,152,"aliozanmemetoglu,berringurler"
652,15885908,k.mas,"2026-07-25 11:42:17",6.461,4,kgethimas
653,16361496,Chillab,"2026-07-26 12:03:26",6.461,24,niilsa
654,15882357,"Kamal Das","2026-07-28 04:55:59",6.461,24,kmldas
655,16426564,"boring tean","2026-07-28 04:05:56",6.461,33,"hanbillbuqian,hkd2333,hsiaosuan,ronafeng"
656,16306910,山谷知輝,"2026-07-28 02:04:56",6.462,63,tomokiyamaya
657,15863659,"Pretty Boring Model","2026-07-23 22:33:41",6.462,51,nihilisticneuralnet
658,16551140,Vii,"2026-07-28 03:18:47",6.462,60,vipimsun
659,15864469,OverfitOracle,"2026-07-24 17:55:34",6.462,34,alisalmanrana
660,16554974,wztimbo,"2026-07-27 02:24:18",6.462,8,wztimbo
661,15952718,在20x的codex里挖呀挖呀挖,"2026-07-27 14:47:25",6.462,233,"huangshunhao,mitubant,ngyzly,zzxhee"
662,15868846,sghwr,"2026-07-28 04:49:19",6.462,39,songhow
663,16532996,mlclan,"2026-07-27 18:20:12",6.462,73,"helloromiro,leonidzaporozhets"
664,16588134,"Ali Kassab","2026-07-23 04:19:25",6.462,1,akassab
665,16450581,"ZOULLA BILO'O Daniel","2026-07-23 17:08:51",6.462,13,danielarmel
666,16130840,HKBU,"2026-07-28 05:48:54",6.462,6,"jamesjklin,yilong1123344"
667,16195085,Hayauchiwasabi,"2026-07-26 00:48:24",6.462,4,kaiikeda
668,16119335,"Luon may Man","2026-07-28 02:54:31",6.463,42,"luonmayman,zhangzhen257"
669,15872169,"Enis Teper","2026-07-24 15:42:06",6.463,29,enisteper1
670,16296263,"Devesh Poojary","2026-07-28 03:18:02",6.463,12,dvpoojary
671,16511468,rssa,"2026-07-25 12:00:24",6.463,20,yuxiahang
672,16159997,seantangth,"2026-07-27 15:48:43",6.463,63,seantangth
673,15869832,"Savan Javia","2026-07-26 05:27:43",6.463,12,savanjaviya
674,16422133,"Evily Evihut","2026-07-27 07:59:32",6.463,26,evilyevihut
675,15868599,kindasomethin,"2026-07-28 11:31:20",6.463,233,"aadigupta1601,adityaraghuvanshi999,aikyatansinha,kindasomethin,yash2072005"
676,16046357,"Cam-Luan Truong","2026-07-28 03:18:37",6.463,14,luantruong
677,16434464,wuy1hao,"2026-07-28 03:50:34",6.463,5,wuy1hao
678,16434600,Emiria,"2026-07-28 18:19:40",6.464,11,shiru2
679,16306383,"SIXUAN HUANG","2026-07-28 03:18:01",6.464,63,huangsx05
680,16490838,"Rasheed Khoshnaw","2026-07-27 00:02:52",6.464,82,rasheeed
681,16252044,"Sirui Zeng","2026-07-27 12:53:21",6.464,49,siruizeng
682,16276139,ikun,"2026-07-28 02:22:10",6.464,88,liangyan0322
683,16060317,hotaq,"2026-07-28 04:37:33",6.464,4,chinnaphatkhun
684,16223893,k2-gc,"2026-07-27 22:42:05",6.464,146,penguingc
685,16403873,Calix_lin,"2026-07-28 06:30:50",6.464,34,"calixlin,thanx01,zoeyyychu"
686,15869111,"Sadam Torres","2026-07-27 21:31:18",6.464,80,sadamtorres
687,15871771,zakihiro,"2026-07-28 09:15:20",6.464,51,zakihiro
688,15897409,"Yash Mohan","2026-07-26 17:58:28",6.465,99,yashm917
689,16592837,mmtyeu,"2026-07-28 07:45:29",6.465,8,"fengzhengbingxue,mmtyeu,zhuhuaihan"
690,16275579,Bruce,"2026-07-28 04:09:11",6.465,70,bruceqdu
691,16565652,"Hangyu Yu","2026-07-28 07:46:24",6.465,14,cqupthangyuyu
692,16557382,Dsuke,"2026-07-28 04:52:28",6.465,15,dhiguchi
693,16537460,"Andrew Nakas","2026-07-28 09:15:54",6.465,11,andrewnakas
694,16312920,"Shankar Madhira","2026-07-26 14:00:46",6.465,12,shankarmadhira
695,16554076,sirod0,"2026-07-27 10:19:25",6.465,25,sirod0
696,15872124,Enjoy,"2026-07-28 12:37:54",6.465,23,jackylw
697,16395030,"Youhei Tomio","2026-07-27 21:53:22",6.466,25,youheitomio
698,16584189,kaitle,"2026-07-28 09:56:01",6.467,16,kaitle
699,16394397,"Ivan Ilyushchenko","2026-07-27 22:41:25",6.467,17,ivanilyushchenko
700,16604178,Niclo,"2026-07-27 06:19:10",6.467,2,midcarryhz
701,15877655,spbforce,"2026-07-27 13:17:03",6.467,41,spbforce
702,16591780,Toru59er,"2026-07-28 03:28:42",6.467,13,toru59er
703,15990772,"Brahim Brah","2026-07-28 04:49:27",6.467,73,brahimbrah
704,15920693,/goal,"2026-07-28 09:35:28",6.467,30,gufanmingmie
705,16578840,Aic,"2026-07-27 04:44:34",6.467,7,gunianxue
706,16573472,OTkm_tn,"2026-07-24 06:34:59",6.467,9,otkmtn
707,16185293,"Bill Fan","2026-07-28 01:44:40",6.467,31,billfan88
708,16158716,"Samyakraj Bayar","2026-07-27 16:37:41",6.467,71,samyakrajbayar
709,16273929,deepseekv4-flash,"2026-07-27 14:25:53",6.467,34,blacklions
710,16538973,kissskk,"2026-07-24 08:40:04",6.467,22,ywwqfj
711,16236417,グレイラットルーデウス,"2026-07-24 13:32:39",6.467,14,rudeus666
712,15867047,PixelPuff,"2026-07-25 11:18:19",6.467,17,krishpatel290895
713,16381277,"Ryan #2","2026-07-26 01:08:16",6.467,13,ryanshunsuke
714,15890468,anyasri,"2026-07-25 12:47:14",6.467,40,anyasri
715,16440669,walkrunfly,"2026-07-28 00:03:01",6.467,102,walkrunfly
716,16533775,"Daiki Matsuoka","2026-07-27 13:37:57",6.467,32,daikimatsuokaa
717,16574157,carlos-tagosaku,"2026-07-28 06:06:55",6.467,20,sousugiyama
718,16412025,"Amon Suzuki","2026-07-26 00:44:15",6.467,76,amonsuxuki
719,16553198,"20x is all you need","2026-07-27 14:50:07",6.467,38,yongxinkwan
720,16482220,"Neural Ninja 11","2026-07-26 08:52:30",6.467,11,neuralninja11
721,16257491,"Behiye Bedir","2026-07-26 09:04:53",6.467,12,behiyebedir
722,16531000,"Junhai Xu","2026-07-26 14:13:50",6.467,50,soulcool
723,16491752,junesdata,"2026-07-28 07:25:49",6.467,28,junesdata
724,16597701,YuanZhiX,"2026-07-28 06:02:01",6.467,18,yuanzhix
725,16544040,Kur15uCa7,"2026-07-27 09:45:46",6.467,18,kurisucat
726,16151079,"The Borinator","2026-07-28 05:24:24",6.467,98,ortimusprime
727,16578942,shuto,"2026-07-28 07:22:18",6.467,17,kisigan
728,16496284,kawhi0.0,"2026-07-27 06:40:13",6.467,45,kawhi00
729,16001794,curiousiam,"2026-07-28 17:09:56",6.467,54,"curiousiam,divyansh675"
730,16553897,XujianyuShow,"2026-07-28 09:02:48",6.467,15,"jokerd0119,xujianyushow"
731,16107879,波力海苔,"2026-07-28 18:39:58",6.467,8,blht2026
732,16580387,"Yixuan Yang","2026-07-27 18:31:37",6.467,15,easoney
733,16305671,"Jiuxin Feng","2026-07-27 23:05:55",6.467,26,"jiuxinfeng,wenjieli2333"
734,15879715,"Ehimen Nathaniel","2026-07-28 15:27:46",6.467,131,ehimennathan
735,16510253,Autumn67,"2026-07-28 01:59:46",6.467,13,"autumn67,primuks23"
736,16607782,Lunqira,"2026-07-28 03:45:11",6.467,3,lunqira
737,16603391,浪漫血液,"2026-07-28 06:38:24",6.467,10,uncletian2021
738,16542865,Huuyx1,"2026-07-28 06:52:47",6.467,7,huuyx1
739,15873842,MR.h,"2026-07-25 04:37:01",6.468,12,hyh273279
740,16137244,magoemu,"2026-07-26 23:07:58",6.468,16,magoemu
741,16284281,lghlgh,"2026-07-27 12:13:59",6.468,39,lghlgh001
742,16162775,"Igor V","2026-07-28 06:42:00",6.468,63,rostigor
743,15867607,"Well Trained","2026-07-23 01:06:12",6.468,230,helloworld78
744,16541900,g-taniguchi,"2026-07-26 18:14:37",6.468,13,gtaniguchi
745,16585100,Rarage,"2026-07-25 17:40:06",6.468,7,bbrage
746,16450806,"Daniil Bokhan","2026-07-23 09:42:52",6.468,11,daniilbokhan
747,16555194,ganbayard,"2026-07-28 06:45:51",6.468,29,ganbayardamdindorj
748,16200702,moda,"2026-07-26 10:23:33",6.468,61,kouheinoda
749,16535020,xin782,"2026-07-26 08:14:33",6.468,12,xin782
750,15865564,cm391,"2026-07-27 08:26:46",6.468,7,mccocoful
751,15997687,"Ayush Shekhar","2026-07-27 16:50:00",6.468,42,ayushshekhar56
752,16273633,hsn2255,"2026-07-28 01:50:50",6.469,79,"hsn2255,nsh2255"
753,16531267,"Samrish B","2026-07-25 01:09:39",6.469,7,samrishb
754,15927514,masaakiwatanabe,"2026-07-27 10:40:08",6.469,24,masaakiwatanabe
755,16501033,Omkar,"2026-07-25 13:19:22",6.469,8,itzzomkar
756,16048714,yanjixiang,"2026-07-24 03:25:56",6.469,7,yanjixiang
757,15866574,Praxel,"2026-07-28 07:58:29",6.469,185,praxel
758,16437845,"Bloch Sphere","2026-07-28 09:35:00",6.469,21,levkayumov
759,16459649,"sudhanshu bhardwaj","2026-07-28 06:39:28",6.469,45,princecoder
760,15923092,keithtyser,"2026-07-23 13:39:48",6.469,44,keithtyser
761,16033034,huangcarry25,"2026-07-28 02:02:08",6.469,136,"huangcarry25,xhxyyds,yongqiangtian"
762,16558338,muelsyse111,"2026-07-28 07:39:11",6.469,57,muelsyse111
763,16446828,"Игорь Жаров","2026-07-24 13:32:41",6.469,29,flexonafft
764,15874721,ykhnkf,"2026-07-27 01:45:54",6.469,74,ykhnkf
765,15872587,"Lucien de Rubempre","2026-07-25 11:02:04",6.470,24,lucienderubempre
766,16376808,C.A.T.,"2026-07-27 02:31:55",6.470,58,b14ckc4tmr
767,16353514,"Bektursyn Shaimerden","2026-07-27 12:27:11",6.470,15,bektursyn
768,16582300,AzamatH1,"2026-07-23 12:21:50",6.470,4,azamath1
769,16100459,Qinghchen,"2026-07-28 05:05:40",6.470,36,qinghchen
770,16462167,"Alejandro Rendon B.","2026-07-28 00:31:34",6.470,46,alejandrorendonblan
771,15872291,Cyrus,"2026-07-28 15:19:03",6.470,90,jamalsaeedi
772,15899074,bighead514188,"2026-07-28 03:13:40",6.470,30,bighead514188
773,15929744,GUOHAOYANG,"2026-07-24 02:11:09",6.470,69,pkuszboi
774,16493509,"Okeke Johnpaul","2026-07-26 16:47:13",6.471,9,okekejohnpaul
775,16425925,"Mohamad Matali","2026-07-28 05:41:25",6.471,17,mohamadmatali
776,15884871,UtaAzu,"2026-07-27 02:27:57",6.471,31,utaazu
777,16260886,Hack2Publish,"2026-07-27 03:37:04",6.471,16,"esfersami50,hosen42,tarekrahman82"
778,16588255,malone001,"2026-07-28 07:47:51",6.471,13,malone001
779,16592897,ttoiik,"2026-07-27 09:44:59",6.471,47,"cathycaiyt,hokurinki,jishenhu,ttoiik"
780,16049949,"Kohei Shintani","2026-07-26 12:53:52",6.471,145,"junta1104,kshintani"
781,16234137,masat,"2026-07-27 11:21:49",6.471,48,masatttt
782,16085174,"Keven Li","2026-07-27 14:24:55",6.471,31,kevin250304
783,15883873,miyawakiayaka,"2026-07-28 03:27:02",6.471,42,kanatakon
784,16196608,"Renhe Wang","2026-07-25 06:20:09",6.471,30,pendragonarthur
785,16196910,Manuf,"2026-07-28 08:13:02",6.471,31,manuelferromorales
786,15917431,TakamaruEX,"2026-07-26 08:02:40",6.471,110,takamaruex
787,15992368,Drifffffft,"2026-07-27 13:41:06",6.471,66,"rudispresence,yuan0524"
788,16388545,APEX,"2026-07-24 14:34:12",6.472,48,"akshitasrivastava1,irongm"
789,15898503,pp1985,"2026-07-22 16:14:06",6.472,4,ppilania1985
790,16393883,"Shubhan Kamat","2026-07-23 16:05:16",6.472,27,shubhankamat
791,16534277,"Phiratath N.","2026-07-28 07:27:23",6.472,18,medrau
792,15869611,"Ravi Ramakrishnan","2026-07-28 01:44:42",6.472,85,ravi20076
793,16552086,"Enter your display name #2","2026-07-28 07:55:19",6.472,47,longnguyenthanh112
794,16117908,Ace,"2026-07-27 12:48:16",6.472,132,"nischaydnk,shikhageekachad"
795,16256970,"Nhat Minh","2026-07-24 15:11:04",6.473,12,phmnhtminhuet
796,16451011,Vigneshwaran,"2026-07-28 03:52:34",6.473,32,vigneshsankar1962
797,15886266,"Ifeoluwa Adewumi","2026-07-28 18:18:00",6.473,39,ifeadewumi
798,16427233,LIQUIDHORSE,"2026-07-23 17:13:54",6.473,20,liquidhorse
799,16571686,Yentür,"2026-07-28 04:39:25",6.473,43,meryentr
800,15879696,Pavel,"2026-07-27 13:47:29",6.473,54,pavelsavchenkov
801,16153083,PavelLiashkov,"2026-07-28 02:09:46",6.473,86,bigbag1983
802,16254050,"Georgy Mamarin","2026-07-27 12:33:06",6.473,50,georgymamarin
803,16474804,PeriwinkleBlueOvO,"2026-07-27 17:36:49",6.473,55,PeriwinkleBlueOvO
804,16607875,DL,"2026-07-28 07:43:37",6.474,5,distiller
805,15874994,Ova,"2026-07-26 20:16:40",6.474,133,overvalueawareness
806,16511160,Cider328,"2026-07-28 17:12:08",6.474,52,mitsuyayamamoto
807,16576632,"Simon Rüba","2026-07-27 19:13:55",6.474,25,simonrba
808,15874933,"Giovanni Marco Dall'Olio","2026-07-28 09:16:15",6.474,27,dalloliogm
809,16295671,"Jahan Kazimi","2026-07-27 10:10:33",6.474,11,jahankazimi
810,16552477,KisSa,"2026-07-28 06:02:10",6.474,27,khnhvinhlu
811,16597211,"Data Knight","2026-07-25 19:52:14",6.474,2,krishd123
812,16386218,"Chaoqi Luo","2026-07-25 14:45:08",6.474,15,chaoqiluo7
813,15920458,Sushirina,"2026-07-23 09:38:54",6.475,30,"carinazhang299,jessieeee111"
814,16588670,tensorlike,"2026-07-26 16:21:45",6.475,8,"echoverse1,neonflux,tensorlike"
815,16584150,ebisu_ya,"2026-07-26 02:26:06",6.475,21,ebisuya
816,16427909,"Bang sion","2026-07-28 04:04:39",6.475,143,bangsioni
817,15950583,panda__MB__maximus,"2026-07-27 21:25:07",6.475,43,tanishmohokar09
818,16532934,"Ngọc Hưng Nguyễn","2026-07-24 02:55:28",6.475,13,nnhzzz
819,15892511,Zhenrui.Weng,"2026-07-27 14:45:36",6.476,4,zhenruiweng
820,16156622,"Heisenberg Cooks Math","2026-07-26 20:20:32",6.476,22,"garnikdavtyan,vatchethorossian"
821,16588752,Skalli,"2026-07-23 09:00:30",6.476,1,jmohr91
822,16560889,"Hrishikesh Dhuri","2026-07-28 03:07:27",6.476,9,hrishikeshdhuri19
823,16086137,wonder777,"2026-07-28 17:53:42",6.476,30,wonder777
824,16276145,Fkthestandards,"2026-07-28 09:19:05",6.476,25,"pizzss,shawnno"
825,15869200,"feng sui","2026-07-28 09:01:05",6.476,10,fullmagic
826,16327738,URAD,"2026-07-28 13:18:53",6.476,30,uradkr
827,16055870,"Alexander Gremyakov","2026-07-27 21:28:28",6.476,41,alexandergremyakov
828,15868506,ImoZuku,"2026-07-27 12:26:39",6.476,14,imozuku
829,15863506,"Jeki Wan Taufik","2026-07-25 06:08:55",6.477,67,jek1wantaufik
830,16589617,heralces,"2026-07-28 01:58:29",6.477,8,heralces
831,16473193,heliosli,"2026-07-27 10:26:03",6.477,31,heliosli
832,16485956,"Hikaru Umeda","2026-07-28 11:08:43",6.477,31,hikarumeda1030
833,16076397,"Sri Yogesh","2026-07-23 07:29:03",6.477,34,yogesh94
834,16253405,Steven66886688,"2026-07-28 05:29:53",6.477,104,steven66886688
835,16416548,"nothing works","2026-07-24 11:23:35",6.478,11,earl28
836,15968134,"German Mora Martin","2026-07-23 08:28:38",6.478,9,germanmoramartin
837,16584425,"Bhargavaram Gajula","2026-07-25 12:25:06",6.478,4,bhargavaramgajula007
838,16425847,hally,"2026-07-25 18:09:57",6.478,25,halishikawa
839,15895041,musculer,"2026-07-28 05:03:51",6.478,101,musculer
840,16188126,Haumea,"2026-07-28 07:51:53",6.479,131,"chaitanyagullapalli,marutiharsha"
841,16459503,Teolian,"2026-07-27 14:53:28",6.479,44,teolian
842,16608271,cryptiva,"2026-07-28 06:32:42",6.479,2,"cryptiva,inferencee"
843,16534369,wxlzzyy,"2026-07-28 06:12:00",6.479,30,"tluollv,wxlzzyy"
844,16359791,Lan_Sky,"2026-07-28 09:15:59",6.479,45,lansky6
845,16114684,DHKim0324,"2026-07-28 04:17:57",6.479,23,dhkim0324
846,16111335,uesi,"2026-07-27 11:51:40",6.479,90,uemura687
847,16583217,"Maksym Bilychenko","2026-07-25 20:50:47",6.479,3,mbilichenko
848,16582062,"Bit Sparkle","2026-07-28 14:28:35",6.480,28,"a99992222,caigou400,dxyl632956,zhexian10109486,zhiyiren"
849,16382553,"Zihe Henry Zhang","2026-07-25 21:10:14",6.480,1,caesium137
850,16020372,"YOU SAY ON AUG","2026-07-28 07:05:19",6.480,49,"guskmm,knuiia,qunlilio,ttkauer,weijiemiao"
851,15880660,PHANTOM,"2026-07-27 04:50:36",6.480,40,subhashb21022
852,16098512,PhoenixTune,"2026-07-27 19:08:46",6.480,73,sviatoslavborodachev
853,16587223,"Maxwell Santoro","2026-07-28 10:19:53",6.481,10,maxwellsantoro
854,15888931,apat1n,"2026-07-27 18:13:08",6.481,32,grennwolf
855,16424937,ykuroka,"2026-07-27 19:30:55",6.481,25,ykuroka
856,15867071,"Philippe Lonjoux","2026-07-24 21:14:53",6.481,115,welcomeworld
857,16040497,Kuni05,"2026-07-28 10:25:40",6.481,56,kuni05
858,15995584,"Umer Haddii","2026-07-28 05:58:41",6.481,11,umerhaddii
859,16597405,AAElter,"2026-07-25 07:24:34",6.481,1,aaelter
860,16161352,LinearBasis,"2026-07-28 12:00:09",6.481,36,linearbasis
861,16554120,lvisdd,"2026-07-28 05:53:27",6.481,55,lvisdd
862,15868561,"yash bhaskar","2026-07-28 08:58:34",6.481,62,"paritoshtripathi5,yash9439"
863,15866480,automatylicza,"2026-07-28 08:04:46",6.481,41,automatylicza
864,15989556,dynamic24,"2026-07-28 01:33:36",6.482,38,dynamic24
865,16483314,s@sak1,"2026-07-27 19:39:05",6.482,9,sear2004
866,15866816,Hiro_Oza,"2026-07-28 00:30:58",6.482,130,ozhiro
867,16505687,Kalypheus,"2026-07-27 01:49:45",6.482,18,kalypheus
868,16115556,rainy_day,"2026-07-28 04:40:27",6.482,75,takutokunaga
869,16292215,"Hotaka Ueda","2026-07-27 17:50:07",6.482,52,uedahotaka
870,16023398,MarkDjadchenko,"2026-07-24 19:33:35",6.482,50,markdjadchenko
871,16560688,Ethereal49,"2026-07-27 06:42:44",6.482,4,ethereal49
872,16268723,TOSS,"2026-07-27 17:39:44",6.483,35,toshikawa80
873,15896662,"Xiangjiang Zhou","2026-07-26 08:04:13",6.483,21,xiangjiangzhou
874,15868051,S.Aoki,"2026-07-28 10:37:36",6.483,49,soyaoki
875,16515520,Haker_Sam,"2026-07-26 19:00:06",6.483,29,hakersam
876,15948207,"Bogdan Kovenko","2026-07-28 06:17:57",6.483,22,bogdan355
877,16023891,"Katsuaki Tanabe","2026-07-28 07:01:07",6.483,124,ktana41
878,16587807,"Vitor Hugo Barbedo","2026-07-27 23:38:39",6.483,4,vitorhugobarbedo
879,15888711,耶✌,"2026-07-27 20:05:43",6.484,17,qifeihhh666
880,15986082,"Vignesh Nehru","2026-07-26 07:42:55",6.484,74,vigneshnehru
881,16065920,"Nazmus Sakib Nafiz","2026-07-27 03:50:20",6.484,2,nazmussakibnafiz
882,16482219,n0Rollback,"2026-07-28 00:01:08",6.484,110,n0rollback
883,16316202,"Ali Alghaithi","2026-07-28 01:48:49",6.484,5,alioman
884,16105748,kcoffee,"2026-07-23 08:27:50",6.485,5,kcoffee
885,16487018,"Arina Nevolina","2026-07-27 23:15:18",6.485,33,nevolinaa
886,16420197,XiaoYan12,"2026-07-27 07:43:38",6.485,34,xiaoyan12
887,15981566,colt,"2026-07-23 05:24:11",6.485,28,xiaomaguo
888,16165696,yoikoarmor,"2026-07-25 12:04:32",6.485,15,yoikoarmor
889,15865051,hongan,"2026-07-26 19:53:25",6.485,42,honganzhu
890,16575328,"Agent 33","2026-07-27 05:44:02",6.485,12,agent33
891,15872210,"Kazuki Harada","2026-07-28 11:31:43",6.486,48,kazukiharada85
892,16490933,guochangZhang,"2026-07-24 06:17:18",6.486,4,guochangzhang
893,16300435,"Kane Shi","2026-07-26 09:46:53",6.486,13,shiyikai
894,16409747,"Rintaro Moriwaki","2026-07-25 06:11:47",6.486,26,rintaromoriwaki
895,16552677,renta.k,"2026-07-27 09:21:06",6.486,28,renta0426
896,16437915,"Koki _1231","2026-07-25 08:12:42",6.486,49,koki1231
897,16248495,unikina,"2026-07-27 18:44:20",6.486,54,unikina
898,16017539,akf-bei,"2026-07-28 11:35:28",6.486,9,akfbei
899,16316081,"Daewoo Myoung","2026-07-27 02:39:14",6.486,31,ttagu99
900,16539528,"Prajwal M","2026-07-28 06:16:05",6.487,3,estrick
901,16599095,manase0,"2026-07-25 15:59:03",6.487,4,"hperia3ds,manase0,spectrah"
902,16060288,"Hiro Nomo","2026-07-26 15:30:29",6.487,105,morinokuma3
903,16515452,Pai,"2026-07-22 16:57:49",6.487,4,rajathrpai
904,16608233,orbitaly,"2026-07-28 06:26:19",6.487,2,orbitaly
905,16024737,goldgoldgold,"2026-07-25 16:43:35",6.487,60,"anranflavia,friedmanstepthen,gcfbit,some123e23,sqqs123"
906,16039803,HorizonOcean,"2026-07-25 12:38:39",6.487,21,horizonocean
907,16249369,"Haixiang Xu","2026-07-25 07:46:38",6.487,97,"haixiangalex,raven888,xieyongjia,zhihaoweng"
908,16571696,maisan,"2026-07-28 11:48:54",6.488,15,adibfairuza
909,16255021,Dante,"2026-07-24 18:15:44",6.488,51,tawaragiyuhei
910,16227541,"Drill, Baby, Drill","2026-07-27 10:57:44",6.488,86,"abrahampjaison,mukulprasad958,pixiux,xiatian223"
911,15904383,"Takahiro Saito","2026-07-27 13:18:56",6.488,304,takahiro3110
912,16045797,"HARUKI HARADA","2026-07-27 07:03:28",6.488,20,harukiharada
913,16608783,"Shuhei Kuroiwa","2026-07-28 11:33:58",6.488,5,shuheikuroiwa
914,16607635,Maxy5illion,"2026-07-28 11:42:48",6.488,4,maxy5illion
915,16475350,Softcurrent,"2026-07-26 21:58:24",6.489,56,softcurrent
916,15899455,"Seine A. Shintani","2026-07-27 04:19:07",6.489,37,seineashintani
917,16551692,"Danila Chernousov","2026-07-27 11:26:22",6.489,19,danilachernousov
918,15866712,mjsty,"2026-07-26 22:14:42",6.489,9,mjjsty
919,16420847,kurt,"2026-07-28 06:47:38",6.489,95,syarht
920,15889496,"Mattia Angeli","2026-07-28 15:32:18",6.489,156,mattiaangeli
921,16193902,RO,"2026-07-28 04:03:23",6.489,46,rokauchi
922,15896677,"Jiachen Li","2026-07-23 12:46:41",6.489,74,llccqq624
923,16507050,suzu10,"2026-07-26 21:35:14",6.490,68,suzu10
924,16085133,beeyan,"2026-07-26 16:56:32",6.490,22,beeyan0821
925,16586241,"Nicola Li","2026-07-28 09:34:15",6.491,18,yuhaoli95
926,16359655,ljdzzz10,"2026-07-28 08:40:56",6.491,152,ljdzzz10
927,16053906,"Dmitriy Ch","2026-07-27 23:57:32",6.491,98,dmitriych
928,16092950,"Yubo WANG","2026-07-27 00:32:46",6.491,26,arksey
929,16582323,"Hurshan R","2026-07-28 01:45:39",6.492,1,hurshanr
930,16362965,DiegoSolarte,"2026-07-26 19:55:02",6.492,92,diegosolarte
931,16517328,phapdup10,"2026-07-26 17:40:05",6.492,31,phapdup10
932,16209841,JIAWEILI0001,"2026-07-27 10:15:05",6.492,176,jiaweili0001
933,16374072,橋本真旺,"2026-07-25 13:14:20",6.492,12,mao925
934,16319007,IamDiganta.7,"2026-07-28 10:56:08",6.493,22,iamdiganta7
935,15891106,marumoai,"2026-07-28 10:58:11",6.493,11,marumoai
936,16062599,"BJ Kim","2026-07-26 07:43:39",6.493,35,doitdoit80
937,16271653,"William Tecchio","2026-07-23 10:35:55",6.493,47,williamtecchio
938,15867804,"Kevin E R MILLE","2026-07-28 03:07:24",6.493,148,kevinermille
939,16603398,JLU,"2026-07-28 07:35:24",6.493,10,yoakeelee
940,16080505,"HongXin Su","2026-07-27 14:30:11",6.493,78,hongxinsu
941,16591352,Muheng,"2026-07-27 05:21:59",6.493,6,muheng
942,15867111,"Kumar Abhijeet","2026-07-27 17:15:43",6.493,26,krabhijeet
943,15877012,"Tech Creed","2026-07-24 07:03:31",6.493,74,"manojkumars00,muki2003"
944,16439385,Aristotle.Chen,"2026-07-28 09:29:33",6.493,44,aristotlechen
945,16018689,Canon,"2026-07-28 08:06:37",6.493,41,sotakurihara1
946,16282362,"Tasniem N. Alyahya","2026-07-27 21:01:02",6.493,102,tasniemnasser
947,16103125,WhatCanWeDo,"2026-07-27 07:28:29",6.494,58,shexunov
948,15875812,UlinNuhaAbduh,"2026-07-28 08:39:23",6.494,61,ulinnuhaabduh12345
949,15931286,"Nezihe Sözen","2026-07-26 20:34:08",6.494,25,nezihesozen
950,16441374,LosiSt,"2026-07-25 14:40:48",6.494,22,losist
951,15872887,Makarr,"2026-07-27 05:16:36",6.494,66,"b0brd0br,makarrogovik"
952,16271277,"Ojas Mishra","2026-07-28 12:36:56",6.494,51,ojasmishra89
953,15889162,"Arnav Salkade","2026-07-24 11:43:00",6.494,28,arnavsalkade
954,16496649,Shiva,"2026-07-25 20:24:40",6.495,6,shivasai77
955,16475249,髙木進吾,"2026-07-24 22:32:02",6.495,11,sakuya0116
956,16368894,"ML is all you need","2026-07-28 13:22:54",6.495,34,"chaksenhuang,faykudbq,yangjerry2509"
957,16400641,"feel the fable","2026-07-27 21:12:36",6.495,27,"artemgoncarov,naladwepo"
958,16433913,webcainiao,"2026-07-28 13:24:06",6.495,43,web3cainiao
959,16081120,msd0110,"2026-07-27 05:57:05",6.495,74,"morimo,msd0110,qistripute"
960,16288397,ancientLuck,"2026-07-27 14:12:07",6.495,4,ancientluck
961,16047531,Riku1022,"2026-07-27 02:57:02",6.495,21,riku1022
962,15867707,CuteClaw,"2026-07-27 20:27:40",6.496,62,bloodmoonwq
963,16603919,"Olivia Qiu","2026-07-27 05:18:04",6.496,2,chujunqiu
964,16567123,hexisteme,"2026-07-28 04:53:59",6.496,15,hexisteme
965,16197994,Yuta,"2026-07-28 05:38:59",6.497,31,yuta201220
966,16515388,"HeeGwan Lee","2026-07-22 20:00:29",6.497,16,heegwanlee
967,16488952,SYC,"2026-07-28 12:25:36",6.497,18,yichengs
968,16591293,"Shunsuke Hayashi","2026-07-28 06:28:11",6.497,2,shunsukehayashi1993
969,15874183,Neko,"2026-07-27 10:28:08",6.497,120,ootake
970,16256320,Tyooughtul,"2026-07-28 13:30:52",6.497,19,yooughtul
971,15866198,Reinhard,"2026-07-28 00:40:06",6.497,74,trainhard
972,16212876,"Paid Leave and Summer Break","2026-07-26 20:22:21",6.497,153,"atsu0905,kazukazupi,koro2jp,nisshimura,rikuter67"
973,16592266,张菠,"2026-07-27 03:12:30",6.498,2,"wisefancy,ysqdababa"
974,16608286,tangaii,"2026-07-28 07:12:23",6.498,3,tangai1
975,16600892,Yinzi_Mike,"2026-07-26 15:22:04",6.498,4,yinzimike
976,16401017,interplinker,"2026-07-28 10:42:37",6.498,15,interplinker
977,16409080,"Krizsó Gergely","2026-07-28 13:36:09",6.498,63,lucifer19
978,16058423,"Team BlackBox","2026-07-27 11:14:32",6.498,115,"koushikrudra,rustambazarbayev"
979,16541949,"Shamil' Cherkasov","2026-07-27 17:41:36",6.499,16,shamilcherkasov
980,16012672,"Bulat Latypov","2026-07-28 18:48:31",6.499,24,bubuilder
981,16579555,Kazuto,"2026-07-27 08:53:42",6.499,4,kakkkabonita
982,16194488,HRDevelops,"2026-07-27 21:08:55",6.500,6,hrdevelops
983,15868681,leaf,"2026-07-25 03:12:49",6.500,10,xwite147
984,16454467,Zayne,"2026-07-26 17:21:05",6.500,29,zaynefeng
985,16573132,chenhao,"2026-07-28 02:15:42",6.500,26,chenhao2115
986,16053694,"fakhri faros","2026-07-26 09:52:03",6.501,151,fakhrifarosss
987,16592241,"JINZHOU LI","2026-07-28 04:33:55",6.501,13,jinzhouli
988,16458013,"Linbo Hui","2026-07-26 09:49:16",6.501,12,huilinbo
989,16433943,poco34,"2026-07-27 10:44:43",6.502,6,poco34
990,16507467,AnyContext,"2026-07-27 16:11:50",6.502,169,"kemshim,kokifunakoshi,mokomoko3"
991,16575471,"marzieh roshani","2026-07-27 14:07:35",6.502,22,marziehroshani
992,16112153,不要玩手机,"2026-07-25 12:35:33",6.502,40,leonstew
993,16574061,"Кирилл Алешин","2026-07-23 14:54:40",6.502,5,kirneo
994,16600559,"Le Thu Trang Truong","2026-07-28 02:48:16",6.502,7,lethutrangtruong
995,16543441,"Electro Knight","2026-07-28 07:53:05",6.503,9,electroknight
996,16254183,"Tamerlan Omralinov","2026-07-27 11:27:27",6.503,89,tamerlanomralinov
997,16210887,chenxi,"2026-07-25 08:08:11",6.503,28,cqput640
998,16588858,"Nana Bast","2026-07-28 02:52:21",6.503,12,nanabast
999,16394924,kitakuriya315,"2026-07-27 11:31:42",6.503,22,kitakuriya315
1000,16578569,WuShiyang12138,"2026-07-28 02:57:37",6.503,3,"jiashengluo8556,wushiyang12138"
1001,16370442,souldrive,"2026-07-28 10:38:47",6.503,43,souldrive
1002,16596958,Paris404,"2026-07-28 02:54:39",6.503,5,paris404
1003,16531450,"Simone di costanzo","2026-07-28 18:04:25",6.503,17,simonedicostanzo
1004,16391180,A.K.NITHIN,"2026-07-27 09:31:17",6.503,6,aknithin
1005,16099651,"Akira Imae","2026-07-28 08:44:14",6.503,122,imaeakira
1006,16430640,"Peng Wang","2026-07-28 00:03:18",6.503,51,pengwang91
1007,16286222,"Vu Tran Hoang","2026-07-27 08:19:31",6.504,20,hoangvux
1008,16417565,kkunizaw,"2026-07-28 11:10:55",6.504,83,kkunizaw
1009,15868747,songling,"2026-07-26 00:55:27",6.504,34,"lvbingrong,oralia"
1010,16598905,CaminoLSY,"2026-07-27 19:46:19",6.504,15,lsy37521
1011,16551539,kinnkinn,"2026-07-27 08:45:38",6.504,17,kinnkinn
1012,16451568,"Lai Yan","2026-07-27 07:53:22",6.504,6,kidoti
1013,16245869,NoTa,"2026-07-26 02:18:49",6.504,8,nobutakatanaka
1014,16534356,celefefwefwe1,"2026-07-28 14:55:31",6.504,31,celefefwefwe1
1015,15868879,Homii_N,"2026-07-26 12:29:55",6.504,26,homeshwarrao
1016,16258074,JM,"2026-07-23 10:25:48",6.505,13,julianmukaj
1017,16594673,"Huy Nguyen","2026-07-28 12:33:29",6.505,20,hrhuynguyen
1018,16206308,ispromashka,"2026-07-28 08:19:41",6.505,50,ispromashka
1019,16543318,dongdongunique2,"2026-07-28 04:09:49",6.505,14,yinzhaoren
1020,16597595,reopon,"2026-07-28 12:30:23",6.505,8,reopon
1021,16023502,Omni-Man,"2026-07-27 15:22:13",6.505,41,"annoyingbrine,liuruihan333"
1022,15875024,senkin13,"2026-07-26 03:14:42",6.506,20,senkin13
1023,16511142,"Man Penguin","2026-07-27 23:16:55",6.506,54,manpenguin
1024,16218252,"turkish delight","2026-07-24 10:35:00",6.507,8,"erenvoo,maozzzy,ozermehmet"
1025,15894106,mktetts,"2026-07-23 07:55:36",6.507,4,mktetts
1026,16585083,"Romuald Delene","2026-07-28 03:31:42",6.507,2,romualddelene
1027,15871271,theredbluepill,"2026-07-26 17:28:02",6.507,109,poonszesen
1028,16465828,MGöksu,"2026-07-28 10:16:25",6.508,8,mgoksu
1029,16579558,"extra eclaire","2026-07-28 12:37:03",6.508,19,extraeclaire
1030,16090610,"Mathieu W","2026-07-26 17:26:27",6.508,29,mathieuw
1031,16139994,otter_0714,"2026-07-28 04:06:44",6.508,59,otter0714
1032,16605297,"Yican Guo","2026-07-28 04:07:37",6.508,3,yicannnnnnnnn
1033,15908625,"Prashant Kikani","2026-07-28 11:59:07",6.508,4,prashantkikani
1034,16556837,"Robin Herz89","2026-07-27 17:52:42",6.508,24,robinherz89
1035,16450045,pumpkin,"2026-07-28 06:44:46",6.509,72,gealachpumpkin
1036,15871714,Tillotson,"2026-07-26 19:48:44",6.509,35,tillotson
1037,15864468,webjdi,"2026-07-28 08:59:01",6.509,11,webjdi
1038,16422729,"Evgeny Bratkovsky","2026-07-23 14:27:09",6.509,7,bratkovskyevgeny
1039,16297839,Ken,"2026-07-24 08:42:11",6.509,17,"kenshirotaguchi,yifeili1002"
1040,16062251,Muhandro,"2026-07-28 00:40:40",6.509,62,muhandro
1041,16240626,Ak,"2026-07-28 10:10:23",6.510,30,abisheksrivastav
1042,16568922,SunaoCool,"2026-07-28 08:17:16",6.510,13,yoshikinishita
1043,16583608,eszn,"2026-07-25 13:45:01",6.510,17,esznxx
1044,15869936,"zongze Yan","2026-07-24 04:11:18",6.510,40,aaayan
1045,16307653,siero,"2026-07-28 06:01:23",6.510,18,siero5335
1046,16467123,"xinyu li","2026-07-27 08:44:18",6.510,2,xinyuli818
1047,15933701,kiyomiya-k,"2026-07-28 05:29:16",6.510,10,kiyomiyak
1048,16596601,XuanxuChem,"2026-07-25 03:20:23",6.511,1,zhaonoah
1049,16214200,furugen_hinata,"2026-07-23 16:25:24",6.511,15,furugenhinata
1050,16586390,blue_apakiser,"2026-07-28 08:53:34",6.511,3,strangemonster1
1051,15870953,NatSwamin,"2026-07-27 08:42:07",6.511,27,natswamin
1052,15999385,"Zuohong Pan","2026-07-28 11:54:12",6.511,34,pshuaibi
1053,16372103,"GeoML Innovators","2026-07-26 04:15:38",6.511,17,"hammadfarooq470,patharanor,shaistashahid"
1054,16497445,gmobaz,"2026-07-22 14:32:31",6.512,3,gmobaz
1055,16251008,ggyrssy,"2026-07-24 01:11:51",6.512,5,ggyrssy
1056,16247971,Untitled-0,"2026-07-26 19:03:45",6.512,20,"daniilkrasnovvv,stanislavilin2026ai"
1057,16426545,DauletT,"2026-07-22 21:51:23",6.512,55,daulettoibazar
1058,16600984,Versilogic,"2026-07-28 05:18:09",6.512,4,versilogic
1059,15866927,GoEletricGasBad4Environment,"2026-07-25 18:42:19",6.512,10,kevlarzanderchi
1060,16086376,"Harish Dhanarajan","2026-07-28 09:31:36",6.513,19,harishdhanarajan
1061,16512343,"alpha beta gamma theta","2026-07-27 14:49:39",6.513,13,abdullahshafi2021
1062,15896695,Moonimonster,"2026-07-24 10:52:37",6.513,26,mooncdaiam
1063,16537848,"Leo #2","2026-07-27 05:55:06",6.513,4,leo123321
1064,16467761,"kota kambayashi","2026-07-27 01:35:27",6.514,3,kotakambayashi
1065,16569079,ysd1110,"2026-07-23 14:53:27",6.515,2,ysd1110
1066,16111443,Jack,"2026-07-22 22:37:23",6.515,23,jackvd
1067,16302123,menace369,"2026-07-24 12:56:55",6.516,8,menace369
1068,16574861,Furina,"2026-07-27 01:50:32",6.516,8,cjlcjlcjl
1069,15886558,"Andrey Zhabsky","2026-07-26 12:44:38",6.517,29,tyulpan
1070,16443836,wasabi777,"2026-07-28 08:14:40",6.517,17,wasabi777
1071,16252786,"Abhishek #2","2026-07-25 18:21:36",6.517,34,rookie27
1072,16264029,Taha_Alshatiri,"2026-07-25 14:46:57",6.517,5,tahaalshatiri
1073,15869469,WanderducknnnHezzyNanda,"2026-07-24 22:00:03",6.517,4,"heznanda,wanderduck"
1074,16580024,happywinder,"2026-07-27 09:42:25",6.517,19,happywinder
1075,15866343,"Pilkwang Kim","2026-07-28 12:14:40",6.517,288,pilkwang
1076,16133422,CaCao_JP,"2026-07-23 14:49:42",6.517,7,cacaojp
1077,16485567,"Keijiro Konishi","2026-07-27 12:18:02",6.517,28,konikei
1078,16489133,Dylan,"2026-07-28 03:47:23",6.518,17,dylanming
1079,16192552,TKNP,"2026-07-28 16:04:30",6.518,46,"danilalapokin,iamnifer,justnik77,katasonoveugene,zharkd"
1080,16384529,"Gunjan Haldar","2026-07-26 08:31:20",6.518,14,gunhcolab
1081,16272010,SunSeeker染汐,"2026-07-27 16:55:39",6.518,1,sunseekerrx
1082,15875101,TERMINUS,"2026-07-25 09:32:57",6.518,41,"gdreallygoodman,kakyoinrero,maksonch1k"
1083,15938259,"kemal sayar","2026-07-27 14:48:00",6.518,18,kemalsayar
1084,16600854,thedyingkai,"2026-07-26 18:53:03",6.518,4,thedyingkai
1085,16517572,CQupt/,"2026-07-28 08:36:02",6.518,15,"congconghxchemu,xinjunc"
1086,16209356,"Smita Priyadarshani","2026-07-23 06:13:38",6.519,45,smitapriyadarshani
1087,16583830,Resnet1136,"2026-07-28 12:45:06",6.519,4,zhaoshenghao77
1088,16198058,小西秀和,"2026-07-28 15:14:07",6.519,11,hidekazukonishi
1089,15974412,go,"2026-07-28 09:39:15",6.519,27,patricklaokul
1090,15912210,"Yusaku Muroya","2026-07-28 13:34:00",6.520,54,ymuroya47
1091,15976496,zaborshicov,"2026-07-25 22:45:38",6.520,1,zaborshicov
1092,16563965,"Junzhe Sheng","2026-07-24 23:29:02",6.520,9,junzhesheng
1093,16442433,super_kimi,"2026-07-24 14:37:42",6.521,16,"linjianrong,wenjinyang"
1094,16413654,"Liang Wan Yiu David ","2026-07-23 13:12:47",6.521,2,liangwanyiudavid
1095,16349313,"Tushar Sharma","2026-07-25 09:03:47",6.521,5,tushar5harma
1096,15867701,Forrest_xlz,"2026-07-26 20:12:41",6.521,3,forrestxlz
1097,16244974,maxout,"2026-07-26 18:07:21",6.522,8,"aadijoshi19,kavyabhand"
1098,16537002,Xunden,"2026-07-24 01:54:46",6.522,10,xunden
1099,16496792,Sampler,"2026-07-27 22:21:47",6.522,53,"cosara,irotrader,yokoinaba"
1100,15926170,tf,"2026-07-28 03:28:55",6.522,53,tfukuhara
1101,15886487,sohma,"2026-07-23 14:57:26",6.522,3,hi210278
1102,15866405,"Meenal Sinha","2026-07-25 13:45:37",6.523,7,meenalsinha
1103,16424276,Yahalom,"2026-07-27 10:54:48",6.523,13,yahalom
1104,16452071,"Yaroslav Polyakov","2026-07-28 08:43:17",6.524,1,y9pameow
1105,16430398,Yam,"2026-07-28 02:04:38",6.524,2,minyam
1106,16490410,FJMT,"2026-07-25 01:24:04",6.524,18,masatoshifujimoto
1107,16034644,Phi,"2026-07-28 04:20:43",6.524,41,ajinomoto132
1108,16599861,wuye001,"2026-07-26 07:34:00",6.524,3,wuye001
1109,16371033,EUGENEYEUNG,"2026-07-28 14:09:48",6.525,33,eugeneyeung
1110,16501650,kanno,"2026-07-28 00:23:06",6.525,87,kannomasaki
1111,16463348,"Hyun-woo Kim","2026-07-27 00:44:25",6.525,2,hwkims
1112,16121967,mnshm7415,"2026-07-27 14:38:13",6.525,13,mnshm7415
1113,16537109,"Jananthan Paramsothy","2026-07-27 17:14:15",6.526,17,jananthanparamsothy
1114,16422358,"Yuxiao Wang","2026-07-27 20:36:42",6.526,38,yuxiaowangx
1115,16475437,"Pradeep Sriramula","2026-07-24 06:47:18",6.526,2,pradeep0245
1116,16575407,YouJi,"2026-07-28 16:35:58",6.526,32,"dawmistai,exceptlight,siyingzeng,wpxwpx,zard599"
1117,15874838,HASEGAWA1107,"2026-07-27 15:01:11",6.526,52,hasegawa1107
1118,16112437,tanasho1225,"2026-07-22 14:49:51",6.526,9,tanasho1225
1119,16037764,ponpon_ponponzu,"2026-07-22 01:27:02",6.526,107,yuyuponponzu
1120,16541748,奶楂大魔王,"2026-07-24 07:06:10",6.527,12,rainbox47
1121,16512875,t07_noma,"2026-07-28 17:06:20",6.527,3,t07noma
1122,15917545,"liqin fei 2005","2026-07-28 15:30:41",6.527,6,liqinfei2005
1123,16127135,megsub,"2026-07-27 05:34:07",6.528,19,tjbhdata
1124,16534278,lihaha.36,"2026-07-28 14:49:38",6.528,26,lihaha36
1125,16433278,"Tai Tien Ta","2026-07-28 05:23:09",6.528,1,tittin
1126,16277757,ultimatum_game,"2026-07-28 08:03:48",6.528,114,ultimatumgame
1127,15998619,"Freeman Hui","2026-07-27 02:42:13",6.528,134,freemanhui
1128,15866380,"Dinesh kumar Thiyagarajan","2026-07-26 06:45:25",6.528,22,dineshkumar0705
1129,16570573,none,"2026-07-23 12:56:38",6.528,1,alisamadr
1130,16260911,"Jack #2","2026-07-27 10:59:07",6.528,55,jackg12345
1131,16107331,mashen_99,"2026-07-27 02:47:46",6.529,3,mashen99
1132,15929182,Koske0022,"2026-07-26 15:49:25",6.529,4,kanatatsuchiya
1133,16060345,HechtJP,"2026-07-25 01:29:15",6.529,2,hechtjp
1134,15874332,"Angus Chang","2026-07-28 13:45:08",6.529,6,andrew60909
1135,15896101,winstonton,"2026-07-28 08:35:55",6.530,55,winstonton
1136,15873151,"Antony Joseph9848","2026-07-25 19:04:43",6.530,45,"antonyjoseph9848,hybiridtux123"
1137,16219611,maekeso,"2026-07-28 12:38:32",6.530,161,maekeso
1138,15874169,"Octavi Grau","2026-07-26 16:34:20",6.530,80,octaviograu
1139,16493883,"wey wuy","2026-07-27 04:28:07",6.531,2,weywuy
1140,16447425,"Weixin Liu","2026-07-25 04:05:43",6.531,17,scsc30
1141,16597776,MeeMee,"2026-07-28 07:15:54",6.531,7,yagi46
1142,16131084,minger,"2026-07-28 10:12:34",6.531,3,lukaswong
1143,16046568,"Matthew Deakos","2026-07-26 16:33:31",6.532,35,mattdeakos
1144,16483682,gomerry,"2026-07-27 22:08:14",6.532,9,shwsun73
1145,15870938,Pirhosseinlou,"2026-07-27 05:15:57",6.532,15,pirhosseinlou
1146,15972887,"in blue","2026-07-26 11:11:52",6.533,6,bhatiji
1147,15921014,Eme,"2026-07-28 09:07:37",6.533,9,rikutoseme
1148,16490749,Cefiyana,"2026-07-27 12:43:12",6.533,58,cefiyana
1149,15948229,Eusebius,"2026-07-23 08:12:04",6.533,9,protuberanzen2000
1150,15869012,GodGod3,"2026-07-28 02:21:25",6.533,13,godgod3
1151,15898093,"Taras Semenchenko","2026-07-28 10:17:00",6.533,59,taras456
1152,16143022,zigz4g,"2026-07-27 11:21:55",6.533,62,zigzag206
1153,16158013,"Ahmed Sabry","2026-07-26 08:48:44",6.534,26,ahmedsabry
1154,15878635,"Michael Ibrahim","2026-07-25 04:07:53",6.534,14,michaelibrahim
1155,16144911,"Heart of Electronics","2026-07-27 10:51:46",6.535,17,lenthty
1156,15930314,"Andrew Naymushin","2026-07-27 06:15:57",6.535,12,andrewsokolovsky
1157,15892965,pay,"2026-07-28 00:25:14",6.536,27,junpeimorioka
1158,16604294,"Vibin Vinod","2026-07-27 09:17:13",6.536,5,vibinvinod
1159,16533851,"Fayner Costa","2026-07-27 00:11:28",6.536,31,"faynercosta,fchubzz"
1160,15863939,"Andrey Khlopotnykh","2026-07-16 12:38:14",6.536,35,andronhl
1161,16424221,Amer,"2026-07-25 14:03:28",6.536,5,amerhu
1162,16543605,"Joseph Adamski","2026-07-28 12:18:08",6.537,40,josephadamski91
1163,16006997,Jeryos,"2026-07-27 06:01:52",6.537,29,joulskaf
1164,16002162,kotsubu,"2026-07-27 22:18:09",6.537,3,kotsubu
1165,16576105,LCZ1996,"2026-07-28 02:44:02",6.537,6,lcz1996
1166,16561726,hidude562,"2026-07-22 22:15:15",6.537,10,hidude562
1167,15889140,drillers,"2026-07-27 13:18:51",6.537,74,"alekseic,kyrylolavrynenko"
1168,16603957,peek,"2026-07-28 04:03:01",6.537,8,strickailkes
1169,16433306,waticson,"2026-07-28 11:42:23",6.538,8,yutodennou
1170,15867691,"Surya milenial","2026-07-27 01:35:47",6.538,79,suryamilenial
1171,16373181,"Phú Nhân Nguyễn","2026-07-24 11:24:38",6.539,25,phnhnnguyn
1172,16604884,"Sumit Gupta","2026-07-27 10:18:59",6.539,1,pokefirexyz
1173,16432969,AyushmanKumar819,"2026-07-22 11:48:30",6.540,34,"ayushmankumar819,kumardeblin"
1174,15975616,"Misaka Mikoto66","2026-07-28 04:59:42",6.540,76,misakamikoto66
1175,16603305,"Kyle Wang","2026-07-28 02:01:12",6.540,9,ky1ewan9
1176,16249944,8_5,"2026-07-25 01:41:52",6.540,55,batchevall
1177,16440603,"Albert Wang","2026-07-26 17:00:17",6.540,2,mianwang1024
1178,16287430,ajinomoto,"2026-07-28 02:33:31",6.540,106,"kusurizuke,pepushi,tomokiaki"
1179,16110788,"David Rouyre","2026-07-10 22:41:58",6.540,19,davidrouyre
1180,16585975,"TA KO","2026-07-24 09:50:37",6.541,7,tako1102
1181,15919534,datnt114,"2026-07-26 10:39:13",6.541,30,kingkong153
1182,16473436,KoheiOmikawa,"2026-07-25 03:46:00",6.542,16,koheiomikawa
1183,16487098,Nakanishi,"2026-07-24 08:58:30",6.542,1,naka84
1184,16438110,"Nicolai Karcher","2026-07-27 19:15:52",6.542,47,pejophylo
1185,16057413,"mohamed el nashar","2026-07-27 13:49:51",6.542,23,mohamedelnashar
1186,16433973,"Anhad Mahajan","2026-07-26 20:39:26",6.542,6,anhadmahajan06
1187,16052327,"Ripon C. Malo","2026-07-23 18:28:30",6.544,7,riponce
1188,15910405,Jules,"2026-07-27 12:55:31",6.544,71,julesvanligtenberg
1189,16462922,NarayanNarayan,"2026-07-27 17:22:01",6.544,1,r0708suzzie
1190,16240298,"Jiman Kwon","2026-07-28 09:24:10",6.545,85,jimankwon
1191,16275527,tyamanashi,"2026-07-26 17:15:52",6.545,39,tyamanashi
1192,16064448,pwxc00,"2026-07-27 14:22:31",6.545,75,alert04
1193,16004053,guoyihui,"2026-07-25 12:35:51",6.546,39,guoyihui
1194,16414513,"Team OIZM","2026-07-26 07:59:37",6.546,39,"gendaijin,kentakedabrain"
1195,16186763,Peko,"2026-07-28 05:20:54",6.546,11,ryomakamikawa
1196,16608837,logicorix,"2026-07-28 08:51:49",6.547,2,logicorix
1197,16592209,ccc123,"2026-07-27 15:13:23",6.547,8,"chaneyma,liuliuliu2333,wuyufan6"
1198,16405123,"Yudai Yamauchi","2026-07-25 00:52:40",6.547,23,yudaiyamauchi
1199,16587682,"Karan Singh Bisht","2026-07-28 03:51:50",6.547,11,karansinghbisht
1200,15966439,"Ali mohon","2026-07-25 06:42:05",6.547,27,alimohon
1201,16537775,"LiFeng Wen","2026-07-28 09:52:16",6.548,10,lifengwen
1202,16487574,геологи,"2026-07-27 23:37:46",6.548,56,"dmitryshaidorov,ignatgotin"
1203,16226263,MAAN,"2026-07-28 10:10:28",6.548,23,"boruixie,maaaaaaaaaaaaaaaaaan,whyking123"
1204,15889958,"Pirates of Python","2026-07-28 01:33:23",6.548,208,"aliakash404,alihasnain34,rayanbabur"
1205,16592728,bobodict,"2026-07-26 17:41:56",6.548,3,bobodict
1206,16608707,omnifluxor,"2026-07-28 08:47:37",6.549,2,omnifluxor
1207,16591717,dutzc,"2026-07-24 04:26:23",6.551,1,"lntuzhaochen,simanli627"
1208,15870162,"Aleksandr  Larko","2026-07-23 03:19:29",6.551,16,alexxanderlarko
1209,15873039,c_fxy,"2026-07-26 07:47:56",6.552,11,cfxyai
1210,15869133,Yuki_ARL,"2026-07-26 18:48:28",6.553,69,yukiarl
1211,16609067,"Akshay #2","2026-07-28 09:45:03",6.553,1,theakshay
1212,16558749,【有】hako22,"2026-07-25 17:36:21",6.553,10,hako22
1213,16156424,lllleeeo,"2026-07-27 03:27:15",6.553,27,lllleeeo
1214,16579941,"Joe Young","2026-07-23 19:42:55",6.554,6,jsphyg
1215,15940122,Fe7777,"2026-07-23 15:32:23",6.555,4,fe7777
1216,16387729,ada,"2026-07-28 12:11:49",6.556,17,wangyiqicy
1217,16606407,"Ilya Usmanov","2026-07-27 17:06:51",6.556,1,ilyausmanov
1218,15980951,LEEKANG,"2026-07-25 15:35:47",6.557,7,poby7722
1219,16265107,CarbonRamji,"2026-07-24 07:41:03",6.558,5,jinpyohong12
1220,16488578,"Yangle Ma","2026-07-28 05:47:02",6.558,14,yanglema
1221,16097431,"AMD YES","2026-07-28 05:43:25",6.559,18,dfgtde
1222,16394531,ovo,"2026-07-25 13:16:22",6.559,90,"junsongzhang,shenyuma,vivianus,yanchen404"
1223,16607798,Lanqira,"2026-07-28 03:54:31",6.560,3,lanqira
1224,16573788,juliye,"2026-07-28 01:40:37",6.561,30,juliye
1225,16549318,"Yanxi Jiang","2026-07-28 03:15:26",6.561,8,yanxijiang
1226,16549396,"TL Team","2026-07-28 14:11:44",6.561,31,"israrahmed919,marya8,muhammadhunainashraf"
1227,15941445,"Pawan Rama Mali","2026-07-27 07:50:17",6.563,80,pawanmali
1228,16089097,"lee Marc223","2026-07-26 03:06:01",6.563,73,"joezzzzz,leemarc223"
1229,16504408,"miguel perez","2026-07-28 09:52:03",6.564,10,miguelpm
1230,16496231,"Water Xiao","2026-07-26 06:41:19",6.564,19,waterxiao
1231,16110221,xxxzzz123312123321,"2026-07-28 07:23:10",6.564,38,"chenzhaoquan,xxxzzz123312123321,yaqihe"
1232,16020197,"Brian Naff","2026-07-27 21:54:39",6.564,1,briannaff
1233,16284717,PC復活しました。,"2026-07-27 06:46:00",6.565,33,"ayukaggleacc,cicadakaggleuec,cyan5468,nowa1379"
1234,16256646,sekkin55,"2026-07-26 18:00:38",6.565,23,sekkin55
1235,16207425,"Kole Duncan Robertson","2026-07-28 03:21:03",6.565,35,kduncanrobertson
1236,16568766,"Chen Hao","2026-07-23 05:08:39",6.566,8,chenhappyyo
1237,16578398,"SeshuRaju 🧘‍♂️","2026-07-28 08:06:03",6.567,12,seshurajup
1238,15873455,"Duong Nguyen","2026-07-28 15:26:34",6.567,27,nguyncdngs
1239,16592339,"Satishvaran Ragu","2026-07-28 05:59:19",6.568,4,satishvaranragu
1240,16570318,"Jan Ruijgrok","2026-07-28 13:08:27",6.570,27,piyanit
1241,15920570,"Martin Mbalkam","2026-07-25 19:34:18",6.570,13,martinmbalkam
1242,16538704,Hase2727,"2026-07-27 09:50:03",6.572,21,hase2727
1243,16515089,"Ben Fischero","2026-07-28 08:39:56",6.573,49,benfischero
1244,16419770,"Marc Poirier","2026-07-26 22:03:54",6.575,40,marcpoirier
1245,16118391,frank9487,"2026-07-28 03:57:10",6.576,29,frank9487
1246,16605775,aiue77,"2026-07-27 13:28:03",6.578,1,aiue77
1247,15864821,"Anidipta Pal","2026-07-23 16:52:41",6.580,4,anidiptapal
1248,16515668,成吉思汗,"2026-07-28 08:26:08",6.583,6,jddhhdh
1249,16250143,"Santosh Kumar","2026-07-25 07:54:54",6.583,7,santoshkumar
1250,16425072,藤田　佑,"2026-07-22 12:52:34",6.583,43,yuu111111111
1251,16392834,"S J Moudry","2026-07-26 20:26:37",6.584,8,sethmoudry
1252,16275126,"Westlake Kaggle Team","2026-07-28 03:37:12",6.585,38,"jiajunwangworking,pinzhangli,zhenhaoliu1129"
1253,16282820,SAKULALALA,"2026-07-28 10:45:57",6.588,24,sakulalala
1254,16586965,"Sawood M","2026-07-22 17:49:38",6.588,1,developsawood
1255,16565368,"name it whatever","2026-07-28 05:25:34",6.589,22,"thiagommtmn,yarneo"
1256,16569513,"Naoki Okada","2026-07-27 03:47:43",6.589,16,naokiokada13
1257,16544708,yogaG7771,"2026-07-28 03:34:17",6.589,39,yogag7771
1258,16076347,"Felipe Ferreira","2026-07-27 21:22:58",6.590,176,"felipeporcher,gabrielpereirars"
1259,16608316,stormcipher5,"2026-07-28 06:41:37",6.591,2,stormcipher5
1260,16432935,"Digital Abhi","2026-07-28 09:29:53",6.594,45,abhidatta87
1261,16594810,沼里太誠,"2026-07-25 00:54:40",6.596,1,numaritaisei
1262,16548328,Student,"2026-07-22 17:44:45",6.596,18,jonahm
1263,16557043,GermanJurado1,"2026-07-28 13:07:07",6.597,13,germanjurado1
1264,15922640,"Mohammad Ghafourian Nasiri","2026-07-28 09:18:00",6.597,29,mghnasiri
1265,16515818,tomo11111,"2026-07-28 11:43:09",6.599,11,tomo11111
1266,16446519,"JB Bryant","2026-07-24 19:29:47",6.602,6,jbbryant
1267,16029493,thisray,"2026-07-28 10:35:11",6.604,29,thisray
1268,16565929,lingheng,"2026-07-24 04:25:58",6.605,58,"lingheng,xianhaolin6077"
1269,16552872,nmdcddwzml,"2026-07-27 11:51:37",6.605,9,mujian63
1270,16032773,jieneng114514,"2026-07-21 19:51:35",6.611,28,jieneng114514
1271,15869339,"VIbes & Wellbore Trade-Off","2026-07-27 04:58:33",6.612,152,"cody11null,cudacoding,mahdiseddigh,shanzhong8,tom99763"
1272,16432464,"ne Artem Savchenko","2026-07-28 11:03:08",6.613,70,neartemsavchenko
1273,16581601,"Siham Badii","2026-07-22 00:31:30",6.613,5,sihambadii
1274,15882313,yitiaoxiaoyuer,"2026-07-24 06:15:54",6.613,12,yitiaoxiaoyuer
1275,16032444,"t fuku","2026-07-27 14:37:57",6.615,77,"jjinho,khori7,masasato1999,ttyn4519"
1276,16482143,BladeRunner,"2026-07-26 02:47:58",6.616,3,bladerunner2022
1277,16365684,Hazel_<,"2026-07-26 09:18:33",6.618,17,"hekunyu,zhenyao718"
1278,16098234,"Gorilla Wakayama","2026-07-22 02:58:42",6.619,35,gorillawakayama
1279,16486548,"Danielle Lesin","2026-07-23 11:10:57",6.619,26,ladyfaye
1280,16608719,Peregrindation,"2026-07-28 08:59:26",6.620,2,"peregrindation,quantivex"
1281,15948669,KKC,"2026-07-22 01:11:16",6.621,3,"doit6283,nimonimo"
1282,16580045,JMTT-C,"2026-07-21 13:50:28",6.623,2,c18197993640
1283,16532724,"Aurora wyz","2026-07-28 16:46:51",6.624,34,"aurorawy,stjian"
1284,16549236,LeeVvin,"2026-07-27 01:26:40",6.625,7,leevvin
1285,16254693,"Phys Drill","2026-07-24 13:36:09",6.627,42,tabishmohsin
1286,15865133,"Marius Heuser","2026-07-28 12:03:32",6.628,29,mariusheuser
1287,16583813,"Xn Tan","2026-07-22 06:03:24",6.629,2,xntang
1288,16113209,"Omprakash Patra","2026-07-28 02:37:45",6.629,41,omprakashpy
1289,16026172,yashjakhar99,"2026-07-28 10:40:11",6.630,143,yashjakhar99
1290,16585164,zhangyues,"2026-07-24 06:47:57",6.630,6,zhangyues
1291,16504301,vladee,"2026-07-28 08:24:04",6.632,31,vladee
1292,16570883,"Jere Rose","2026-07-26 08:47:58",6.633,10,jererose
1293,16583228,holyholy,"2026-07-27 14:17:49",6.636,10,holy5contents
1294,16068102,Hajimi-ROG,"2026-07-28 11:14:14",6.636,56,"andycooper747,yuxiang328"
1295,16114195,"Nagi sisiro","2026-07-21 14:34:37",6.637,10,laveshjadon
1296,15917995,Dear_Luna,"2026-07-22 03:36:26",6.638,2,dearluna
1297,16564232,Bloom,"2026-07-22 06:01:44",6.640,8,koushik03456789
1298,16089806,trantrikien239,"2026-07-22 04:34:30",6.640,41,trantrikien239
1299,16574875,nickyl,"2026-07-28 08:41:21",6.640,6,nickyjliang
1300,16580223,"Oiti Roy","2026-07-21 10:00:25",6.641,1,oitiroy
1301,16448958,Ksana,"2026-07-23 07:33:41",6.643,15,befunny
1302,15870429,LIH.YUN,"2026-07-22 09:09:50",6.644,8,fxlcee
1303,16572708,"Artem Sharkov","2026-07-21 20:33:43",6.644,8,aartmoon
1304,16516308,"Naval Singh","2026-07-28 04:46:01",6.646,48,navalwoanders
1305,15953656,"FengLei Dou","2026-07-28 07:47:48",6.646,7,dfenglei
1306,15871672,hhuanghhao,"2026-07-22 03:08:18",6.647,37,hhuanghhao
1307,15880772,"Kaiser #2","2026-07-22 03:39:08",6.648,5,snnguynvnk19hl
1308,16539585,"Akagha Chimgozirim","2026-07-21 19:36:00",6.648,32,chiakazirim
1309,16561078,"Pushkar Ambastha","2026-07-21 21:51:39",6.648,2,pushkar007
1310,15907879,GENOME,"2026-07-23 19:52:06",6.648,34,"ayushmansingh27,fanserudraksh,gauravbdamor,nikhilpathaksvnit"
1311,16371597,"Inder Puneet Singh","2026-07-25 18:50:19",6.648,7,inderpuneetsingh
1312,16430222,"Subin An","2026-07-27 23:58:18",6.650,112,subinium
1313,16001992,cicen1139,"2026-07-28 06:51:42",6.650,12,cicen1139
1314,16300153,zhangshuosc,"2026-07-21 09:25:10",6.651,10,zhangshuosc
1315,15865734,"Mahmoud Abdelshafy","2026-07-25 22:56:24",6.651,45,mahmoudabdshafy
1316,15869259,"Suman Sahoo","2026-07-28 14:38:21",6.652,11,sumansahoo16
1317,16587782,sdy623,"2026-07-23 02:54:40",6.653,1,jaxa623
1318,16349816,"A & B & H","2026-07-28 11:42:39",6.656,100,"hainguyenthien,pntan17"
1319,16211441,songy111,"2026-07-22 14:09:15",6.658,12,songy111
1320,16474355,threnox,"2026-07-27 17:03:03",6.659,35,threnox
1321,16570671,Lee,"2026-07-28 06:09:20",6.660,14,sienloonglee
1322,16218325,KentaTanaka,"2026-07-28 15:10:34",6.661,41,kentatanaka1data
1323,16583391,"Seif Eddine Achour","2026-07-21 22:13:02",6.661,1,seifachour12
1324,16433126,one2ndpiece,"2026-07-26 20:01:11",6.662,54,one2ndpiece
1325,16075605,"Death of Pasta","2026-07-22 09:26:06",6.662,44,deathofpasta
1326,16569703,zhangyues0000,"2026-07-26 22:28:39",6.665,20,zhangyues0000
1327,16441454,"Aparajeet Shadangi","2026-07-26 10:40:50",6.666,23,aparajeetshadangi
1328,16586163,lunpaixo,"2026-07-22 14:32:21",6.667,2,"delta47x,lunpaixo"
1329,16238749,guruguru000,"2026-07-27 08:11:06",6.667,18,guruguru000
1330,16420214,"selam ya","2026-07-22 01:31:09",6.667,30,selamya
1331,16115532,mzgeoteam,"2026-07-22 02:26:53",6.667,27,mzlatic1
1332,15873274,Virtute,"2026-07-27 23:55:51",6.667,196,nameless001
1333,16429549,Nadeem,"2026-07-25 15:02:57",6.669,25,nadeembinshajahan
1334,16344655,"Rafael G","2026-07-26 20:23:30",6.671,9,rafaeldsjhkas
1335,16430820,"Satyam Chaubey","2026-07-23 02:53:21",6.672,68,satyamchaubey360
1336,16588497,metashift2,"2026-07-23 06:18:14",6.673,2,"darklumen,metashift2"
1337,16492004,jingxuxie98,"2026-07-22 04:26:09",6.673,34,jingxuxie98
1338,15913607,Mike,"2026-07-22 01:53:23",6.674,8,m1ck0n
1339,15867943,Ispagiytiy,"2026-07-22 08:36:02",6.676,18,ispagiytiy
1340,16435614,junseonglee11,"2026-07-22 22:07:55",6.676,23,junseonglee11
1341,16563541,kaixinliu39,"2026-07-25 11:11:27",6.677,14,kaixinliu39
1342,16376765,ffw0t0,"2026-07-28 08:58:36",6.678,5,ffw0t0
1343,16037420,tc-al,"2026-07-27 12:45:32",6.679,16,bobmyersthesecond
1344,16567228,tokitamago,"2026-07-28 10:56:22",6.680,12,tokitamago
1345,16371577,"Nikita Vasilenko","2026-07-21 10:12:05",6.681,11,nikitavasilenko231
1346,15877046,"Mansour A. S. Ataa","2026-07-27 23:02:45",6.682,56,profmansoor
1347,16208675,"Hoshino Takanashi","2026-07-21 10:25:28",6.683,20,starsdaisuki
1348,16254448,yuiop!,"2026-07-22 15:40:32",6.684,8,yuiopy
1349,15998254,"Leonardo Domingues","2026-07-28 17:20:50",6.684,35,leonardodomingues
1350,16495059,quanqimao,"2026-07-22 14:18:07",6.684,24,quanqimao
1351,16506967,quyenpd2,"2026-07-24 02:35:13",6.689,17,funnycoder
1352,16447649,"Diogo Moitinho","2026-07-21 19:44:50",6.690,11,diogomoitinho
1353,15892441,"Jeremy Lih","2026-07-25 02:55:50",6.692,29,jeremylih
1354,16533172,SHALABI,"2026-07-26 18:45:35",6.693,27,mohdshalabi
1355,16434401,bharat,"2026-07-12 02:34:13",6.694,52,"bharatmohan,nencybansal"
1356,16136227,"This cat is called Fumi","2026-07-28 12:37:55",6.696,132,qwer556617123
1357,16235516,"Xiaomou Hou","2026-07-22 04:26:18",6.698,14,xiaomouhou
1358,16140293,"boom vector","2026-07-28 12:15:01",6.701,10,boomvector
1359,16514722,1m0ke,"2026-07-26 06:35:06",6.706,29,smokelate
1360,16058971,"Sohangkumar Patel","2026-07-27 00:13:57",6.717,58,samsamurai
1361,16102813,"Alerdo Ballabani","2026-07-25 19:47:55",6.717,19,alerdoballabani
1362,16539267,"Liu babyVStone","2026-07-27 13:50:42",6.719,24,liubabyvstone
1363,15876065,elysii,"2026-07-24 10:26:25",6.722,34,elysii
1364,16533027,"Saran Boddu","2026-07-22 05:23:20",6.722,10,saranboddu
1365,16584222,sreeja988,"2026-07-24 00:00:01",6.724,1,"pranjalsrivastava988,sreeja988"
1366,16265062,"Dilyorbek Muhammadjonov","2026-07-22 06:38:24",6.726,28,dilyorbek
1367,16599636,"Aastha Shayla","2026-07-27 21:21:21",6.728,5,aasthashayla9898
1368,16113710,"Leon #2","2026-07-21 17:20:32",6.728,16,leonshangguan
1369,16438693,"Demon King","2026-07-21 11:27:57",6.729,13,mailkahsan
1370,16150708,lowbackpain-slime,"2026-07-26 06:02:08",6.731,47,lowbackpainslime
1371,16436143,KUTEST,"2026-07-23 23:55:30",6.736,5,fjnamishel2
1372,16087648,"Ziheng Zhang","2026-07-22 00:32:44",6.738,29,nudtdmzzh
1373,16039655,minch,"2026-07-04 03:27:53",6.746,112,yoonmincheol
1374,16594875,Ta6leTkaa,"2026-07-28 11:53:48",6.748,6,ta6letkaa
1375,16097193,Kaggle纪律监察委员会,"2026-07-21 19:31:56",6.750,28,"bingzhenghan,krasuszl"
1376,16537455,"Murat A. Genc","2026-07-28 11:06:11",6.751,18,muratagenc
1377,15873154,"Marco DG","2026-07-26 14:36:48",6.759,99,marcodg
1378,16213533,mirandora,"2026-07-26 14:46:26",6.764,134,mirandora
1379,16245592,"CHIKONZERO SELEMANi","2026-07-21 22:51:49",6.768,6,chikonzeroselemani
1380,16586020,Zorinel,"2026-07-22 14:19:17",6.770,2,"fluxcortex3,zorinel"
1381,15880417,没落者,"2026-07-28 10:46:07",6.779,193,needless090
1382,16029640,"Vignesh Prasad ","2026-07-27 08:00:04",6.794,39,vigneshprasad10
1383,16578108,"Meric Ozcan","2026-07-22 20:38:29",6.795,3,mericozcan
1384,15873569,H,"2026-07-21 17:36:53",6.802,34,mhamza0810
1385,16241532,"JIUZHOU CHAN","2026-07-28 14:26:29",6.803,47,jiuzhouchan
1386,16442062,nynyny67,"2026-07-27 08:19:49",6.805,40,nynyny67
1387,16463174,aobayamonokuma,"2026-07-20 22:59:15",6.813,17,"lingyujiang,monkeydz"
1388,16015422,"nathanael rk","2026-07-28 16:35:25",6.819,81,nathanaelrk
1389,15864259,"AK | SS | DB","2026-07-28 17:08:10",6.825,103,"aman1391,divabhattacharya,suman2208"
1390,16486096,hirayuki,"2026-07-28 00:02:19",6.832,53,hirayukis
1391,15868874,"Gaurav Rawat","2026-07-21 16:17:20",6.832,82,gauravbrills
1392,15869574,lucataco,"2026-07-27 22:24:18",6.834,49,lucataco
1393,16278903,rupsarroy,"2026-07-27 14:16:25",6.834,8,rupsarroy
1394,15994144,"Yuka,Ota","2026-07-28 05:07:54",6.834,23,yukaika
1395,16579614,"Dev Pradhan","2026-07-27 07:47:28",6.841,4,devpradhan06
1396,16417151,AyFukushima,"2026-07-23 01:25:46",6.845,26,nantohock
1397,16556670,"Eduardo Farina","2026-07-21 11:37:33",6.846,15,eduardofarina
1398,15867874,DECEM,"2026-07-27 15:48:36",6.848,116,"cutellxy,dylanxue04,zy1343930734"
1399,15875799,ReasonForge,"2026-07-21 16:14:56",6.848,55,phongnguyenthuando
1400,16331568,"Clark Dylan","2026-07-28 04:50:02",6.848,89,"chenenhao,clarkdylan,eiffellu,jacobwu2028"
1401,15938124,"Ioannis M","2026-06-26 21:49:45",6.857,44,imeintanis
1402,16579467,DeemoTeemo,"2026-07-21 07:28:35",6.858,1,deemoteemo
1403,16538605,SAFSAGF,"2026-07-20 10:05:06",6.858,12,safsagf
1404,16399600,sorawww31,"2026-07-20 11:03:16",6.858,2,sorawww31
1405,16211925,"Dmitriy Gerasimov","2026-07-28 12:53:25",6.858,108,dmitriygerasimov
1406,16427608,Ken_Ken_Pa,"2026-07-27 22:30:17",6.858,25,kenkenpa
1407,16578075,gaoyudut,"2026-07-21 01:19:00",6.858,1,gaoyudut
1408,16488687,瀧野欧介,"2026-07-21 02:24:47",6.858,5,backallslice
1409,16467425,DanilAbdullin,"2026-07-27 05:34:09",6.858,37,danilabdullin
1410,15953650,"Mikey Marszewski","2026-07-21 04:00:44",6.858,5,mikeymarszewski
1411,15906702,Rojiomote,"2026-07-28 14:38:10",6.858,30,rojiomote
1412,15913118,pi-500.phys,"2026-07-27 15:07:18",6.858,6,pi500phys
1413,16214855,ISE@JNU-1,"2026-07-28 09:24:40",6.858,40,"brucewang777,jia169,lintangent,yangjiahua,zwzwyang"
1414,15874032,Bore-ing,"2026-07-21 20:27:21",6.858,28,"akhilbh10,madarshbb"
1415,16578821,"Kyuhwan Cho","2026-07-28 11:28:58",6.858,8,octoarden
1416,15903042,"LIQUID GOLD","2026-07-21 08:03:30",6.858,11,"belosneshkin,clodis,kagglercs,vladimics,zabojeb"
1417,15864035,花未眠,"2026-07-26 02:42:11",6.858,45,"linyeping,ychsun"
1418,15890568,Leander,"2026-07-21 08:25:36",6.858,58,lenny2905
1419,16544975,xzhuhao,"2026-07-21 15:44:52",6.858,20,xzhuhao
1420,16425606,Evelyn3976,"2026-07-25 14:42:04",6.858,3,evelyn3976
1421,16599666,林木子吖,"2026-07-28 08:03:38",6.858,5,linmuzi0108
1422,16474634,"Sean Jones","2026-07-19 07:04:13",6.859,26,seanjones444
1423,16557432,bigmv,"2026-07-28 06:36:44",6.871,5,bbigmv
1424,16241761,"James Christian","2026-07-24 17:17:18",6.872,212,kenkaocwl
1425,15874410,"Mikhail Karchevskiy","2026-07-28 14:25:59",6.873,62,suvalex
1426,16584568,HarshalKatari,"2026-07-25 15:56:03",6.880,4,harshalkatari
1427,15904631,"Xiaolei Lian","2026-07-23 11:46:29",6.887,72,xiaoleilian
1428,16596495,666,"2026-07-28 06:28:03",6.898,7,zzy555666
1429,16261943,HK,"2026-07-20 08:38:02",6.898,3,hizurukonishi
1430,16561320,qwerqqqwer,"2026-07-21 00:33:48",6.903,9,qwerqqqwer
1431,15931946,"yunus yalman","2026-07-22 23:50:07",6.904,5,yunusyalman
1432,16573433,Shinchan,"2026-07-21 14:04:45",6.906,2,shinae0123
1433,15936278,"wking edewd","2026-07-20 14:44:31",6.906,2,wkingedewd
1434,16427879,atom0190,"2026-07-27 02:14:26",6.906,71,atom0190
1435,16575682,"Dağhan Ünal","2026-07-22 21:45:30",6.906,6,dahannal
1436,16040653,"Shangshang Zhang","2026-07-27 09:21:09",6.906,93,msvzss
1437,16218165,Manat,"2026-07-28 09:19:17",6.906,6,manatoshoji03
1438,16046674,KaitoFukushima,"2026-07-28 01:15:49",6.906,28,"kaitofukushima,october2"
1439,16447758,Poobear,"2026-07-28 01:32:02",6.906,34,poobear
1440,15913004,Doublej37,"2026-07-23 21:49:23",6.908,47,doublej37
1441,15870780,tenfish,"2026-07-28 13:47:50",6.909,96,"oygdri,takatoyoshikawa"
1442,16391147,"Konstantin Zorin","2026-07-26 01:41:00",6.914,39,zokost
1443,15898496,"Benzene Pc","2026-07-26 23:52:06",6.915,40,"ahmadabdoumalickdiop,benzenepc"
1444,16108953,Maruichi01,"2026-07-20 23:53:10",6.920,40,maruichi01
1445,16574494,Yichi,"2026-07-28 02:13:16",6.921,13,yichi02
1446,16458356,"Arthurs Torres24","2026-07-26 00:42:34",6.922,74,arthurstorres24
1447,16408749,SYU21125,"2026-07-13 14:48:05",6.924,34,syu21125
1448,16285062,"Vincent Sirius","2026-07-20 13:10:06",6.924,29,rdxsun
1449,15956269,Bilzard,"2026-07-23 13:43:54",6.925,35,tatamikenn
1450,16556263,Narukos,"2026-07-22 18:51:46",6.926,25,narukos
1451,16259952,"dennis theuri","2026-07-20 13:13:26",6.927,22,dennistheuri
1452,15866315,"jorge fabian avila","2026-07-27 15:41:45",6.927,19,jorgefabianavila
1453,15906186,"Jobayer Hossain","2026-07-21 01:14:06",6.927,1,jobayerhossain
1454,16359168,Borealis27,"2026-07-21 01:41:45",6.927,28,borealis27
1455,15871604,samu2505,"2026-07-21 03:54:08",6.928,3,samu2505
1456,16400756,Ryo,"2026-07-26 13:50:51",6.928,55,ryosukekurakami
1457,16535974,"Nikitas Rafael Nikitas","2026-07-28 15:44:37",6.928,13,rafanikitas
1458,16097165,imainjob,"2026-07-18 00:38:25",6.928,21,imainjob
1459,16428435,codelion,"2026-07-28 03:05:11",6.941,44,codelion
1460,16425414,あなまか,"2026-07-22 14:02:39",6.941,14,arakish
1461,16538661,"Y. Kim","2026-07-28 08:48:04",6.948,59,ywkim22
1462,16435212,"Grigory Demidov","2026-07-21 00:02:00",6.954,80,darkartitry
1463,16406389,"Anthony Yanza","2026-07-16 05:13:40",6.955,38,anthonyyanza
1464,15874125,sannolikhet,"2026-07-27 04:31:49",6.956,48,vineetkreddy
1465,16346349,grok,"2026-07-03 02:18:45",6.958,94,lunilu
1466,16475531,"Shep Scientific","2026-07-20 02:00:26",6.958,5,shepscientific
1467,16558035,"Team Name*","2026-07-20 04:12:54",6.958,20,jiaruicao7
1468,16366206,CcChen,"2026-07-20 02:30:56",6.958,6,cgchen
1469,15869635,alphago700,"2026-07-20 06:01:39",6.958,26,alphago700
1470,16132304,"Qiyue Wu99","2026-07-21 06:15:08",6.958,10,qiyuewu99
1471,16531638,stevenleehans,"2026-07-22 16:21:11",6.961,35,stevenleehans
1472,16485350,rfbr,"2026-07-26 15:16:40",6.970,33,romainfabre
1473,15906066,"Vamshi Krishna Emmadi","2026-07-27 19:51:31",6.975,36,vamshikrishnaemmadi
1474,15869176,vicente01,"2026-07-28 01:47:42",6.978,157,vicente01
1475,16273400,YuyaSuzuki,"2026-07-19 08:49:40",6.978,100,yututapp
1476,16412722,"Biel Escola Rodrigo","2026-07-20 10:10:29",6.979,17,bielescolarodrigo
1477,16570390,machengyuan,"2026-07-19 13:45:09",6.979,2,machengyuan
1478,16539340,miaoxiaomiLiZhe,"2026-07-22 00:07:00",6.979,18,miaoxiaomilizhe
1479,16557757,hrbatra,"2026-07-27 05:14:13",6.979,20,hrbatra
1480,15918732,suxing-star,"2026-07-19 14:15:20",6.979,19,suxingstar
1481,16047323,ArchCoder,"2026-07-19 18:50:14",6.979,1,archcoder
1482,16566834,AibePC,"2026-07-19 23:39:23",6.979,5,xsmaxpc
1483,16496023,"[Deleted] f035038c-e9d7-4dc4-943c-01a04c2a6a35","2026-07-19 20:04:42",6.979,7,del=a8f3af9aeaa6ae2f
1484,16567127,"Emre Canik","2026-07-21 15:56:36",6.979,5,emreceng
1485,15865664,"Sébastien henry","2026-07-19 21:27:49",6.979,23,sebmontreal
1486,16548214,"Anida Bath","2026-07-20 00:12:25",6.979,1,matsutake94
1487,16430533,"Joanna C.","2026-07-20 00:22:14",6.979,5,joannaciesielski
1488,16567642,yzyhello,"2026-07-20 01:44:39",6.979,3,yzyhello
1489,16572091,"Тимофей Мартыщенко","2026-07-20 07:30:19",6.979,6,timmass2
1490,16410742,"Chiekh ALLOUL","2026-07-23 04:31:27",6.979,54,chiekhalloul
1491,16448775,"li fuqing123","2026-07-22 12:08:30",6.979,30,lifuqing123
1492,15893956,按59,"2026-07-27 07:56:08",6.979,9,jzhllin
1493,16084818,Ryutogrrr,"2026-07-20 04:47:45",6.979,36,ryutogrrr
1494,16414497,harlen,"2026-07-20 12:58:27",6.979,13,harlenka
1495,16514373,"Michael Chesher","2026-07-21 04:13:16",6.979,26,michaelchesher
1496,16207734,BDA,"2026-07-28 19:11:50",6.979,99,"aliyabadmaeva,axollo,frumsm"
1497,16424334,hejieaa,"2026-07-25 06:43:00",6.979,21,hejieaa
1498,16591555,ikeyu,"2026-07-28 07:32:17",6.979,11,yuheikoike
1499,15900852,Kevin,"2026-07-13 02:44:38",6.985,55,kevinzodiac
1500,16557631,ㅤ,"2026-07-28 14:26:44",6.989,15,"fastlight2007,noobanot"
1501,16430971,Emre,"2026-07-27 18:33:19",6.989,21,emre690
1502,16153866,akmr,"2026-07-27 08:40:33",6.990,60,akimaru
1503,16157280,Emmas,"2026-07-21 15:37:52",6.991,145,enislayramentol
1504,16561455,namopanda,"2026-07-19 14:07:07",6.992,3,namopanda
1505,16232594,Salsinats,"2026-07-28 07:29:55",6.992,92,salsinats
1506,16550792,"Zhexi Guo","2026-07-18 08:52:44",6.995,7,zhexiguo
1507,16129562,ikgm,"2026-07-28 13:00:57",6.995,114,puws06
1508,16485654,"Gaurav Goswami","2026-07-21 00:00:56",6.995,25,gauravgs1007
1509,15864862,"Fritz Cremer","2026-07-22 19:41:39",6.995,10,fritzcremer
1510,16551033,"Ng Juin Ron","2026-07-20 18:29:18",6.995,17,ngjuinron
1511,16581755,"Vignesh A","2026-07-27 23:45:20",6.997,9,vignesha1
1512,16475223,wakaharu999,"2026-07-20 13:39:29",6.997,4,wakaharu999
1513,16570385,nash_efp,"2026-07-26 04:26:15",6.997,8,knatsch
1514,16563378,"Anti Agent Agent Club","2026-07-28 10:44:59",7.000,5,kazuyago
1515,16531919,ASGModels,"2026-07-23 16:49:46",7.002,22,mkjhfghfgh
1516,16343151,"JOP OK","2026-07-22 06:16:12",7.003,10,fuveo24
1517,16490576,weiyang,"2026-07-18 18:56:42",7.003,3,weiyangeliu
1518,16559999,"Teddy Tennant","2026-07-18 20:34:49",7.003,8,thtennant
1519,16566698,"Renji Starfall","2026-07-18 21:52:43",7.003,2,renjistarfall
1520,16567073,hust_xll,"2026-07-22 07:42:17",7.003,12,hustxll
1521,16534437,dengyu233,"2026-07-19 12:55:48",7.003,9,dengyu233
1522,16112461,xmanguo,"2026-07-20 13:29:48",7.003,2,xmanguo
1523,16500239,weiastraia,"2026-07-24 09:04:07",7.003,3,weiastraia
1524,15876056,Himeno,"2026-07-27 17:30:19",7.003,98,lepidon
1525,16534430,momoon,"2026-07-28 00:00:35",7.004,35,nomuraryota
1526,16369288,OnRoad,"2026-07-14 10:35:49",7.005,6,kongconf
1527,15926091,"Diptyajit Das","2026-07-27 05:54:55",7.005,37,diptyajitdas
1528,15904590,"Shiv Satyam","2026-07-18 07:54:16",7.010,6,shivsatyam
1529,16446180,xaxipiruli,"2026-07-18 09:56:07",7.010,9,xaxipirulazo
1530,16565651,oush,"2026-07-18 16:43:54",7.010,2,enoki1
1531,15870623,vkhydras,"2026-07-18 13:54:28",7.010,19,vickimar
1532,16565621,"Takayasu Hasunuma","2026-07-18 13:58:49",7.010,1,takayasuhasunuma
1533,16566041,AKI_2525,"2026-07-24 09:31:22",7.010,4,ryosukesasakihgl
1534,15864439,"Abdessamed Zetroni","2026-07-18 19:23:07",7.010,21,abdessamedzetroni
1535,16491991,yileijoeQ,"2026-07-18 23:03:31",7.010,5,"baobaobaobaobaozha,joeqiu12138"
1536,16488981,"ZhengHi Fan","2026-07-20 00:27:08",7.010,28,zhenghifan
1537,16532110,"Soheil Ayati","2026-07-28 09:17:13",7.010,19,soheilayati
1538,16537494,orionis,"2026-07-23 00:00:53",7.010,15,orionis
1539,16585994,Vorinaq,"2026-07-22 13:49:04",7.010,2,"novasync88,vorinaq"
1540,16588036,truxivan,"2026-07-23 03:17:22",7.010,2,"sunvex,truxivan"
1541,16422128,bianfu,"2026-07-24 04:20:23",7.010,38,bianfu
1542,16168970,zongzishuang,"2026-07-28 03:25:27",7.012,144,"johniopjkl,smileh6,yajuansheng,zongzishuang"
1543,16557811,"Bửu Phạm Quốc","2026-07-28 10:59:56",7.012,39,buphmquc
1544,15940752,"Zhengyi Cui","2026-07-21 08:01:25",7.016,4,zhengyicui
1545,15875519,"Sung Heo","2026-07-28 00:53:11",7.019,33,kmmmvs
1546,16283653,peter,"2026-07-25 15:34:35",7.020,41,lumoumou
1547,16101647,Doit,"2026-07-28 03:48:11",7.021,9,"aifccnb,gaussashely"
1548,16488389,JTCHEN_TW,"2026-07-27 22:51:02",7.023,76,tim9510019
1549,16253926,sadatch,"2026-07-28 06:25:07",7.025,16,sadatch
1550,15881299,"Jacoby Jaeger","2026-06-09 02:50:44",7.025,20,jacobyjaeger
1551,16543147,Jun,"2026-07-20 14:04:53",7.028,12,jackeychang
1552,16380553,"Tani Yushi","2026-07-11 02:02:35",7.029,14,taniyushi
1553,16339769,"Nguyễn Công Tuấn","2026-07-17 02:58:19",7.030,40,nctuan
1554,16559062,"Nuk Oah Am","2026-07-20 15:11:36",7.030,3,nukoaham
1555,16001031,AbhilashVJ,"2026-07-21 19:31:33",7.032,5,abh001
1556,16107376,yuki.aoki2024,"2026-07-24 05:18:22",7.032,49,yukiaoki2024
1557,16007702,"Akash Deep","2026-07-20 06:27:58",7.033,15,akashdeepo
1558,16387692,Pomore_o,"2026-07-14 03:55:17",7.034,57,pomoreo
1559,16554447,"Ismail Harfi","2026-07-28 15:59:28",7.034,21,ismail89
1560,16587933,orbitmesh,"2026-07-23 02:46:45",7.035,2,"cosmicaa,orbitmesh"
1561,15878439,"Lvov Stanislav","2026-07-16 22:38:32",7.036,10,tickflag
1562,16511137,Arasol,"2026-07-14 07:16:49",7.037,2,yusami
1563,16505492,"Koosha S","2026-07-10 22:53:29",7.037,6,kooshas
1564,16296361,ziheng,"2026-07-23 13:21:23",7.039,40,"napjokerxxl,zihengedie"
1565,16385227,"Kers Aoyagi","2026-07-14 22:54:43",7.039,15,kersaoyagi
1566,16053809,Tao,"2026-07-14 23:42:50",7.040,19,heitao
1567,15892060,Ttkuma,"2026-07-17 14:25:13",7.041,13,ttkuma
1568,16163747,CyberSorcerer-real,"2026-07-19 10:29:12",7.043,39,manaslol
1569,16550300,Brishian,"2026-07-18 18:05:25",7.044,2,brishian
1570,16507052,LKQ669,"2026-07-22 08:24:12",7.044,27,lkq669
1571,16086035,WhereAmI,"2026-06-08 06:27:31",7.045,31,jamerrys
1572,15876724,Yeyang,"2026-07-25 06:47:20",7.045,20,"niuzhaohang,yyleaves"
1573,15871281,"Mathurin Ache","2026-07-16 09:09:30",7.048,172,mathurinache
1574,16548469,"suhzh zjjzh","2026-07-22 12:36:23",7.049,25,suhzhzjjzh
1575,16197569,"Justin Kimlim","2026-07-28 06:06:15",7.049,147,justinkimlim
1576,16509575,我脑子不太好,"2026-07-18 11:30:35",7.050,45,demacia1314
1577,16047530,Mohib,"2026-07-23 13:07:20",7.051,41,mohib94
1578,16511972,UnfriendlyAI,"2026-07-22 04:50:27",7.052,11,unfriendlyai
1579,16553471,surtr,"2026-07-22 12:16:28",7.052,7,surtr19
1580,15882833,Pruden,"2026-07-16 17:00:17",7.053,7,mohammedm0iz
1581,16462816,peikopon,"2026-07-13 02:52:52",7.054,62,peikopon
1582,16424562,"Le Trong Hieu","2026-07-28 01:29:21",7.054,69,backtracking
1583,16575532,mai_kac,"2026-07-24 17:43:29",7.056,6,maikac
1584,16555420,"Liu Gawa","2026-07-19 23:39:57",7.056,2,liugawa
1585,16498582,galaxyhunter,"2026-07-20 18:01:23",7.058,8,pkharkwal
1586,16059053,TheLightIs,"2026-06-11 23:17:03",7.058,40,thelightis
1587,16517805,Amin,"2026-07-18 00:31:05",7.060,10,aminvafaei
1588,16384177,"Felipe KNBIS","2026-07-27 14:05:28",7.063,76,felipe1983
1589,15944315,FWC,"2026-07-17 01:21:42",7.063,2,yuto2846
1590,16485348,Jet,"2026-07-25 09:33:07",7.064,15,drkongvis
1591,16003318,itsuki-data,"2026-07-18 01:41:38",7.066,13,itsuki89
1592,16293866,"Jonathan Coletti","2026-07-28 02:00:09",7.067,60,jonathanncoletti
1593,16070865,"Filip Strzałka","2026-07-12 15:55:42",7.067,77,snufkin77
1594,15990649,"Niranjan Nakkala","2026-07-14 06:02:18",7.068,4,niranjanmudhiraj
1595,15948463,riicon,"2026-07-23 13:45:47",7.069,4,risakashiwabara
1596,16427356,Ravindra,"2026-07-14 17:25:22",7.069,6,ravi123a321at
1597,15870210,"Santiago Mota","2026-07-16 18:25:22",7.070,9,santiagomota
1598,16510553,EvilCat,"2026-07-17 01:27:55",7.071,7,xianmao
1599,15882028,"Longkun Shi (Candyman)","2026-07-19 16:28:02",7.072,36,"jacksonhuang666,longkunshicandyman"
1600,15880137,Mahdieh,"2026-07-17 13:11:17",7.072,18,mahdiehrezaie
1601,16516073,小林優介,"2026-07-26 16:20:52",7.072,18,yuyupropane
1602,16274146,arai9953,"2026-07-28 03:31:47",7.073,46,arai9953
1603,16257752,Kaito,"2026-07-28 16:50:10",7.074,14,barelystemkun
1604,16544127,"natanel daniel","2026-07-21 03:11:06",7.074,16,nataneldaniel
1605,16561615,BeTitanX,"2026-07-18 06:20:42",7.074,1,betitanx
1606,16007210,"João Victor","2026-07-27 19:39:34",7.074,121,jvlegend
1607,16553090,Kona143,"2026-07-16 17:24:28",7.075,4,kona143
1608,16189325,ihansel,"2026-07-17 22:22:52",7.075,4,ihansel
1609,16531585,NoOneAhead,"2026-07-15 05:24:12",7.075,1,jerrlu
1610,16555186,xloudmax,"2026-07-27 22:01:07",7.076,13,xloudmax
1611,15867827,rakumo,"2026-07-13 23:54:13",7.076,5,sirakumo
1612,16561922,"Master ALY","2026-07-23 11:44:16",7.077,7,masteraly
1613,15904964,"Henry Javier","2026-07-28 14:50:59",7.077,25,henryjavier
1614,16555467,mnonaka3,"2026-07-16 14:21:06",7.077,2,yamatonadeshiko
1615,15934164,NaSH,"2026-07-15 06:06:13",7.078,35,nabilalagi
1616,16263323,"Sasha Sam","2026-07-16 11:33:21",7.078,15,sashasam
1617,16448829,"Jasin Kowk","2026-07-23 17:19:21",7.078,6,"jasinkowk,yunshan1116"
1618,15889495,"Nazmus Sakib","2026-07-14 18:36:49",7.079,62,beyondlogic
1619,16415977,"Vladi Ivanov","2026-07-26 15:59:21",7.079,50,vladi160
1620,16542379,"Mo Xiaoyan","2026-07-16 17:00:03",7.079,4,kathy809
1621,16263374,KmaiY,"2026-07-14 05:04:55",7.079,77,yoshimitsukumai
1622,16543247,"Qiyue Su","2026-07-14 09:30:43",7.080,1,"luoruofei,victoralen"
1623,16133734,"G. Tarun Reddy","2026-07-17 11:32:37",7.080,41,tarunwiz
1624,15869140,那个男人,"2026-07-14 08:08:23",7.082,1,muran169633
1625,16536001,つるげーねふ,"2026-07-25 15:12:19",7.082,14,atom7666
1626,16488571,honjousetuna,"2026-07-25 12:03:01",7.083,24,honjousetuna
1627,16109734,Monsoon233,"2026-07-18 10:02:42",7.083,1,summermonsoon
1628,15883816,"Anh Tuan Ha","2026-07-25 21:41:26",7.083,24,schw1eg0
1629,16223903,"Toru Tokunaga","2026-07-15 06:06:29",7.083,42,tokutoku00000
1630,15866606,chow.stanley,"2026-07-20 08:18:56",7.084,11,chowstanley
1631,16289351,tngmb08,"2026-07-21 14:44:40",7.084,6,tngmb08
1632,16447306,Rmy,"2026-07-17 17:30:53",7.084,2,mekory
1633,16591457,"Les Owen","2026-07-28 02:05:04",7.084,20,hyperacc
1634,16232604,"Kumar Shivansh","2026-07-22 12:07:20",7.084,14,kumarshivansh
1635,15867480,"Maher el Ouahabi","2026-07-28 11:59:27",7.084,64,maherelouahabi
1636,16554300,"Alex #5","2026-07-18 05:43:01",7.085,13,beaujolais
1637,16557297,YeYuhan,"2026-07-17 08:55:19",7.086,2,yeyuhan123
1638,15874349,"Yassine Alouini","2026-07-19 05:02:46",7.086,57,yassinealouini
1639,16548041,AiGaf,"2026-07-15 10:35:17",7.086,2,sugarandmilk
1640,16543741,skurita,"2026-07-28 00:22:47",7.087,22,skthtu
1641,16556678,CalamityChasm,"2026-07-20 15:43:07",7.089,10,calamitychasm
1642,16463306,"Miaaa F","2026-07-20 05:05:51",7.089,45,miaaaf
1643,16256275,n_samii,"2026-07-27 08:17:23",7.089,126,nsamii
1644,16380632,"S. Ogasawara","2026-07-26 15:03:36",7.089,19,shinoogasawara
1645,16461793,"Kerem Ercin","2026-07-19 12:25:09",7.089,40,keremercin
1646,16209143,"Ease Gao","2026-07-16 03:43:31",7.090,5,gojay001
1647,16159486,atl132,"2026-07-28 14:30:45",7.091,14,atl132
1648,16368650,"Surya Siva Lakshmi","2026-07-16 05:58:15",7.091,2,suryasivalakshmi
1649,16249373,"glory steady go!","2026-07-10 13:08:01",7.092,30,"marynaborovska,yuriygreben"
1650,16299041,ryo30,"2026-07-15 04:52:43",7.092,17,ryo1218
1651,16592459,"Alex Masss","2026-07-28 02:38:58",7.093,25,sysrank
1652,16564125,Meowmet,"2026-07-28 08:48:29",7.094,19,meowmet
1653,16422464,"← Checkout My Cat","2026-07-15 02:29:05",7.094,15,haoruili
1654,16398981,"Yuta Tadokoro","2026-07-20 14:16:31",7.095,31,yutatadokoro
1655,16394979,"Adrian Mrozowski","2026-07-15 17:33:44",7.095,1,adrianmrozo
1656,15951290,"Ali Bauyrzhan","2026-07-15 19:10:22",7.096,29,alibauyrzhan
1657,15877724,Panos,"2026-07-14 08:51:11",7.096,26,panosc
1658,16595403,"Richard Li873210","2026-07-28 02:16:59",7.096,86,"richardli873210,umcolin,zhuqikai"
1659,16543810,rn8205,"2026-07-14 14:00:45",7.097,1,rn8205
1660,16190244,yayaya,"2026-07-14 18:29:53",7.097,7,iromao
1661,16414193,DataLover,"2026-07-16 12:35:29",7.097,20,paulknidler
1662,16440503,Sameerk,"2026-07-16 10:05:00",7.098,9,sameerk2004
1663,16058391,maco-macoo,"2026-07-18 16:39:19",7.098,86,macomacoo
1664,16252164,fsun,"2026-07-21 07:52:58",7.099,41,franksunp
1665,15969809,TommyPhan4848,"2026-07-17 13:52:27",7.099,2,tommyphan4848
1666,15866421,F.A.Nina,"2026-07-09 04:21:06",7.099,54,nina2025
1667,16482003,"Deenadayalan Kuravar","2026-07-23 17:24:18",7.100,4,deenadayalandms
1668,16542414,dmainf,"2026-07-19 10:54:37",7.101,7,dmainf
1669,16206893,"Muyassar Abdullah","2026-07-14 05:25:32",7.101,34,muyassarabdullah
1670,16235695,JYA,"2026-07-15 04:34:08",7.102,39,yaojixing
1671,15951792,CurveCowboy,"2026-07-11 18:43:07",7.102,33,curvecowboy
1672,16451567,"Hemanth Kumar_Thamada","2026-07-14 09:32:59",7.102,4,hemanthkumarthamada
1673,16430144,MoZayed,"2026-07-22 00:15:51",7.102,8,mohamedzayedahmed
1674,16191137,"weihao huang2004","2026-07-23 07:50:46",7.102,24,weihaohuang2004
1675,16532341,RAJNISH1419KUMAR,"2026-07-19 16:25:59",7.103,2,rajnish1419kumar
1676,16450993,"Michael #2","2026-07-13 01:14:47",7.103,23,mantropic2005
1677,16549372,ayda_zhang,"2026-07-22 09:59:20",7.103,13,aydazhang
1678,16541996,SANNNNN,"2026-07-15 02:30:42",7.103,2,zuhairsan
1679,16588694,"Silver Collectors","2026-07-27 11:03:28",7.103,5,orangger
1680,16543697,"Muhammad Dawood","2026-07-16 13:10:32",7.104,7,muhammaddawood1234
1681,15863884,grifth,"2026-07-28 11:36:51",7.104,4,grifth
1682,16534920,Miz,"2026-07-19 11:26:28",7.104,13,ryota040
1683,16551428,haodou092,"2026-07-17 13:20:55",7.106,1,haodou092
1684,15933047,kmn,"2026-07-23 17:09:25",7.106,45,kmatsu01
1685,16570026,"Lunegov Ivan","2026-07-20 17:15:54",7.106,3,cvvcvccvvcvc
1686,16311331,NonCaffeine,"2026-07-18 07:01:43",7.106,1,noncaffeine
1687,16466161,kirill57678,"2026-07-21 11:06:37",7.107,43,kirill57678
1688,15879891,HideBu,"2026-07-14 12:17:39",7.109,4,hidebu
1689,16444651,FuMingzhi,"2026-07-16 10:00:42",7.109,3,fummyz
1690,16407280,"KaNo ChiNaTsu","2026-07-14 08:29:51",7.110,8,cche0214
1691,16536567,"firat yavas","2026-07-18 13:54:02",7.111,15,firatyavas
1692,16043184,Nanettetada,"2026-07-16 05:39:54",7.111,26,nanettetada
1693,15919593,"Aditya Kar","2026-07-03 09:50:44",7.111,15,karadi1997
1694,15997570,"Eugene Medvedev","2026-07-12 19:24:26",7.112,4,medvedew
1695,16003537,"Yoshinori Sato","2026-07-28 13:28:51",7.112,29,yosynory
1696,16237780,"Haruto Kuroda","2026-07-16 08:43:32",7.112,4,harutokuroda
1697,16591783,Christ,"2026-07-28 02:31:42",7.112,25,vibeml
1698,16255394,xuwuu,"2026-07-17 09:56:32",7.114,3,lovemaid
1699,16553130,NineThree,"2026-07-21 07:30:03",7.114,18,xiaoazuzong
1700,15922022,Vish,"2026-07-15 09:33:37",7.114,8,vishhvaksrinivasan
1701,15997109,BJBA99,"2026-07-13 02:48:53",7.115,9,bjba99
1702,16435231,vadek,"2026-07-13 21:47:18",7.116,9,panteleevvadim
1703,15919065,"Mehdi Boumiza","2026-07-12 00:23:12",7.116,2,mehdiboumiza
1704,16118879,Quincy_Chang,"2026-07-18 05:11:35",7.117,53,quincychang
1705,16533489,"Matthew Snyder","2026-07-16 03:45:54",7.117,5,matthewsnyder
1706,16393258,Guowenyuan,"2026-07-26 10:05:47",7.117,45,gwey1025
1707,16428302,sefixnep,"2026-07-19 18:56:25",7.118,12,sefixnep
1708,16044615,hydrogenbonds,"2026-07-26 03:48:50",7.118,80,jeffreyntse
1709,15864621,Stochastic,"2026-07-16 06:53:02",7.119,20,ashok205
1710,16251271,Akabecos,"2026-07-27 11:59:31",7.120,22,hkthbk
1711,16053842,"Bihani Bros.","2026-07-26 21:56:07",7.120,72,"abhishekdbihani,anuragbihani"
1712,16539235,ush,"2026-07-14 14:58:50",7.120,6,kusuha
1713,16532642,WestLakeDiver,"2026-07-17 15:39:29",7.120,10,chenyuheee
1714,16018441,"a little fat","2026-07-17 07:13:13",7.121,33,wulixuejia12
1715,16239471,MBOOK,"2026-07-25 16:38:52",7.121,68,johnlemon3
1716,15894791,Hellboy,"2026-07-27 04:17:39",7.122,94,helmirinaldi
1717,16490703,underline12311,"2026-07-16 23:14:08",7.125,10,underline12311
1718,16152506,Mandel,"2026-07-12 14:05:01",7.125,7,mandelxu
1719,15927973,2115,"2026-07-28 13:39:20",7.125,8,"kuatramazanov,vladimirguz,vladkotlyarov"
1720,15865255,"Rishabh sharma","2026-07-25 19:00:08",7.126,128,rishabhsharma78
1721,16026867,forest2026,"2026-07-24 11:31:32",7.126,17,forest2026
1722,16444076,"Omkar Salunke","2026-06-27 17:34:07",7.127,1,omkarmb
1723,16445145,Ojutai,"2026-07-15 11:04:54",7.127,4,ojutai
1724,16491721,"Maksim Borisov","2026-07-08 18:47:59",7.127,13,ma4ypic4y
1725,16334274,interneuron,"2026-07-18 04:00:51",7.127,47,interneuron
1726,16533703,"Aswin Vinod","2026-07-15 16:41:30",7.127,7,ashkaggle1122
1727,16591489,Dennislin,"2026-07-28 02:10:54",7.129,25,dlbyte
1728,16045155,Mathemortician,"2026-07-13 22:56:09",7.129,2,mathemortician
1729,16591421,Yuranan,"2026-07-28 01:57:21",7.130,20,opscfg
1730,15873114,Troy_xx,"2026-07-22 04:03:19",7.130,59,troyxx
1731,16500087,"Sergey Burik","2026-07-12 13:31:26",7.130,9,sergeyburik
1732,16552230,ademicho123,"2026-07-26 20:01:51",7.130,7,ademicho123
1733,16245217,"Mohammad Fateminia","2026-07-15 12:53:34",7.132,23,matrixamp
1734,16548783,SaTa,"2026-07-16 05:18:45",7.133,3,masa55taka
1735,15876981,justinlamlamlam,"2026-07-15 11:56:14",7.133,19,"eugenelam1,justinlamlamlam,kebenny"
1736,15894687,"Dmitry Kozlov","2026-07-13 00:00:37",7.133,89,dkozlov
1737,16534570,nico,"2026-07-14 00:47:38",7.134,9,sznico
1738,15889935,islet,"2026-07-26 05:02:42",7.136,201,kojimar
1739,15928111,"Gaétan Forestier","2026-07-11 08:48:35",7.136,40,gatanforestier
1740,15952387,OsamaSarhan,"2026-07-10 21:24:37",7.138,1,osamasarhan
1741,16416542,"Paul Pawletta","2026-07-17 18:13:39",7.138,14,paulpawletta
1742,16092732,"Roy Segalz","2026-07-23 06:50:50",7.139,49,roysegalz
1743,16307475,Richie,"2026-06-22 01:25:07",7.139,28,starringo
1744,16278931,"Eva Nastase","2026-07-21 20:05:40",7.139,106,evanastase
1745,16050348,Rheinmetall,"2026-07-28 07:10:42",7.139,57,rheinmetall
1746,16267359,Dna,"2026-07-12 08:13:10",7.140,3,gygyygygy
1747,16412190,Nnneptune888,"2026-07-16 08:51:52",7.141,2,nnneptune
1748,16012228,SeaEag1e,"2026-07-18 02:39:08",7.143,10,seaeag1e
1749,16396355,"Maryam Tahir","2026-07-12 04:23:17",7.143,6,maryamtahir09
1750,16266753,kamesato,"2026-07-14 06:25:16",7.144,11,kamesato
1751,16560156,"Haoyi Zhang","2026-07-28 02:21:33",7.144,21,haoyiiii
1752,16602386,Hadeka,"2026-07-28 11:11:33",7.146,8,elhadeka
1753,16537318,ZiMiao,"2026-07-17 06:47:47",7.147,3,z1m1ao
1754,16278936,jwenwu,"2026-07-12 13:55:53",7.147,16,"dimbaby,jwenwu"
1755,16339870,hatakazu93,"2026-07-13 04:23:06",7.147,25,hatakazu93
1756,16591757,"jason lea","2026-07-28 02:23:29",7.147,25,sparkllm
1757,15868161,"Van-Phuc Huynh","2026-07-17 18:31:08",7.150,49,hvanphucs112
1758,16304121,Bernardus,"2026-07-19 17:28:27",7.153,63,bernubritz
1759,16514363,Kaileh57,"2026-07-15 00:04:47",7.155,9,kaileh57
1760,16558753,"Haotian lv","2026-07-17 09:46:50",7.156,1,lightovo
1761,15893485,"Abdul Wahab Khan","2026-07-11 11:06:00",7.156,8,abdulwahab2321
1762,16399736,Hairet,"2026-07-24 08:42:11",7.157,10,chcsh21
1763,15897577,cocoaAI,"2026-07-27 23:55:41",7.157,79,cocoaai
1764,16375802,"Quey Stanle","2026-07-09 08:46:05",7.158,32,queystanle
1765,16589058,HCK3,"2026-07-28 01:44:05",7.159,53,"gptdev,jaytcr7"
1766,16445534,"Zac Plischka","2026-07-01 04:14:29",7.160,16,zacplischka
1767,16467186,"Egor Tkachenko","2026-07-23 20:45:44",7.160,36,egortkachenko
1768,16584485,XuananTao,"2026-07-28 02:14:48",7.162,101,"fujingwen1375,kalidta,zhangling54"
1769,16506893,zlsama,"2026-07-15 06:01:56",7.162,20,zlsama
1770,16591404,"zhichen yang","2026-07-28 01:51:17",7.163,20,clipcode
1771,16250938,Jokrasa,"2026-07-06 02:17:32",7.164,32,jonaskreutz
1772,16296871,"Shivansh Rana","2026-07-13 06:37:46",7.164,3,shivanshcoding
1773,16212138,"Mukesh Patil","2026-07-23 13:31:54",7.164,26,speedforceyt
1774,15872498,tethdhdjd,"2026-07-05 23:15:04",7.165,68,"tethdhdjd,theunforgiven7"
1775,15875220,"Nawfeel Rahman","2026-07-22 14:34:08",7.165,23,nawfeelrahman1124444
1776,16259494,Shuya_Akaki,"2026-07-27 15:57:34",7.166,7,shuyaakaki
1777,16125235,"shogo aso","2026-07-18 13:14:09",7.166,27,shogoaso
1778,16475804,"Kadouci Abdelhak","2026-07-15 10:47:49",7.166,3,kadouciabdelhak
1779,16541010,Siontist,"2026-07-27 09:53:22",7.168,15,timothyossowski
1780,16260621,"Muhammad Ibrahim Qasmi","2026-06-21 18:36:55",7.168,33,ibrahimqasimi
1781,16590100,"Xuanhui Chen","2026-07-27 16:08:58",7.168,13,lxuanhuichen
1782,16601331,"Chengwei Sun","2026-07-28 12:42:01",7.168,6,chengweisun
1783,16509722,Nikolenko_Sergei,"2026-07-12 16:52:55",7.169,11,nikolenkosergei
1784,16374733,YangAoTian,"2026-06-30 08:01:25",7.169,13,yangaotian
1785,15932962,showtree,"2026-07-28 12:01:46",7.170,33,"lh123463,showtree"
1786,16043556,"MOURYA ARNEPALLI","2026-07-09 03:33:12",7.170,32,mouryaarnepalli
1787,16558441,"Manas Rajan Pandya","2026-07-17 16:03:47",7.170,1,manasrajanpandya
1788,16322162,eblab,"2026-07-07 14:21:39",7.172,48,"aloooooooogusername,wstdddsz,yifeizhao888,yufanwenshu,z1493916656"
1789,16295939,"Reyhan Ksatria","2026-07-07 05:01:29",7.173,4,reyhanksatria
1790,16592465,"Stcey Cong","2026-07-28 02:40:51",7.173,20,loopide
1791,15880574,"Panger Xiao","2026-07-18 01:47:40",7.176,5,xiaopanger
1792,16022859,cherish_zhang,"2026-07-01 08:12:42",7.176,8,cherishzhang
1793,16424451,"Iman Singh","2026-07-09 02:30:38",7.177,11,imansingh12345678
1794,16260925,Abra,"2026-07-28 16:28:33",7.177,57,dragoshh1984
1795,16483577,"Feargal O'Sullivan","2026-07-04 13:19:25",7.178,2,feargalosullivan
1796,16538159,"Techatat Kaewpech","2026-07-17 19:08:00",7.178,8,techatatkaewpech
1797,16089222,hujile,"2026-07-08 06:49:27",7.178,14,hujile
1798,15865057,GeoSLAM,"2026-07-12 17:46:48",7.178,134,iwilldoit
1799,16107642,ILOVEPLAYINGCS2,"2026-07-21 08:31:07",7.179,8,"dicksimon,shawnpanxiaoyang"
1800,16246224,kishizaki-sci,"2026-07-28 16:51:09",7.180,27,superstringdev
1801,16292956,I.GNANESWARA,"2026-07-22 19:51:50",7.182,61,ignaneswara
1802,16440168,SuXin,"2026-07-11 12:21:00",7.184,2,hitsuxin
1803,16496938,"Tiago Mazzutti","2026-07-24 00:07:40",7.185,12,profmazzutti
1804,15865176,Pascal,"2026-07-20 03:26:36",7.186,73,pascalledesma
1805,16239686,"Alex Klos","2026-07-20 11:55:01",7.186,21,klosalex
1806,16413982,"Chunlai Li","2026-07-03 12:10:30",7.186,2,lichunlai123
1807,16279688,"Zhen Liu","2026-07-14 09:51:36",7.190,78,allensmithgodlike
1808,16101791,Blue,"2026-06-24 14:57:46",7.190,3,liulufighting
1809,16445282,takuro_c6cc,"2026-07-07 11:59:45",7.190,11,takuroterui
1810,16480843,"Junxiao Yang","2026-07-09 07:47:16",7.190,19,junxiaoyang
1811,15999336,puku1304,"2026-07-23 03:53:05",7.190,64,puku1304
1812,16491120,srtk_yadav,"2026-07-24 15:27:38",7.191,10,srtkyadav
1813,15870581,da_pond,"2026-07-18 08:15:13",7.191,7,dapond
1814,16464379,"KELI kekeli christ","2026-07-02 22:18:44",7.191,9,kelikekelichrist
1815,16392406,Aevion-Labs,"2026-07-21 16:16:14",7.191,55,aevionlabs
1816,16042837,kosei1701,"2026-07-23 06:51:57",7.192,124,kosei1701
1817,16449076,"Eslam Elzamkan","2026-07-06 02:51:23",7.193,12,eslamelzamkan
1818,16210803,IHateNeuroGolf,"2026-07-27 22:31:47",7.194,51,alvinli0412
1819,16428896,zoro,"2026-06-28 00:53:27",7.194,9,vyankteshdwivedi
1820,16275169,WQAAAA,"2026-07-14 14:47:03",7.194,36,wqaaaa
1821,15928611,Katybalds,"2026-07-23 00:23:32",7.194,71,"edwindt,jerryv69"
1822,16233762,"Sasha Turutin","2026-07-26 11:02:11",7.194,85,alturutin
1823,16310938,zoeyoung,"2026-07-18 17:25:10",7.194,59,zeoyoungy
1824,16465189,wslllll,"2026-07-14 03:45:14",7.194,9,wslllll
1825,16131140,owl,"2026-06-23 12:53:18",7.195,31,yaroslav2710
1826,16255081,"Renuka Shanmugam","2026-06-29 08:46:22",7.195,10,s22renuka
1827,16551538,pipi14ramu,"2026-07-27 02:32:58",7.196,11,pipi14ramu
1828,16093974,Minerjirou,"2026-06-23 16:27:39",7.196,27,minerjirou
1829,16422657,"Sapiens Livre","2026-06-27 02:38:22",7.196,14,sapienslivre
1830,15974363,M.Nguele,"2026-06-24 18:11:35",7.198,21,angelisnguele
1831,16335149,zouxiaofeng,"2026-07-20 12:49:42",7.199,1,zxfhhl123
1832,16494586,"Jordi Rigau","2026-07-09 10:52:24",7.199,1,jordirigau
1833,16082300,ujwal_19,"2026-06-22 16:13:52",7.200,4,ujwal19
1834,16093906,"Gain John","2026-06-25 20:24:34",7.200,31,gainjohn
1835,16036398,Nozprod,"2026-07-28 10:40:06",7.200,28,nozprod
1836,16370714,Secret333,"2026-07-10 03:45:13",7.200,4,secret333
1837,16104178,"Jamie Nojek","2026-07-05 20:19:02",7.201,67,jamienojek
1838,16392032,hygseo,"2026-07-10 07:16:29",7.201,11,hygseo
1839,16449255,EricYHS,"2026-07-08 00:43:12",7.201,19,ericyhs
1840,16439255,"Abhinav Meshram ","2026-06-30 16:42:21",7.201,10,abhinavmeshram
1841,16149329,rumbling_b,"2026-07-10 21:34:44",7.203,21,rumblingb
1842,16358128,"Akira Hirohashi","2026-07-02 14:12:12",7.203,6,akirahirohashi
1843,16498056,"Nake Kahlon","2026-07-08 19:10:51",7.204,7,nakekahlon
1844,16369106,"Xuân Trường Phạm","2026-06-25 17:46:50",7.204,11,xuntrngphm
1845,16385497,nanfeidexumu,"2026-07-02 05:28:49",7.204,1,nanfeidexumu
1846,16549807,Gnanan,"2026-07-16 12:35:21",7.205,1,gnanan
1847,16252151,K2.Tokyo,"2026-07-09 04:39:58",7.205,4,learningbeastkk
1848,16267675,madmax0404,"2026-07-27 12:31:03",7.205,32,max6296
1849,16285911,chunsuri,"2026-07-11 03:57:51",7.205,17,chunsuri
1850,16589119,"Deng Tao","2026-07-28 01:46:52",7.206,25,dasktau
1851,16594108,"ZHONGHAO PANG","2026-07-27 17:36:37",7.206,13,zhonghaopang
1852,16434884,Shardul,"2026-07-04 11:56:20",7.206,28,iamsharduld
1853,16395949,Arziva1,"2026-07-13 21:42:56",7.206,12,arziva1
1854,16282004,maureliusz,"2026-07-19 06:35:56",7.207,18,maureliusz
1855,16454254,Abdourist,"2026-07-04 15:38:26",7.207,5,abdoubenromdhane
1856,16057297,Kagamihara,"2026-07-26 04:38:50",7.207,107,kagamihara
1857,16467990,"Ryosuke Shiroshita","2026-07-03 15:50:36",7.207,7,ryosukeshiroshita
1858,16455953,"Nanda Kishore 14","2026-07-26 08:07:08",7.208,43,nandakishore14
1859,16053290,轨迹,"2026-07-12 04:11:31",7.209,5,kaidaokid
1860,16475337,VaibhavKanojia3773,"2026-07-08 16:55:27",7.209,3,vaibhavkanojia3773
1861,16273378,"Yuminosuke Sato","2026-06-24 03:25:49",7.210,19,yuminosukesato
1862,16480234,k594676,"2026-07-03 06:37:33",7.210,1,k594676
1863,16368995,"Ramana Prabhu Sana","2026-07-03 15:20:58",7.210,49,ramanaprabhusana
1864,16475138,"Mohammed Almadhoun","2026-07-11 19:40:05",7.210,13,mohammedalmadhoum
1865,16402805,"Myckel Uribe","2026-07-10 14:41:19",7.210,38,myckeluribe
1866,16444451,"Perminov Matvey","2026-07-05 00:43:06",7.210,8,mperminiov
1867,16409027,"Alexander #2","2026-07-11 20:50:45",7.210,3,cheeec0
1868,16112546,"Arnav Mishra","2026-07-28 18:33:30",7.210,62,"arnavmishra02,giovannyrodrguez"
1869,16196198,BIT_Guber,"2026-07-20 12:12:45",7.210,63,bitguber
1870,16093806,Alan_Nasibullin,"2026-07-26 14:38:11",7.211,85,"asdasdsadasdsasdasd,ertrerhtytmnbdsefdw"
1871,16368598,AM,"2026-06-20 22:44:16",7.211,22,adammekky
1872,16434512,Shameer.k,"2026-06-28 03:45:37",7.212,1,shameersham
1873,16441145,"cookie kuro","2026-07-13 05:13:54",7.212,30,cookiekuro
1874,16320275,胡萝卜,"2026-07-11 04:39:03",7.212,3,carrotvc
1875,16487790,"Saurabh Maurya","2026-07-13 17:52:46",7.212,11,saurabhmaurya63
1876,16404505,"Charles WangMingxi","2026-07-17 05:37:46",7.214,67,charleswangmingxi
1877,16268904,Handudu,"2026-06-22 04:35:57",7.215,8,handudu
1878,16121049,"Kirill Bobylev","2026-06-22 17:08:17",7.215,13,kirillbobylevdm
1879,16098658,nxank4,"2026-07-01 10:08:07",7.215,13,anmatngu
1880,16411217,Wu-panda,"2026-06-23 10:46:23",7.215,2,wupanda
1881,16588047,strike,"2026-07-28 02:57:49",7.216,11,nicolia
1882,16428329,"Yan Hu","2026-07-01 01:15:23",7.216,28,icyskyhy
1883,16406261,GGBYYDS,"2026-06-24 09:07:31",7.216,2,ggbyyds
1884,16468645,zhangjiaweii,"2026-07-18 15:28:40",7.216,9,zhangjiaweii
1885,15945353,"Seikan Suzuki","2026-07-13 22:34:04",7.217,143,seikansuzuki
1886,16317442,"Nabid Nur","2026-07-01 15:00:03",7.217,9,nabidnur
1887,16418511,隆帝征,"2026-06-28 07:23:18",7.217,20,thans7
1888,16061994,insuperabilehart,"2026-07-18 13:23:50",7.217,14,insuperabile
1889,16501038,Rabe,"2026-07-09 22:31:59",7.217,11,rabegf
1890,16510206,"YI-EN FANG","2026-07-11 14:56:56",7.218,2,yienfang
1891,16595365,YUYA,"2026-07-26 14:00:39",7.218,4,yuyaizumikawa
1892,16449337,"Daiki Fukuda","2026-07-13 08:35:19",7.218,10,daikifukuda
1893,15865705,"YERMES AMINE","2026-07-19 10:08:37",7.218,40,yermes
1894,16413211,a-min,"2026-07-06 17:48:55",7.218,39,arminmonecke
1895,16213380,Kendamarron,"2026-07-26 05:32:46",7.219,61,kazuhirokuriyama
1896,16228643,"well well well","2026-07-28 00:34:38",7.219,47,"cj103cj,ihiratch,nryosukeans,yuu2704"
1897,16209388,Hami-Melon,"2026-07-13 22:10:07",7.219,12,cvkunkun
1898,15870748,sukirman,"2026-06-21 11:44:47",7.219,51,rakbidb
1899,16506605,Calaweh,"2026-07-27 12:57:48",7.220,33,likhuiwee
1900,16373267,"louie lau","2026-07-17 03:49:28",7.220,10,"louielau,yx69696"
1901,16267631,"AYAKA O","2026-07-07 14:58:58",7.221,29,aokita
1902,16201579,"Hire me pls","2026-06-19 21:31:46",7.222,2,nickpudovkin
1903,16576529,"Kirill Labzin","2026-07-27 20:27:19",7.222,36,"ga5534,kirilllabzin,rasdafar"
1904,16388415,"Anurag Roy","2026-07-25 06:03:21",7.222,4,binarybeast880
1905,15866599,"Enric Domingo","2026-06-20 00:30:15",7.222,36,edomingo
1906,16299681,"Mendrika Ramarlina","2026-07-02 21:00:23",7.223,10,ramarlina
1907,16024853,"Shubham Mulay","2026-06-20 12:06:35",7.223,28,sshubham16
1908,16425983,newbyy,"2026-06-24 10:02:35",7.223,1,newbyy
1909,16394157,"Ruben M.","2026-07-11 18:24:08",7.223,20,rubenmoha
1910,16375788,Yurinchi,"2026-07-28 14:20:16",7.223,54,plandic
1911,16244138,mercury12512,"2026-06-27 05:22:23",7.223,26,mercury12512
1912,16450986,"Yash Gurjar","2026-07-05 10:20:52",7.224,6,yashgurjar09
1913,16392718,"Rezlytix Technologies","2026-06-26 16:10:18",7.224,22,rezlytixtechnologies
1914,16032707,"Silvan Müller","2026-07-03 11:04:33",7.224,4,silvanmller
1915,16270377,Santhana,"2026-07-28 04:23:40",7.225,79,santhanalekshmic
1916,16116123,"xiangkai Tang","2026-07-11 11:07:55",7.225,41,xiangkaitang
1917,16337844,"Mikołaj Kurtyka","2026-07-01 09:45:14",7.225,15,mikoajkurtyka
1918,15866717,Lemons,"2026-07-16 19:37:06",7.226,4,takahiromatoba
1919,16337270,"Jia Hao Cheong","2026-06-27 06:07:52",7.226,29,cheongjiahao
1920,15911805,gosu.Kouts,"2026-07-01 14:11:28",7.226,114,gosukouts
1921,16301135,GaoSu0715,"2026-07-06 23:58:26",7.226,69,gaosu0715
1922,16247988,tekitouda777,"2026-07-21 16:26:45",7.226,131,tekitouda777
1923,16409118,"Shrey Mittal","2026-07-27 20:40:42",7.228,21,shreymittal0704
1924,16384275,OTT,"2026-07-26 08:24:26",7.228,8,"kuojenwei,kuyiting,linkuanyu1205,sanren810166"
1925,16508143,strawberrytree,"2026-07-20 21:52:20",7.228,23,strawberrytree
1926,16107342,"Muhammad Ahmed Riaz","2026-06-27 05:54:08",7.229,21,herobrine330317
1927,16049818,l2658183739,"2026-07-09 14:26:28",7.229,89,l2658183739
1928,15927365,UGK,"2026-06-23 11:12:20",7.229,27,meguru07
1929,16511960,"Changye Li","2026-07-23 08:31:02",7.229,16,antoinegg1
1930,15970984,zzzzzzz,"2026-07-28 14:46:36",7.230,25,zfang331
1931,16070527,KotaKagatsume,"2026-07-03 02:00:58",7.230,28,kotakagatsume
1932,16373847,"Kulaphong J.","2026-06-24 16:28:06",7.230,2,kulaphong
1933,15872010,fuad,"2026-07-26 11:35:02",7.231,148,fuadmuhammad
1934,16435206,"Ruslan Akhmetov","2026-06-29 06:21:00",7.232,6,ecolla999
1935,15873460,Sypher_S,"2026-06-28 07:59:57",7.233,6,syphers
1936,16444639,lemon1219,"2026-07-09 07:07:03",7.233,28,lemon1219
1937,15866796,Arun,"2026-07-08 05:05:42",7.233,41,wasbornlazy
1938,15986700,Weifenhuan,"2026-07-14 09:55:02",7.233,15,"schwa6,songwenzheng666,tuduidui"
1939,16512422,有田,"2026-07-12 06:30:34",7.233,8,halsky
1940,15950210,"Tushar #2","2026-07-04 08:18:48",7.233,1,tushartalukder
1941,16254553,akahane,"2026-07-27 21:22:38",7.234,38,shuheiakahane
1942,16489029,KakuTakagawa,"2026-07-05 08:55:58",7.234,1,kakutakagawa
1943,16432933,cx,"2026-06-29 16:21:03",7.234,6,cxphoebe
1944,16268829,"Arizal Muluk","2026-07-14 09:48:07",7.234,8,arizalfirdaus123
1945,16483690,jmatsukuma,"2026-07-28 03:55:46",7.235,25,jmatsukuma
1946,16398638,Reanix,"2026-06-20 04:51:16",7.235,1,reanix
1947,16379381,arman1o1,"2026-07-27 17:05:58",7.235,17,arman1o1
1948,16357276,white_guo,"2026-06-22 10:35:35",7.235,16,whiteguo
1949,15864814,wpl,"2026-06-28 07:02:19",7.235,26,peilwang
1950,16487394,"Benedek Dóra","2026-07-06 19:04:41",7.236,4,benedekdra
1951,16135967,"Alan Scott Encinas","2026-07-21 06:31:28",7.236,20,encinas88
1952,16402981,S.Fujimaki,"2026-07-03 06:33:45",7.236,14,sfujimaki
1953,15881932,"Kita Renji","2026-06-27 21:52:34",7.236,7,champpattara
1954,16147465,minhtu.mt.mt,"2026-07-21 09:20:19",7.236,26,minhtu123
1955,16509986,"Han-Tang Chen","2026-07-13 11:47:21",7.237,8,hantangchen
1956,16424852,shawloong,"2026-06-26 03:17:53",7.237,2,shawloong
1957,16104177,"Roman Stupin","2026-06-26 19:55:47",7.237,13,rcnegby
1958,16396571,"Marcus Henriksboe","2026-07-28 00:45:24",7.238,14,marcushenriksboe
1959,16451281,mahiro,"2026-07-07 07:31:47",7.238,20,mahiroyoshie
1960,16508142,"Minchul Shin","2026-07-18 17:23:53",7.238,34,nashory
1961,16432048,bbb,"2026-07-06 15:16:47",7.238,20,sakeke
1962,16070914,ZhangJunwei,"2026-06-21 02:08:15",7.239,40,zhangjunwei868
1963,16497915,AravG97,"2026-07-23 17:53:21",7.239,27,aravg97
1964,16407760,techtech69,"2026-07-27 12:09:22",7.239,40,techtech69
1965,16438508,²²n,"2026-07-04 16:42:53",7.239,7,z0x0zn
1966,16425968,"SAMOILOV MIKHAIL","2026-06-24 14:18:12",7.239,1,samoilovmikhail
1967,16089208,JOJO,"2026-06-23 12:44:35",7.240,1,yolo1996
1968,15864295,Aly-mohamed,"2026-06-29 17:22:19",7.240,135,alynofal2011
1969,16445006,yuhas0726,"2026-07-16 14:10:13",7.240,25,yuhas0726
1970,16399626,reeddotaer,"2026-06-28 06:17:38",7.241,4,liguochen
1971,16324249,titanascended,"2026-07-07 01:08:25",7.241,16,itsyuvrajsharma
1972,16239081,"Meet Tilavat","2026-06-19 10:05:09",7.241,16,meettilavat
1973,16400875,tadamono,"2026-07-03 02:31:21",7.241,6,tadamono
1974,16155085,"Jack Cerion","2026-06-28 03:25:52",7.241,26,jackcerion
1975,16003088,"[Wildberries T&S]","2026-06-20 19:55:40",7.242,46,sleep3r
1976,16324543,umakuchi_shoyu,"2026-07-05 15:13:04",7.242,4,yamaguchi426
1977,15869166,"sixer srinath","2026-07-24 14:45:03",7.242,32,srinath2495
1978,15864527,"Moroz Roman","2026-06-27 10:53:30",7.243,16,crissyro
1979,16472118,a5fann,"2026-07-03 07:43:16",7.243,3,a5fann
1980,16439543,mmagellan,"2026-07-16 06:02:50",7.244,21,mmagellan
1981,16153976,binhvnu,"2026-07-08 18:49:32",7.244,4,binhvnu
1982,16386614,T.Kawahara,"2026-07-24 04:21:27",7.244,9,kawaharataishi
1983,16258692,hi,"2026-07-26 12:50:19",7.244,14,yuryaleksin
1984,16590177,"Denise Mo","2026-07-28 01:49:14",7.245,45,"maskgen,xinyiluo668"
1985,16495610,SwastikaSahu03,"2026-07-10 18:21:59",7.245,7,swastikasahu03
1986,16205099,"Shahzeb Umer","2026-07-11 06:28:09",7.245,17,umershahzeb
1987,16282236,"Carson Builds","2026-07-16 23:02:24",7.246,35,zmcddn
1988,15927991,"[Deleted] 68b9ae9f-7339-4912-8708-5e4ab184508c","2026-06-19 19:16:44",7.246,76,del=d11a993744c492c4
1989,16489158,"Shunsuke Kurita","2026-07-06 12:10:52",7.246,5,shunsukekurita
1990,16344583,"Marc Donovici","2026-07-06 17:51:55",7.246,7,marcdonovici
1991,15875194,"Satkar sarvankar","2026-07-04 09:51:14",7.247,3,satkar003
1992,16483081,"Yanning Dai","2026-07-06 12:47:26",7.247,5,yanningdai
1993,16314200,"alessio mezzina","2026-07-09 11:05:28",7.247,52,alessiomezzinaaa
1994,16032826,TK256,"2026-07-28 07:25:52",7.248,13,tk256ailab
1995,16472975,らむはち,"2026-07-04 04:50:00",7.248,1,ramhachi888
1996,16238544,JAEMIN,"2026-07-09 01:35:11",7.248,39,jaemin3404
1997,15931213,RicardoLópez,"2026-07-22 14:39:35",7.249,34,richi2489
1998,15865592,knac,"2026-06-24 15:16:23",7.249,3,keinakamura
1999,16485248,tani46,"2026-07-11 08:32:19",7.249,2,tani46
2000,16383065,"Yunus Emre Sarıduman","2026-07-27 06:53:45",7.249,12,emresariduman
2001,15889566,BhargavaAbhi,"2026-07-03 10:06:15",7.249,13,bhargavaabhi
2002,16309093,"Zelin Huang","2026-06-24 03:39:08",7.249,3,blueshyy
2003,15870721,CodeXD,"2026-07-04 01:15:50",7.250,43,seeingtimes
2004,15976986,vitaliistarr,"2026-07-13 10:36:32",7.250,20,vitaliistarr1290
2005,16397906,"Furqan yaqub Khan ","2026-07-15 04:41:44",7.250,20,furkaan309
2006,16150088,"Lazy Bandit","2026-07-06 05:06:39",7.250,14,lazybandit
2007,16050411,"RISALAT LABIB","2026-06-27 17:58:07",7.250,19,risalatlabib
2008,15889558,Karthik,"2026-07-11 07:15:12",7.250,43,karg14
2009,16221885,"Mumtahina Ambrin","2026-06-29 04:24:46",7.251,16,mmummmm
2010,15893048,PYK0409,"2026-07-10 00:51:28",7.251,48,pyk0409
2011,16394408,"Darren Amadeus Martin","2026-07-03 05:03:24",7.251,3,darrenamadeusmartin
2012,16429293,NabeelMoin,"2026-06-28 02:56:51",7.251,8,nabeelmoin
2013,16487080,"[Deleted] ac2b3e8f-3395-4338-af19-df472724ed70","2026-07-06 18:05:03",7.251,3,del=9ab3e1420ebaee89
2014,15868340,Samsay24,"2026-06-26 09:37:12",7.251,10,samsay23
2015,15874052,TroyNson,"2026-06-23 06:15:56",7.252,37,toychobkitchakarn
2016,16080127,Syhhhhhhhhhhhh,"2026-07-13 05:58:42",7.252,36,syhhhhhhhhhhhh
2017,15970323,"Alyce Miki","2026-06-24 18:04:10",7.252,9,alycemiki
2018,16428850,Efthimios,"2026-07-27 07:24:35",7.253,22,efthimiosfousekis
2019,15863855,"Marcus Vinicius","2026-06-28 14:50:19",7.253,21,marcux777
2020,16302593,GOSS,"2026-06-26 13:21:32",7.253,2,gossan
2021,16535712,BenjaminAaron,"2026-07-14 00:29:51",7.253,6,"benjaminaaron,hclzxk"
2022,16273193,Panmelon,"2026-07-06 07:21:17",7.254,22,panmelon
2023,15865150,"Irving Ernesto","2026-07-14 01:28:01",7.254,20,thermostatic
2024,16404703,"Rohan Vinaik","2026-07-06 10:57:26",7.254,5,rohanvinaik
2025,16024398,"Zie Chan","2026-07-06 02:05:55",7.255,8,ziechan
2026,16402166,"lxh unbound","2026-06-29 09:41:12",7.255,24,lxhunbound
2027,16448943,摸鱼划水组,"2026-07-10 08:08:32",7.255,19,kunyuzhang0701
2028,16370986,"Team GA","2026-07-27 08:18:06",7.256,26,"ryutarohashimoto,takumuwakamatsu,yuto16"
2029,16510555,liujiani,"2026-07-09 05:45:24",7.257,1,liujiani0605
2030,15869544,Dracarys,"2026-07-22 18:28:06",7.257,134,rohitsingh9990
2031,16066713,quantshayan,"2026-07-23 01:20:17",7.257,13,quantshayan
2032,16441415,"Tevfik Erkut","2026-06-27 11:17:17",7.257,3,peridon
2033,16392867,lhr233,"2026-06-21 01:08:46",7.257,6,lhr233
2034,15907897,bellelli,"2026-06-29 20:34:51",7.258,34,vladikmegakid
2035,16408452,Nait0620,"2026-07-22 14:06:59",7.259,35,nait0620
2036,16265681,江东,"2026-06-26 06:26:34",7.259,3,niubi666
2037,15871323,"ISAKA Tsuyoshi","2026-07-05 00:12:14",7.259,23,isakatsuyoshi
2038,16254973,habakan,"2026-07-25 15:20:51",7.259,62,kansukehabano
2039,16371368,kiyoc,"2026-07-23 14:45:29",7.260,19,kiyoshiohno
2040,16456007,"Showky Tahara","2026-07-02 04:52:53",7.260,9,taharashouki
2041,16450825,"Lucas Meng","2026-07-07 14:38:15",7.261,2,lucasmeng2022
2042,16254583,"Sergey Vandanov","2026-06-29 14:27:17",7.261,8,ox0000dead
2043,16066260,"Sam #3","2026-07-14 16:53:09",7.261,73,beartrader
2044,16318216,okok123,"2026-07-04 08:56:55",7.261,24,okok123
2045,16412759,"aditya sanjeev","2026-06-24 00:23:50",7.262,3,aperzon
2046,15999852,meer_neko,"2026-07-27 01:46:02",7.262,26,suricatta
2047,16401465,SunjaeLee02,"2026-06-21 11:34:38",7.262,2,sunjaelee02
2048,15869057,"Daniel Du","2026-07-03 07:00:27",7.262,7,nghongnhn
2049,16480440,"Linh Le","2026-07-28 10:28:45",7.263,18,linhlethuy
2050,15913843,quezalt,"2026-07-25 00:00:59",7.263,25,quezaltendes
2051,16389371,"Evgenii Lazarev","2026-07-02 11:33:04",7.263,19,evgeniilazarev
2052,16272767,"ali ghasemi","2026-06-24 16:18:33",7.263,6,alighasemi9o
2053,16262863,Nat00,"2026-07-27 07:28:30",7.263,24,natliablascoandreo
2054,15899318,horizen12,"2026-07-17 04:50:37",7.263,26,horizen12
2055,15868256,"ZITAI ZENG","2026-07-28 13:50:17",7.263,11,gruubyhimself
2056,16419262,"Aaron Christian Daniel","2026-06-26 05:34:18",7.263,3,"aaronchristiandaniel,aufaamaulidan"
2057,16475898,AswinM1299,"2026-07-10 21:23:42",7.263,7,aswinm1299
2058,16034488,"Adel Nurutdinov","2026-07-02 14:28:42",7.264,7,adelnurutdinov
2059,16388421,dvv_ram,"2026-06-25 16:02:50",7.264,16,ddvram
2060,16029806,"Minh Phát Trần Viết","2026-07-01 11:51:08",7.264,1,minhphttrnvit
2061,16411540,许先生许先生,"2026-06-27 02:37:34",7.265,6,"bestrongbepositve,etwetw"
2062,16390691,"Maxim Ilyin","2026-06-19 19:51:37",7.265,7,fautei
2063,16081471,toki_wcy,"2026-06-29 09:40:45",7.265,1,tokiwcy
2064,16383466,momuhh,"2026-06-25 16:09:08",7.265,32,"momuhh,tsqwy1111"
2065,16509063,zdtljcpa,"2026-07-12 16:07:13",7.266,9,zdtljcpa
2066,16443400,"kiran kumar 3031","2026-06-30 14:45:33",7.266,3,kirankumar3031
2067,16029669,"KangSeok Lee","2026-06-22 07:44:00",7.266,24,"iiooli,kangseoklee1"
2068,15942073,"Rafael Cunha","2026-07-27 22:17:11",7.267,133,rnascunha
2069,16420716,natae205,"2026-07-28 05:24:02",7.267,8,natae205
2070,16370669,Flyfish666,"2026-06-20 07:44:36",7.267,7,flyfish666
2071,16232803,"Sumit Pandey","2026-06-30 06:18:33",7.269,2,itsyoursumit
2072,16214930,Yuyajk,"2026-07-23 01:11:53",7.269,18,yuyajk
2073,16278807,"Duc Nguyen","2026-06-25 03:19:42",7.269,1,mathormad
2074,15874326,sottnik,"2026-07-05 14:02:15",7.270,3,sottnik
2075,16170890,adsfer,"2026-07-22 15:48:16",7.270,5,"betmyex,doifgoox,garifullintimur,naviniklag"
2076,16438281,"谢 星宇","2026-07-01 10:36:43",7.270,17,cachoid
2077,15870798,"Samith Chimminiyan","2026-06-19 19:50:36",7.270,25,samithsachidanandan
2078,15902399,moJahani,"2026-07-03 06:15:38",7.271,42,mojahani
2079,15895271,fcyan1210,"2026-06-26 01:01:03",7.271,2,fcyan1210
2080,16336062,xiaomo121,"2026-07-06 23:36:39",7.271,8,xiaomo121
2081,15866056,"Ceylon Drill Team","2026-07-04 20:37:14",7.272,35,"amandiudawatta,kanchana1990"
2082,16283565,"Nyctea owl","2026-07-22 01:11:23",7.272,9,nycteaowl
2083,15933198,YAN,"2026-07-02 01:41:34",7.273,24,qujiahui
2084,16266396,chaojiwudiwujie,"2026-07-06 10:02:55",7.274,10,"chaojiwudiwujie,gsgsgg"
2085,16422537,P3069,"2026-06-23 17:54:10",7.274,1,pietrocol
2086,16406694,"Ivan Litvak","2026-07-07 22:24:27",7.275,28,trydotatwo
2087,16478111,Hanliu0408,"2026-07-08 07:13:05",7.275,4,hanliu0408
2088,16291604,Jimmer,"2026-07-25 13:06:03",7.277,12,przemysawonr
2089,16395737,大谷悠斗,"2026-06-21 07:47:22",7.277,7,otaniyu
2090,16288446,"Gabriele Giacometti","2026-07-18 18:34:48",7.277,12,gabrielegiacometti
2091,15866940,Giba,"2026-07-04 19:08:47",7.277,51,titericz
2092,15882166,"Kuang Zhengyi","2026-07-18 09:56:19",7.277,16,kuangzhengyi
2093,16100204,"Asan Ashirov","2026-06-19 18:54:34",7.278,15,asanashirov
2094,16005831,tarobxl,"2026-06-21 09:44:44",7.278,1,tarobxl
2095,16389752,enddl22,"2026-07-05 13:39:03",7.278,17,enddl22
2096,15873987,"Shien Zhang","2026-07-08 09:12:15",7.279,9,shienzhang
2097,15872577,HHorimoto,"2026-06-20 04:31:22",7.279,12,hhorimoto
2098,16205610,RajSaur97,"2026-07-11 07:44:34",7.279,5,rajsaur97
2099,16395745,"Bikram Saha","2026-06-19 16:43:35",7.280,1,imbikramsaha
2100,15886407,"FasterYouChase FasterIRun","2026-07-28 12:47:22",7.280,29,icoguser
2101,15866170,"Mudit Chaturvedi","2026-07-02 05:47:12",7.280,49,muchat007
2102,15880601,千菅弘夢,"2026-07-27 11:05:54",7.280,27,chisuga
2103,16080050,TryTryTry,"2026-06-24 01:21:46",7.281,10,fanyanb
2104,15944035,"york li13","2026-07-13 09:03:46",7.281,12,yorkli13
2105,16236927,"Yan Yan （Peter)","2026-07-07 03:21:27",7.281,32,yanyanpeter
2106,15869528,Mr.キノコ,"2026-06-21 04:51:21",7.281,30,mrkinoko
2107,16402021,"codex auto","2026-06-21 07:11:06",7.281,10,albertchen310
2108,16080051,useless_deno69,"2026-07-16 05:08:03",7.282,34,pratyakshagarwal93
2109,16306488,"fan xie","2026-07-10 07:15:47",7.283,13,xiefan666
2110,16440875,htsbrer,"2026-07-04 06:40:25",7.284,11,ht5brer
2111,16432588,aaryasurya,"2026-07-12 10:39:29",7.284,17,"aaryasurya,hemanth882002,lakshmisayyapureddy"
2112,16421050,minjiechen,"2026-06-27 09:44:11",7.284,11,marvin0421chan
2113,16207101,"Batya neftyanik","2026-06-23 21:16:26",7.284,8,josemcfly
2114,15942021,"Harish K","2026-07-07 16:26:34",7.284,4,harishk2209
2115,16395762,SuMo1290,"2026-06-21 02:20:17",7.285,6,sumo1290
2116,16412626,ML_Bear,"2026-07-06 02:56:13",7.285,19,naotaka1128
2117,16488205,"David Ten","2026-07-12 04:28:05",7.286,23,xang1234
2118,16341567,"Diogo Sena","2026-07-15 01:15:07",7.286,17,diogodmsena
2119,16440909,srcupt,"2026-06-29 04:14:48",7.286,6,srcupt
2120,16402533,"mason McClintic","2026-07-14 03:26:48",7.286,14,masonmcclintic
2121,16427175,LXYLXY599599,"2026-06-24 11:38:55",7.287,1,lxylxy599599
2122,16421097,llillillillj,"2026-06-23 13:33:29",7.287,1,akiyukikouyama
2123,16260336,"Say No To Overfitting","2026-07-09 08:25:27",7.287,22,"connortynan,lukendrills"
2124,16231779,"Phillip Choi","2026-06-30 01:20:42",7.288,11,pchoi85
2125,16591450,"Cyper PSI","2026-07-28 02:02:27",7.290,20,cyberpsi
2126,16591435,"waves wang","2026-07-28 01:59:43",7.290,25,cliwave
2127,16386302,Gyutaaan,"2026-07-06 05:36:33",7.291,4,gyutaaan
2128,16345129,"Alexander Ermachenko","2026-06-24 18:57:55",7.291,4,alexanderermachenko
2129,16466648,viber3221,"2026-07-08 06:56:45",7.291,7,viber3221
2130,16591798,Ymmm,"2026-07-28 02:35:42",7.291,20,cursors
2131,16490759,"Shivam Singh","2026-07-05 15:28:40",7.291,1,shivamsingh17072001
2132,15875862,"Qamar usman","2026-07-27 15:10:06",7.292,169,qamarmath
2133,16493062,Hongyu332,"2026-07-06 07:42:10",7.293,3,hongyu332
2134,16600600,Andrew9603,"2026-07-28 02:03:19",7.295,8,benxvyan
2135,16508608,"Tulip Stopforth","2026-07-12 08:14:40",7.295,8,tulipstopforth
2136,16591472,"yunwen shen","2026-07-28 02:07:42",7.295,25,cudastack
2137,16427073,"Seven Dragon Summer","2026-06-24 14:08:05",7.296,2,sevendragonsummer
2138,16435582,@dity!G@=r,"2026-07-08 03:28:00",7.296,1,ditygr
2139,16053109,sol12378,"2026-06-26 12:01:19",7.297,27,sol12378
2140,16428816,"taki orion","2026-06-30 08:48:31",7.297,4,takiorion
2141,15872343,"Mahdi Ravaghi","2026-07-27 08:51:24",7.298,299,ravaghi
2142,16443045,Gursharan,"2026-06-30 08:22:34",7.298,1,sharan012
2143,16029066,Habibur_Rahman,"2026-07-22 00:19:15",7.299,11,habiburrahman15
2144,16400844,onoy,"2026-06-21 07:18:09",7.301,1,yono18
2145,16319329,"Evgenii Loskutnikov","2026-07-02 19:36:33",7.301,1,evgeniiloskutnikov
2146,16488063,charles625,"2026-07-06 15:07:46",7.302,1,charles625
2147,16301604,junhaofu1,"2026-06-21 04:49:24",7.303,11,junhaofu1
2148,15865569,"Circe N.","2026-06-20 17:50:14",7.303,8,illya2412
2149,16236218,"Parth Talsania","2026-07-09 03:19:23",7.303,28,parthtalsania
2150,16010105,"Leonid Kononenko","2026-06-20 23:55:04",7.303,1,leonidkononenko
2151,16295799,"[Deleted] 7d21bb8c-3e05-4d4a-be7b-617e18350c9f","2026-07-08 23:01:57",7.304,13,del=ecf858d0b8b26aae
2152,16429407,"The Coder Geek Squad Leader","2026-07-08 14:08:57",7.304,2,soulemaneisissifou
2153,16394821,"Dian Deng","2026-06-21 02:57:20",7.304,8,diandeng
2154,16459401,Plamen,"2026-06-30 12:39:48",7.305,1,plamen06
2155,16419458,Baoliangj,"2026-06-23 14:06:36",7.306,5,baoliangj
2156,16592473,"Brooks Shun","2026-07-28 02:42:36",7.306,20,mapmicro
2157,16368432,K3nsho,"2026-07-20 08:51:21",7.307,9,kenshomiyasaka
2158,16238624,ji-ma,"2026-07-08 14:01:17",7.307,9,nkjima
2159,16255846,Starchs,"2026-07-07 02:31:51",7.308,10,starchs
2160,16425470,pd,"2026-07-28 11:39:01",7.310,70,"aruohta,simmons1025,susutem"
2161,16420735,YM,"2026-07-27 11:38:53",7.311,33,saneyuki
2162,16346720,Ymori,"2026-07-19 22:07:40",7.311,4,yasunorim
2163,16082092,"Prince Raiyani","2026-06-23 06:55:47",7.312,31,"princeraiyanim,ramoliyadarshan"
2164,16592568,"Martin Lau","2026-07-28 02:44:14",7.312,25,modelkit
2165,15868619,"Rocker Ritesh","2026-07-13 03:39:28",7.313,25,rockerritesh
2166,16292246,"Will Rice","2026-07-25 12:39:58",7.314,31,willrice
2167,16481381,mindset324,"2026-07-22 14:34:02",7.314,32,mindset324
2168,16054116,KYG,"2026-07-12 23:02:03",7.318,6,kyung1
2169,16566511,"Aarush Sinha","2026-07-19 16:39:18",7.319,6,chungimungi
2170,16278042,tamura_aicon,"2026-06-14 05:11:27",7.319,17,hayatetaf
2171,16318210,lighth,"2026-06-28 05:49:08",7.321,2,lighth
2172,16367608,"Arthur Kim","2026-07-28 07:30:11",7.322,82,lkntrp
2173,15904416,"MS-05 ざこ","2026-06-25 08:32:48",7.322,16,royalacecat
2174,16456638,"Yuhuan Song","2026-07-08 00:06:42",7.323,7,yuhuansong
2175,16449806,QS230,"2026-07-18 09:09:05",7.323,7,hibana2077
2176,15875721,"Joey Fredrickson","2026-07-21 21:45:02",7.325,110,joeyfredrickson
2177,16463016,zjzhujie,"2026-07-21 11:02:50",7.328,1,zjzhujie
2178,15864006,SC,"2026-07-21 12:17:24",7.329,22,ryosketchbook2007
2179,16550664,getalife();,"2026-07-15 20:45:11",7.331,1,"dhairyapandya24,rounakagrwl"
2180,15881178,Dawn_gamma,"2026-07-24 10:28:18",7.331,41,dawngamma
2181,15888843,mrmld-v,"2026-07-28 10:23:21",7.332,100,vladmazeev
2182,16449445,"Mohammad Saidul Islam","2026-07-11 08:55:52",7.336,3,mohammadsaidulislam
2183,16287286,"Keshav Joshi","2026-06-28 08:58:11",7.336,12,keshavjoshi22
2184,15874888,YtLiu,"2026-07-27 07:27:22",7.337,112,bioconvolutionyt
2185,16247473,"Siripongsa Akarawatthanawanit","2026-06-23 02:19:04",7.337,20,siripongsaa
2186,16433299,Harvey,"2026-07-08 03:13:56",7.338,15,harvyk
2187,15926518,"Matt Davis","2026-07-10 23:02:45",7.338,93,matteius
2188,16552988,Shou_xier,"2026-07-24 09:26:51",7.343,6,shouxier
2189,16591415,"Huning Yi","2026-07-28 01:53:21",7.343,24,nnmerge
2190,16270997,loububu,"2026-07-27 12:04:25",7.346,34,yizhanglou
2191,16452770,badboyhalo1801,"2026-07-27 06:22:01",7.350,7,badboyhalo1801
2192,15878367,Safarbek,"2026-06-28 13:27:52",7.355,5,safar1
2193,16546785,"Rem Galleu","2026-07-17 18:35:56",7.356,5,remgalleu
2194,15896476,m_furu,"2026-07-19 04:43:53",7.357,63,miyafuru
2195,15867432,"Uesugi Erii","2026-07-26 09:33:40",7.359,22,uesugierii
2196,16301462,"Ali Naderi","2026-07-23 20:22:28",7.359,32,alinaderi1
2197,15863928,Natsume,"2026-07-28 14:32:47",7.359,27,"minatoyukinaxlisa,qaq7864"
2198,15884480,Holar,"2026-07-08 15:39:52",7.360,78,holar9
2199,16256261,dhue123,"2026-06-21 15:04:18",7.360,5,dhue123
2200,16436110,sawasawasawa,"2026-06-28 05:09:16",7.362,5,yukisawamura
2201,16438699,dpquoc,"2026-07-24 07:38:51",7.362,5,dpquoc
2202,16591496,Carolines,"2026-07-28 02:12:49",7.368,20,dsbeta
2203,16500376,DarkStell,"2026-07-28 10:23:35",7.375,20,darksteeldragon
2204,15920251,"John Doe #2","2026-07-03 04:07:32",7.376,53,johndoe90843
2205,15911321,"K Tanaka","2026-07-28 13:32:17",7.384,46,kanatat
2206,16451241,"Tokio Watanabe","2026-07-11 12:16:30",7.386,6,tokiowatanabe
2207,16560180,wonofone,"2026-07-26 07:02:02",7.394,9,wonofone
2208,15907920,"Vlas Veles","2026-07-27 15:13:52",7.397,38,vlasveles
2209,16539876,daphne,"2026-07-16 02:41:33",7.397,2,daphne4sg
2210,15868820,Suuuiiii4,"2026-06-29 14:42:30",7.398,44,bharath111l
2211,16599264,nabil,"2026-07-27 16:44:42",7.401,5,marchworks
2212,16084229,"Vijay Krishna Lanka","2026-07-28 01:32:33",7.406,20,vijaykrishnalanka
2213,16225686,yingfali,"2026-06-26 09:24:18",7.407,82,yingfali
2214,16252670,"Hugo Ponce","2026-06-17 22:49:46",7.429,25,hugoskn
2215,15907806,Kyle,"2026-07-28 06:19:49",7.432,75,kylewang12138
2216,16381455,"Kazumi Sakamoto","2026-07-26 12:58:19",7.433,2,maehwa
2217,16599947,CarlosGDCJ,"2026-07-27 10:03:15",7.436,5,carlosgdcj
2218,15864971,"Ganesh Sharma","2026-07-26 17:28:04",7.437,189,ganeshstemx
2219,16277748,"uzum stanley","2026-07-02 18:03:23",7.446,40,uzumstanley
2220,16087311,"Steve Watson","2026-07-24 19:57:51",7.447,35,stevewatson999
2221,16532600,"Jeff Horon","2026-07-22 17:46:43",7.449,16,jeffhoron
2222,16289302,AnRyisReal,"2026-07-21 15:14:23",7.449,10,anryisreal
2223,16368098,"ola sadek","2026-06-27 12:58:26",7.450,7,olasadek
2224,16157997,dott,"2026-07-28 09:10:18",7.460,44,dott1718
2225,16197209,huyimin517517,"2026-07-26 17:11:57",7.464,3,"huyimin517517,touyouzhaji"
2226,16208867,swsneaky,"2026-06-30 05:10:40",7.467,61,mdwmb7cnapf54r
2227,15942512,"Wang Yibin","2026-07-28 09:12:38",7.468,20,wklyb1
2228,16508966,"Ahmed El Fazouani","2026-07-28 15:37:35",7.471,19,ahmedelfazouan
2229,15888017,"Leszek Góra","2026-07-28 09:53:16",7.472,13,leonixis
2230,16580100,yamazaking,"2026-07-28 11:00:34",7.474,6,zacky21
2231,16011349,radmirkaz,"2026-06-15 07:14:09",7.474,40,hijest
2232,16281859,Amed,"2026-07-25 18:01:36",7.475,13,amedprof
2233,16246622,河西　正寛,"2026-07-11 08:07:08",7.477,26,masapirika
2234,16001993,"Gowri Shankar S","2026-06-20 06:29:53",7.478,7,gs0504
2235,16019746,Team_07,"2026-06-21 10:05:49",7.485,60,"rngusrb,seokyongkim"
2236,16587339,kq5y,"2026-07-28 02:43:23",7.487,12,kq5yyy
2237,16253882,tamryow,"2026-07-22 02:05:55",7.489,9,tamryow
2238,16125628,邻居喝了点,"2026-07-10 02:40:00",7.490,17,zongchen02
2239,15892986,gakuma,"2026-07-19 12:59:51",7.490,35,takedagaku
2240,16133254,"Sergey Subbotin","2026-07-26 20:09:16",7.496,33,ssubbotin
2241,16432783,"Well Actually","2026-07-28 05:38:58",7.497,31,"angran,kaixuanosmas"
2242,16544985,"Eugen Kirdyashev","2026-07-24 17:37:07",7.499,1,eugenkirdyashev
2243,16406595,"Koji Hiruta","2026-06-29 22:01:37",7.503,15,kojihiruta
2244,16452163,bukovski7,"2026-07-28 11:13:25",7.504,10,"bebra3222,evgeniikomarov,player77"
2245,16032387,"Long Hu","2026-06-22 03:30:16",7.504,5,longhul
2246,16453678,"João Augusto de Oliveira Jorge","2026-07-04 11:32:10",7.506,12,joaguto
2247,16517413,"yuta #2","2026-07-27 11:29:39",7.508,5,enjooooy
2248,16282849,"Thomas Greissler","2026-06-10 00:29:03",7.508,1,thomasg22202020
2249,15868531,kitsune,"2026-06-15 13:29:17",7.510,115,yutake
2250,16596832,蔡佳辉,"2026-07-28 11:12:08",7.510,8,caijiahuisada
2251,15905248,Yusuke,"2026-06-10 23:02:32",7.514,14,yusuketosa
2252,15873082,"ナハト・ ファウスト","2026-06-17 18:48:39",7.515,115,vitalya05
2253,16092736,"Kento Okumura","2026-07-25 12:28:12",7.517,93,kentookumura
2254,16083008,star,"2026-06-11 15:53:38",7.518,1,liangruiqi
2255,15891767,e-toppo,"2026-06-17 07:04:31",7.519,10,masatomatsui
2256,15895738,तेल,"2026-06-23 05:29:33",7.519,8,swayamsingh48
2257,16198915,"Andreas @ Tenki Labs","2026-06-12 14:37:45",7.519,12,andreasgronbeck
2258,16326407,dasfds,"2026-07-20 10:18:45",7.520,18,dasfds
2259,16279678,"Tanishq Parihar","2026-06-09 16:31:13",7.521,1,tanishq51
2260,16592022,Megalodon,"2026-07-24 10:07:53",7.521,4,itikelabhaskar
2261,15869702,Ayumu_walker,"2026-07-04 11:25:41",7.522,33,ayumushiraishi
2262,16318177,xuedinge_Q,"2026-06-17 00:03:59",7.523,26,xuedingeq
2263,16419966,"Demilade J","2026-07-27 09:19:49",7.523,4,demiladej
2264,16420390,Gilbra,"2026-06-23 11:32:45",7.525,2,gilbra
2265,15989960,Ray,"2026-06-10 16:36:29",7.526,1,ruihaokaggle
2266,16505405,jkatdare,"2026-07-28 13:28:31",7.526,38,jkatdare
2267,16012309,FX-6300,"2026-07-24 14:51:11",7.527,23,fx6300
2268,15875724,"Yusuke Nakayama","2026-07-26 03:54:19",7.529,99,nakayamar
2269,16289267,NickolayKarnev,"2026-06-14 15:20:45",7.530,12,nkarnev
2270,16370385,lccsyl,"2026-07-08 06:07:10",7.531,18,lccsyl
2271,15941504,zhen_huier,"2026-06-16 04:34:37",7.532,59,zhenhuier
2272,16409391,"SANTHULURI VIJAYA BHASKAR","2026-07-13 06:26:01",7.534,8,vijayabhaskar78
2273,16352440,flower_s,"2026-07-06 05:36:01",7.535,19,flower244140625
2274,16350942,혼밥누룽지,"2026-06-19 13:23:05",7.536,7,songasdofij
2275,16283379,Yangtzeu_C207,"2026-06-12 11:34:01",7.536,5,"han1399013493,huajiaodemiao,laimengjiao"
2276,16346964,"Immanuel Savio","2026-06-16 00:09:10",7.537,3,immanuelsavio
2277,15983499,"Osman Bayram","2026-06-16 23:52:32",7.539,95,osman0
2278,16289753,"Dimitrije Adzic","2026-07-03 17:04:10",7.540,12,omadon
2279,16308582,sasaki,"2026-06-14 01:42:17",7.540,9,rsasaki
2280,16253937,korepippi,"2026-06-13 16:15:27",7.540,3,mekiramu
2281,16332957,Sunzy110,"2026-06-14 04:37:55",7.540,1,sunzy110
2282,16219752,oliveira,"2026-07-12 02:57:16",7.540,22,oliveira22
2283,16207804,"Suraj Ranganath","2026-06-15 08:28:17",7.541,50,"arunimaanand25,surajranganath17"
2284,16538230,"peiwei xia","2026-07-13 15:19:51",7.541,3,peiweixia
2285,16385841,"Akash Varma","2026-06-20 16:47:27",7.542,11,akashvarma1903
2286,16392057,"Grace Sunward","2026-06-21 01:50:24",7.542,14,gracesunward
2287,16553307,codebeforework,"2026-07-28 13:24:12",7.544,16,codebeforework
2288,16039493,Mercurydust,"2026-06-10 08:41:56",7.544,13,mercurydust
2289,15868330,"Akshan Krithick","2026-07-18 01:32:50",7.545,85,akshankrithick
2290,15886798,"Andrew See","2026-07-23 12:17:41",7.546,17,andrewfranklinsee
2291,16382672,reg0x00,"2026-07-16 12:59:38",7.547,17,reg0x00
2292,15918238,wohoo!,"2026-06-26 17:10:00",7.547,107,sarpal465
2293,15865046,hengck23,"2026-06-17 04:15:31",7.549,37,hengck23
2294,16416574,TG_Aetheryx,"2026-07-11 09:15:55",7.550,30,subzerin
2295,15913439,"Manav Trivedi","2026-06-11 09:00:41",7.550,11,manavtrivedi
2296,16237319,huangshanle,"2026-06-10 05:51:19",7.550,21,yelloowking
2297,16141328,gominsi,"2026-06-12 15:52:45",7.551,11,gominsi
2298,15904970,"Марк Солунов","2026-06-13 00:14:02",7.552,16,markthelark
2299,16297448,xiaweiyi475,"2026-06-16 02:26:10",7.553,18,xiaweiyi475
2300,16379663,Skamel2023,"2026-07-27 05:36:10",7.554,22,skamel2023
2301,16208162,YYH,"2026-07-27 15:08:23",7.554,101,kagger3
2302,16330757,Koara,"2026-07-26 12:16:54",7.554,8,ferman
2303,16383195,R1tuall,"2026-06-17 16:13:26",7.554,1,r1tuall
2304,16337241,"Adel Zebiche","2026-07-17 13:18:58",7.558,9,adelzebiche
2305,16258838,子非秋月,"2026-06-16 14:03:14",7.558,12,"lil00000,yetaoyu,zifeiqiuyue"
2306,16027623,Nabeel123@,"2026-06-12 09:51:54",7.558,30,nabeel8800
2307,15907115,Wakabourne,"2026-07-27 12:58:56",7.558,13,wakabourne
2308,16033299,"name of team","2026-06-17 07:05:38",7.558,36,yuratrubitsyn
2309,16483331,SKYisSKYisSKY,"2026-07-16 19:59:43",7.558,14,skyisskyissky
2310,16301585,"Cancino Espi","2026-06-12 11:03:28",7.558,4,cancinoespi
2311,16598440,"yf D","2026-07-28 13:00:37",7.559,20,dengvitruviano
2312,16277055,Jivansh,"2026-06-17 22:10:16",7.560,7,"jivanshc,kavyachetwani"
2313,15881237,galaxy2025,"2026-06-09 01:42:44",7.561,33,galaxy2025
2314,16101783,"Rohan Alex Bimal","2026-06-22 17:29:37",7.561,5,rohanalexbimal
2315,16100247,xujiading,"2026-06-13 12:42:11",7.561,60,xujiading
2316,16043441,jlw123456,"2026-06-13 13:44:55",7.562,17,jlw123456
2317,16272579,ErwBal,"2026-06-11 06:50:50",7.562,2,erwbal
2318,16214745,"Shuai Xu","2026-06-15 17:13:15",7.563,28,shuaixu123
2319,15872711,Vandit,"2026-06-30 18:32:34",7.564,54,vandittyagi0909
2320,15889947,"Salah Ibrahiemu","2026-07-26 18:41:15",7.565,56,salahibrahiemu
2321,15870285,SANAULLAH,"2026-06-11 21:43:12",7.566,5,sanaullah03041417973
2322,16285194,Attacker,"2026-06-23 08:41:14",7.566,22,aleaiest
2323,16106248,ZephyrionZX,"2026-06-09 04:11:40",7.566,10,zephyrionzx
2324,16353706,"Eesh saxena","2026-06-26 01:54:31",7.567,23,eeshsaxena
2325,16054806,devilvamp_17,"2026-06-14 18:52:46",7.568,3,"devilvamp17,prabhpreetsingh5"
2326,16363247,seowoohyeon,"2026-07-03 03:21:45",7.569,39,seowoohyeon
2327,16131896,"Szymon Kłapiński","2026-07-07 17:04:28",7.570,32,szymonkapiski
2328,15924891,cookie,"2026-06-16 13:30:58",7.570,13,ryokuki
2329,16428892,istinetz,"2026-07-28 10:29:52",7.571,28,istinetz
2330,16290002,MO7YW4NG,"2026-06-12 23:26:46",7.571,14,mo7yw4ng
2331,16094325,"Whyme Labs","2026-07-10 12:15:15",7.571,49,whymelabs
2332,16332327,"brian bovell","2026-07-12 05:48:50",7.572,4,brianbovell
2333,15885758,huyang111,"2026-06-11 13:20:23",7.572,1,"huyang111,orange116"
2334,16244946,nybbler,"2026-06-13 23:41:18",7.572,25,nybbler
2335,16383228,ma1kslm,"2026-07-27 21:12:38",7.572,13,ma1kslm
2336,16447111,Viracocha,"2026-06-29 05:59:47",7.572,3,ytachikawa
2337,16376705,"Trần Hải","2026-06-19 12:41:05",7.572,4,cryandrrich
2338,16325368,"Jalvo Alef","2026-07-15 09:16:13",7.573,83,jalvoalef
2339,15995773,Nico,"2026-07-01 20:18:04",7.574,25,nicolsignani
2340,16090327,kittugpt,"2026-06-17 15:56:42",7.574,19,kittugpt
2341,16091348,emreaydin,"2026-06-14 06:23:20",7.575,17,aydinemre
2342,16543166,Real-SIM-Real,"2026-07-19 09:36:29",7.575,12,liqiangyang
2343,16303118,"Jegan G G S","2026-06-14 22:17:03",7.575,6,jeganggs
2344,15873634,MECHINE,"2026-06-17 04:37:37",7.576,21,nainglinwai
2345,16063343,nori8774,"2026-06-23 10:35:58",7.576,31,norimasayamamoto
2346,15995978,ryokiti,"2026-07-28 14:18:05",7.576,44,ryokiti
2347,16272069,"Md. Mehedi Hasan","2026-06-19 05:59:38",7.577,10,mehedi052
2348,15922981,"Thomas Cook","2026-06-20 02:56:54",7.577,16,curiouskoala
2349,16127504,"Eunbeen Jung","2026-06-12 09:16:01",7.578,7,e5jung
2350,16230921,"Kevin Xu","2026-06-17 20:41:09",7.578,5,kevhxx
2351,16221819,"B. Zhang","2026-07-03 07:02:24",7.579,42,muonchaser
2352,16287350,"Christopher Akiki","2026-06-16 18:14:45",7.579,2,cakiki
2353,15977627,"Tejas Gluth","2026-06-14 22:18:09",7.580,26,tejasgluth
2354,15986042,"Kevin Zhou","2026-06-16 03:51:07",7.580,1,kevinzhou66
2355,16281952,TarunSingh931,"2026-06-09 20:34:03",7.580,1,tarunsingh931
2356,16240607,"Paul Kamau","2026-06-09 21:31:42",7.581,21,paulnkamau
2357,16390812,"Abid Ali Awan","2026-06-18 19:09:39",7.581,2,kingabzpro
2358,16185457,Ryosuke,"2026-07-07 17:19:26",7.581,8,reiji490
2359,16391373,"Thomas Tschinkel","2026-06-19 15:29:35",7.582,7,thomastschinkel
2360,16309714,"Honggyo Suh","2026-06-23 01:22:40",7.582,14,honggyosuh
2361,16213395,cyk,"2026-06-29 22:49:36",7.582,54,chiaki11
2362,15866274,"Ugur Tasdan","2026-06-10 09:10:28",7.582,20,fairlanderflick
2363,16425151,TGMATH,"2026-07-11 09:14:51",7.583,17,tgmath
2364,16299289,"quanzhong ji","2026-06-14 13:10:09",7.583,18,quanzhongji
2365,16442908,aoi0318,"2026-07-04 14:28:58",7.583,4,aoi0318
2366,16349010,MurphyIIVan,"2026-06-17 11:45:05",7.584,7,murphyiivan
2367,16110339,"Kianoush Haratian","2026-07-01 18:48:00",7.584,22,kianoushharatian
2368,15872199,"Masashi Onda","2026-06-12 05:31:51",7.584,50,masashionda
2369,15864226,"Ryuhki Kimura","2026-06-12 00:02:16",7.584,4,kimura0415
2370,16376079,"Damoon Shahhosseini","2026-07-27 03:29:02",7.584,34,damoonshahhosseini
2371,16082214,adengappa11peru,"2026-07-22 04:32:53",7.584,20,adengappa11peru
2372,15868436,Tasmim,"2026-06-17 16:58:56",7.585,72,tasmim
2373,15867555,"It's not done","2026-06-10 06:31:33",7.587,86,hengzheng
2374,16508705,Thebalanceder,"2026-07-17 03:26:04",7.587,19,thebalanceder
2375,15929747,"Yusuke Igarashi","2026-07-28 09:51:04",7.588,37,"kanjisasaki,nikubanare0702,yusuke1515"
2376,16022601,JojiZhou,"2026-06-13 03:40:34",7.588,23,jojizhou
2377,15885498,"SEYED MEHDI SADAT HOSSEINI","2026-06-15 16:53:13",7.588,19,asamasach
2378,16043875,Raijin,"2026-07-23 12:50:24",7.589,18,vencerlanz09
2379,16132379,goevian,"2026-07-12 04:56:46",7.589,3,"goevian,jiaojiannb"
2380,16060592,"A. H. M. Fuad","2026-06-27 03:22:58",7.589,9,ahmfuad
2381,15886861,"Chenyu Wang","2026-06-18 15:53:24",7.589,8,ataraxyyeah
2382,16386134,"Xu Liuzhuojian","2026-07-20 01:32:45",7.590,5,xuliuzhuojian
2383,15867356,shj,"2026-06-16 18:51:25",7.591,3,sunghun
2384,15870158,"Timofey Kalyak","2026-06-11 08:26:33",7.591,15,timofeytweaky
2385,16084196,"Liam O’Brien","2026-06-24 09:46:21",7.593,15,liamob96
2386,16006260,Tanuki_boosting,"2026-06-17 00:38:13",7.593,29,miyamotodaiya
2387,15878822,"Croft Adams","2026-06-10 06:43:02",7.593,49,croftadams
2388,15993308,InformaBook2,"2026-07-14 10:50:48",7.594,139,informabook2
2389,15874485,"zihao qi","2026-06-16 03:17:42",7.594,106,"aslongas,zihaoqi02"
2390,16317345,kimh,"2026-06-21 15:41:13",7.595,6,myeonghyun
2391,15863665,kun_hail,"2026-07-02 02:00:17",7.595,13,kunhail
2392,16175904,afsaffs,"2026-06-13 08:31:28",7.595,17,afsaffs
2393,16448746,Luca,"2026-07-12 23:11:57",7.596,7,yijiey
2394,16281817,"CaririAI Lab","2026-06-09 20:22:23",7.596,1,allanpereirafenelon
2395,16093132,midnq,"2026-06-17 17:56:31",7.597,2,midnqly
2396,15937858,"Adi Kusuma","2026-06-23 01:16:10",7.597,3,adikusum4
2397,16102528,deepblue123,"2026-06-14 11:49:05",7.597,10,deepblue6666
2398,15868645,"HUN UUNNN","2026-07-17 06:04:54",7.597,12,hunuunnn
2399,15927125,koykoy,"2026-06-13 07:58:14",7.598,24,yejinkyo
2400,16392525,"Pannawat Khoonton","2026-06-20 13:46:13",7.598,2,pannawatkhoonton
2401,15886800,"[RU] Nikita Kuznetsov","2026-06-17 15:06:55",7.598,10,nikitakuznetsof
2402,16297254,hideaki_mizoue,"2026-06-11 06:03:08",7.598,2,hideakimizoue
2403,16096671,geshuai,"2026-06-15 01:31:31",7.599,15,opengs7
2404,16031664,JCM,"2026-06-20 21:10:26",7.601,5,chanpreetsingh07
2405,16315020,"Seunghwan Kim, MD","2026-06-16 09:11:06",7.602,11,kimseunghwan9823
2406,16223138,Camaro,"2026-07-27 13:51:07",7.602,26,bamps53
2407,16371175,"Ivan Silinsky","2026-06-20 07:12:33",7.602,6,ivansilinsky
2408,16281564,"Fabio Spampinato","2026-07-17 13:32:11",7.602,43,fabiospampinato
2409,15944093,"Qiange Chen","2026-06-17 09:52:40",7.602,29,qiangechen
2410,16461419,"Anvith Pothula","2026-07-01 04:22:21",7.602,3,anvithpothula
2411,16392684,stunningvn,"2026-06-20 06:34:02",7.603,3,dedquoc
2412,16266344,无风可掇,"2026-06-11 02:13:18",7.603,18,wufengkeduo
2413,16255566,UKUMUK,"2026-06-16 21:45:15",7.604,2,ukumuk
2414,15871055,anshul3501,"2026-06-12 11:22:47",7.604,25,anshul3501
2415,16383825,VTH,"2026-06-19 08:24:00",7.604,8,storm2501
2416,16336529,Godofthunder2407,"2026-06-16 13:57:35",7.605,3,godofthunder2407
2417,16205858,"Ritesh Reddy G","2026-06-16 19:34:08",7.605,5,riteshreddyg1205
2418,15953553,Geo-Team,"2026-07-10 23:31:17",7.606,31,olegolas1
2419,16045246,"Kris Dcosta","2026-06-25 21:40:23",7.609,47,krisdcosta23
2420,15882156,Reeeky,"2026-06-20 01:09:30",7.609,47,rikuonda
2421,15865544,"Emanuel Lázaro","2026-06-27 21:56:35",7.610,6,emanuellcs
2422,15874096,IC2,"2026-06-10 17:03:14",7.611,14,jonathanchan
2423,16023164,ShumingFang,"2026-06-30 09:55:17",7.611,9,shummingfang
2424,15879090,"Jean-Louis Roy","2026-06-09 11:41:43",7.613,17,jeanjean111
2425,16278808,"Labib Shahriar","2026-06-10 20:07:14",7.614,3,labibshahriar
2426,16253421,Willy,"2026-06-11 21:36:48",7.614,9,willybruhn
2427,16147521,"Orlando Cantoni","2026-06-17 20:46:18",7.615,22,orlandocantoni
2428,16147211,.,"2026-07-28 00:44:42",7.616,23,"enrifermi,vasiliibuzmakov"
2429,15863945,"VAP RF5","2026-07-28 17:28:48",7.616,19,vaprf5
2430,16384719,Tanay,"2026-06-19 23:54:46",7.618,10,tanayz
2431,16240624,"Сочи Сириус прикольно","2026-06-22 17:59:28",7.618,21,"emorgunov,gistreg,mikhailkachalin"
2432,15879269,"Luke Stafford","2026-07-24 02:29:01",7.619,43,luketstafford
2433,15868796,Adaluvu,"2026-06-24 08:30:27",7.619,3,adaluvu
2434,15903247,"Sergei Kramnik","2026-06-13 00:13:52",7.619,23,sergeikramnik
2435,16277011,"YA LIN","2026-06-12 15:38:33",7.620,2,yalinwangchuyu
2436,15868126,Minh,"2026-06-16 09:07:54",7.620,1,lnminh
2437,15919256,"Frank YUSUFU","2026-06-10 13:17:33",7.622,32,frankyusufu
2438,16282212,"Hannah Pham","2026-06-10 20:59:01",7.622,5,hantmypham
2439,16031418,"Aditya Krishnan Mohan","2026-06-19 06:18:58",7.622,6,adityakrishnanmohan
2440,16385806,"Fengjun Zhang","2026-06-18 03:18:42",7.622,1,fjzhangdd
2441,16565008,Growingduck,"2026-07-28 02:07:00",7.622,11,jaeminkang2021
2442,16254923,Kiyosan,"2026-06-14 13:08:45",7.623,22,kiyosan
2443,15879456,"Herra Huu","2026-06-22 14:15:40",7.624,5,herrahuu
2444,16006152,Ramzi,"2026-06-10 13:49:18",7.624,2,rzoforai
2445,16281940,"Vinesh Chaudhari","2026-06-11 22:14:19",7.627,10,vineshchaudhari
2446,15878123,"Nick Styles","2026-06-09 19:44:35",7.627,4,styles
2447,16461755,"Justin Kim","2026-07-25 03:12:14",7.628,6,justinkim1216
2448,16188364,weschet11,"2026-06-11 04:23:18",7.629,2,weschet11
2449,16268470,suzuna0831,"2026-07-28 12:23:59",7.629,39,"jinmatsuno,kaiejaowda,naohs01,tropicalbanana"
2450,15892242,"Ra'uf Fauzan Rambe","2026-06-10 07:16:02",7.630,6,rauffauzanrambe
2451,16514931,"Marco Polo","2026-07-22 03:40:19",7.632,22,zhesong1
2452,16386258,"Shane Waxler","2026-06-19 20:24:47",7.632,5,shanewaxler
2453,16148698,"Archit Konde","2026-06-18 00:02:12",7.632,13,architkonde
2454,16535524,"Justin #2","2026-07-25 04:36:53",7.633,29,justin6540
2455,16318276,"Usama Rehman","2026-06-15 07:39:16",7.633,4,usamarehman95
2456,16234526,L1a0JH,"2026-07-01 01:11:27",7.633,4,coolkid14122
2457,16375553,"Arnab Paul Choudhury","2026-07-28 18:46:15",7.634,8,oshin94
2458,16059401,"soufiane hajou","2026-06-26 18:11:33",7.634,2,soufianehajou
2459,15884915,"TR Consult","2026-06-18 07:56:49",7.635,4,"richardrusevich,zr7rpqpxghlsxa"
2460,16472565,VFW,"2026-07-13 01:56:26",7.635,19,smj1513
2461,16312323,"Daniel Cecim","2026-07-01 21:12:11",7.636,30,danielcecim
2462,16025962,Catcatcher,"2026-06-15 11:58:23",7.636,8,ferencjuhsz
2463,16467585,Andante,"2026-07-04 08:34:25",7.637,6,gb0132ik
2464,15872385,"Ismael Rodriguez","2026-07-27 07:40:47",7.639,42,ismaelrodriguez49
2465,15900063,hoang_phuc_6868,"2026-06-11 09:30:19",7.639,33,thbdh5765
2466,16100651,"Mohit Balachander","2026-07-09 12:57:46",7.639,32,mohitbalachander
2467,16443828,"Tumaini Makena","2026-06-27 16:17:43",7.639,1,tumainimakena
2468,15993745,"The 13th Seat of The Genius Club","2026-06-11 02:15:21",7.640,15,wudangdexiaodoashi
2469,15878290,"anuveshika prasad","2026-07-28 17:11:25",7.641,22,anuveshikaprasad
2470,15971629,"Chen cuidian","2026-07-09 04:16:20",7.642,25,chencuidian
2471,15880531,sud1plamichhane,"2026-06-25 14:37:50",7.642,126,sud1plamichhane
2472,16326548,Alexander,"2026-06-19 21:00:08",7.644,8,burundukchip
2473,16482487,"Mughees Abbas","2026-07-27 17:52:09",7.644,20,mugheesabbas
2474,15905006,Avinash,"2026-06-21 16:35:46",7.645,24,avinash695
2475,16609663,DinhMK,"2026-07-28 13:14:48",7.645,2,dinhmk
2476,16472403,"Sairaamm Bharadwaj","2026-07-02 07:36:04",7.645,1,sairaammbharadwaj
2477,16531194,"Shashank Nautiyal","2026-07-16 10:20:12",7.645,6,aishashank
2478,15946438,shane18,"2026-07-28 07:27:06",7.646,160,shane18
2479,15966813,峨眉山的monkeyn,"2026-06-14 11:53:08",7.648,32,monkeyn
2480,16531821,QWASkU,"2026-07-14 11:36:30",7.649,2,qwasku
2481,16472788,Geo-Learner,"2026-07-10 20:49:30",7.649,12,nayancsejust
2482,16433627,"Alex Oranov","2026-07-14 17:35:05",7.649,7,aoranov
2483,16097501,"Yuto Sano","2026-06-10 11:51:44",7.650,6,yutosano
2484,15997622,primal.host,"2026-06-17 17:43:35",7.650,41,primalhost
2485,16150609,"junseok lee","2026-07-17 08:35:11",7.650,18,jaslee2
2486,16049865,giacomovin,"2026-06-11 11:29:53",7.651,15,giacomovin
2487,16125484,"Maxim Lunitsin","2026-07-02 16:19:11",7.652,8,blinchiklu
2488,15944888,"Kursat K","2026-07-21 05:29:19",7.652,17,minercoder
2489,16284947,"Paul Piper","2026-07-13 18:22:11",7.654,21,paulmpiper
2490,16422229,"Mikayil Yusubov","2026-06-28 18:05:38",7.655,4,"mikayil,tatyanayeleskina"
2491,16536021,"diamond team","2026-07-26 16:32:05",7.655,40,"alikharabsha,brightmind"
2492,16321393,naru,"2026-06-25 03:59:15",7.655,4,naruhisahayashi
2493,16575138,Emonda,"2026-07-26 04:59:22",7.656,11,emonda
2494,16483784,guyko,"2026-07-14 08:03:19",7.658,4,guyko81
2495,16206932,"Dahye Choi","2026-06-28 08:50:23",7.658,47,dahyech
2496,16560248,iwashi,"2026-07-17 16:43:45",7.660,1,iwashi
2497,16027487,"Antonio Trias","2026-06-25 15:07:53",7.661,31,tronpil
2498,16571550,Assistentus,"2026-07-27 09:24:32",7.662,14,assistentus
2499,16543781,kevin8738,"2026-07-16 15:21:56",7.663,9,kevin8738
2500,16262308,zzz.,"2026-06-18 00:54:58",7.663,1,akihoni
2501,16295887,花岡潤矢,"2026-07-23 05:01:40",7.664,9,hana0608
2502,16189291,今井大登,"2026-06-17 01:56:32",7.665,29,naru041104
2503,15863858,Will,"2026-07-28 07:37:07",7.666,54,wguesdon
2504,16407390,"Rafael Gomes","2026-06-30 01:36:24",7.668,29,grafael
2505,16080037,artyom.kouznetsov,"2026-07-27 20:40:07",7.668,8,artyomkouznetsov
2506,16151449,"AI Drillers","2026-06-21 22:17:33",7.669,33,"ramyaramachandran05,zahraasadeq97"
2507,16413828,camurberkayy,"2026-07-27 06:39:32",7.674,8,camurberkayy
2508,16077227,Aman_Deva123,"2026-06-19 02:23:56",7.674,3,"amandeva123,amandevx,khushimalik51126"
2509,16442453,JJ,"2026-07-12 08:49:36",7.674,14,ktaichi
2510,15897921,ELMIR,"2026-07-12 18:17:02",7.675,24,obosrish
2511,16359393,muteman,"2026-06-19 12:33:16",7.677,11,muteman
2512,16155958,Via.,"2026-06-16 07:40:24",7.680,41,zhangyunsheng
2513,16141354,aji-pandas,"2026-06-15 07:24:15",7.680,4,ajipandas
2514,16507279,klo000,"2026-07-10 11:32:09",7.680,7,klo000
2515,16462316,"Munal Singh","2026-07-03 20:52:59",7.681,8,munalsingh
2516,16381847,Munshi-PremChand,"2026-07-28 11:18:25",7.683,17,munshipremchand
2517,16465308,Halfcrazydeveloper,"2026-07-04 07:40:22",7.685,13,codingvio
2518,16265011,soso,"2026-07-17 04:56:36",7.685,7,suminshim
2519,16516044,"Arnav Modi","2026-07-11 12:03:01",7.693,5,arnavmodimsit
2520,16362480,"Sam kramer_1028","2026-07-21 07:29:28",7.694,18,samkramer1028
2521,16051127,"Vishesh Banna","2026-07-10 08:49:44",7.694,1,visheshbanna
2522,16541908,"Ryu Sonoda","2026-07-17 14:48:12",7.695,8,ryusonoda
2523,15875022,"LEE ZHI XIONG","2026-06-21 07:06:40",7.696,11,leezhixiong
2524,16442218,T88,"2026-07-28 12:15:18",7.697,30,t88take
2525,15942500,Steven_Y,"2026-07-28 16:33:58",7.700,10,yyyu54
2526,16572702,"Xian Xu","2026-07-28 15:17:26",7.701,18,xianxu
2527,16110310,harmo-miu,"2026-07-08 11:05:30",7.701,25,harmomiu
2528,16415837,"merdar elnak","2026-07-25 19:33:35",7.702,1,"eldarkhisamutdinov,mernak,vladimirbagmanov"
2529,16057307,Joey.ZY,"2026-06-11 10:49:52",7.704,11,joeykaggless
2530,16499517,"Gavedu Ai","2026-07-14 09:46:28",7.707,22,verise6211
2531,16439668,Deucalion_Sash,"2026-07-05 20:46:58",7.708,2,deucalionsash
2532,15905311,Jordan,"2026-07-27 07:00:08",7.709,148,extergeist
2533,16073768,Datatech,"2026-06-17 22:24:49",7.711,35,"yuhanjiang2024,zjz666666"
2534,16508667,"Samuil Petkov","2026-07-08 15:57:58",7.711,1,samuilpetkov
2535,16257571,"Changjun Li","2026-06-17 09:10:50",7.714,1,changjunli123
2536,16251874,A.G.TENSHU,"2026-06-25 15:40:30",7.715,30,kirvk013
2537,16085507,我是刘大聪,"2026-07-10 14:29:40",7.716,25,smartorz
2538,15927222,mandinka_warrior,"2026-06-24 07:34:20",7.716,29,habibbayo93
2539,16509302,JZeXiong,"2026-07-08 18:12:36",7.718,2,jzexiong
2540,16558170,"Oleg Melnik","2026-07-17 12:47:57",7.719,2,olegmelnik
2541,16466716,"Zhengxu Yu","2026-07-03 12:08:45",7.719,8,zhengxuyu
2542,16531786,"Zhang Qian","2026-07-12 07:06:51",7.721,2,zhangqian0814
2543,16402090,"Taichi Kitajima","2026-07-15 02:07:45",7.722,3,taichikitajima
2544,15866066,ivormontenegro,"2026-07-27 23:58:24",7.723,14,ivormontenegro
2545,16456218,"Andreas Leonardo","2026-07-08 00:38:46",7.723,15,andreasleonardo
2546,16144332,Khalid,"2026-06-11 16:35:53",7.723,32,khalid000000
2547,16501903,"Alejandro Ayestaran","2026-07-11 14:54:17",7.723,5,alejandroayestaran
2548,16415248,Han901104,"2026-07-09 14:43:37",7.723,16,han901104
2549,15917288,"Peter KK","2026-07-25 08:25:30",7.725,50,peterty
2550,15895567,TY.Yang,"2026-07-02 01:37:40",7.725,3,tianyiy
2551,16042924,HEK,"2026-06-29 10:06:49",7.726,31,"emmanuelwandji,khaledchatah"
2552,16317194,"Dmitry Volovikov","2026-06-12 22:00:29",7.727,1,dmitryvolovikov
2553,16509613,"Atharv Santosh","2026-07-08 19:55:53",7.727,1,atharvsantosh
2554,16551722,FRISTY,"2026-07-23 16:14:16",7.727,14,fristy
2555,16215508,"Yuanbo Pang","2026-06-27 05:29:29",7.727,45,yuanbopang
2556,15872188,"Sanidhya Vijay24","2026-06-08 11:11:23",7.727,23,sanidhyavijay24
2557,16537635,CoMessi,"2026-07-16 10:04:44",7.728,10,comessi
2558,15926813,Artem1410,"2026-06-07 08:23:33",7.729,7,anazemcev
2559,15868081,Aabhay,"2026-07-06 15:22:52",7.731,45,aabhaygirwalkar
2560,16201317,"Pushpendra Singh","2026-06-11 14:20:42",7.732,2,singhpushpendra
2561,16056019,Salt708,"2026-07-04 11:40:38",7.732,31,shionao7
2562,16347516,"machi reda","2026-07-03 20:41:33",7.733,25,"aribaymane61,redamountassir"
2563,16514263,"Murari Ambati","2026-07-12 00:28:30",7.734,16,murariambati
2564,16471917,Q8_AIML_masters,"2026-07-25 13:54:27",7.736,28,"hamadude,jahannasimi"
2565,16369239,"Đàm Văn Tài","2026-07-26 18:55:21",7.738,43,damvantai
2566,16076859,"Daniel K","2026-07-23 16:35:41",7.738,51,danielkunzler
2567,16511095,hoon0303,"2026-07-09 06:16:16",7.739,1,hoon0303
2568,16565502,"Lecheng Yan","2026-07-19 08:37:46",7.739,7,lechengyan
2569,16075412,NotWhatYouThink,"2026-06-26 14:19:28",7.743,66,notwhatyouthink
2570,16238053,KARANAMMADHAVARAO,"2026-06-25 05:34:16",7.744,27,karanam12345
2571,16299156,"Syed Hamza","2026-07-13 18:13:03",7.746,21,syedhamzahussain
2572,16534166,yamashuuu,"2026-07-28 12:59:38",7.748,29,yamashuuu
2573,15952814,Tang,"2026-07-09 16:30:28",7.749,20,hirotetsu
2574,16518042,"Brady Meighan","2026-07-11 04:57:13",7.749,3,bradymeighan
2575,16048638,"Louis KLASING","2026-06-17 11:05:16",7.749,38,louisklasing
2576,16439892,Korokke3,"2026-07-20 15:53:25",7.751,6,korokke3
2577,15898881,Mitch,"2026-06-19 20:16:18",7.752,21,mitchgansemer
2578,16257295,"Funny KMT","2026-06-27 10:44:37",7.754,12,yanliqian1
2579,16075593,"Ilja Grigorjev","2026-06-12 09:58:42",7.758,17,iljagrigorjev
2580,15887393,"ccccccy q","2026-06-08 09:39:46",7.760,20,ccccccyq
2581,16152568,서태혁asdad,"2026-06-09 02:45:33",7.760,14,asdsd123
2582,16536132,DONGXINMING,"2026-07-22 16:54:31",7.761,6,dongxinming
2583,15942343,Wealda,"2026-07-27 16:27:19",7.763,3,"alexmatsnev,zxh666"
2584,16098867,Andrey,"2026-06-12 17:11:05",7.765,20,andrey885
2585,15990787,data_gardening_club,"2026-07-27 13:37:42",7.766,138,"hideyochiba,mitsuaccessjam,tapuntyura"
2586,16256154,"Malinda Ersi Apriana","2026-06-09 11:06:18",7.766,8,malindaea
2587,16239318,"Rofa'ul Akrom Hendrawan","2026-06-22 23:32:54",7.768,36,rofaulakromhendrawan
2588,16430203,Lishuyu,"2026-07-17 20:38:26",7.772,15,lishuyu
2589,16514119,amrrs,"2026-07-09 21:40:06",7.772,2,nulldata
2590,16518024,xiao-xiao,"2026-07-10 21:26:50",7.778,1,alluxia
2591,15970258,vn1111,"2026-07-08 10:32:17",7.779,45,vn1111
2592,16495348,EricBrattain,"2026-07-09 12:20:44",7.780,5,brattain
2593,16447508,kosukemr4,"2026-07-13 18:18:55",7.784,26,kosukemr4
2594,15956040,"Pham Kim Hoan","2026-06-08 06:01:51",7.785,49,pham0030
2595,15866791,takai380,"2026-07-10 03:57:46",7.788,1,takai380
2596,16279265,"Churou Deng","2026-06-29 00:27:54",7.790,15,churoudeng
2597,16290289,"Orange Panda","2026-06-10 20:55:01",7.791,3,orangepanda65
2598,15867586,"Steven Anctil","2026-06-09 21:11:32",7.793,13,stevenanctil
2599,16302733,yayayabebe,"2026-07-06 03:58:48",7.794,9,yayayabebe
2600,16279456,lihualk,"2026-06-24 01:10:08",7.795,17,lihualk
2601,16395255,菱星旺旺,"2026-07-28 08:05:20",7.796,22,lingxingwang
2602,16578666,"Azdeen Mana","2026-07-25 21:36:18",7.798,4,azdeenmana
2603,15865227,"Muhammad Hassan Saboor","2026-07-11 02:12:34",7.798,23,mhassansaboor
2604,16516972,"Chenxi Zhao21","2026-07-20 09:00:27",7.799,12,chenxizhao21
2605,16533181,"SEC Pan","2026-07-12 02:15:46",7.800,5,secpan
2606,16333926,"dunky su","2026-06-20 10:25:21",7.800,2,dunkysu
2607,16101063,hemmi.shoma,"2026-07-27 22:33:11",7.801,11,hemmishoma
2608,16489200,"Nerijus Areska","2026-07-09 16:06:47",7.801,12,nerijusareska
2609,16090272,"Parthkumar Vaghasiya","2026-06-09 07:20:03",7.804,3,parth515
2610,16318735,regressionbender,"2026-06-17 17:14:04",7.806,4,mrtkrshn
2611,15865271,"Alexandr Shustikov","2026-07-26 02:18:36",7.806,44,alexandrshustikov
2612,16114579,"Amos Luna","2026-06-10 07:31:28",7.806,4,amsluna
2613,15940255,"adhithyan u","2026-06-08 17:14:33",7.806,12,adhithyanu03
2614,16369195,AmanThapliyal2000,"2026-07-07 17:35:46",7.808,14,amanthapliyal2000
2615,16259112,たかゆき,"2026-06-20 08:27:47",7.808,57,takayuki0127
2616,16551015,nekoha,"2026-07-27 01:16:45",7.810,6,nekoha
2617,16040319,Unicorn,"2026-07-26 02:04:36",7.811,25,scutxuanyu
2618,16425914,pangzi233,"2026-07-10 06:51:37",7.811,8,pangzi233
2619,16252228,yuanyezhiyin2,"2026-06-10 04:06:27",7.812,10,yuanyezhiyin2
2620,15873862,"Ranjit Jadhawar","2026-07-20 05:31:51",7.812,4,ranjitrjadhawar
2621,16516553,"Siarhei T","2026-07-26 20:17:39",7.815,8,sergeyfedatsenka
2622,16543677,houlidai-jiekiulai,"2026-07-25 16:31:56",7.815,17,houlidaijiekiulai
2623,15931692,"Michael R","2026-07-27 19:33:53",7.815,43,mrpies
2624,16396218,radozaprazny,"2026-07-27 19:00:15",7.815,9,radozaprazny
2625,16137320,Almeida,"2026-06-11 12:12:16",7.816,12,alphaarcher
2626,16095341,"Cameron Magari","2026-06-19 15:06:01",7.822,15,cameronmagari
2627,16400231,"Gaurav #2","2026-07-09 08:40:31",7.823,18,genesis96839
2628,16092356,"Akshat Rai","2026-07-22 07:08:09",7.823,7,akshatrai07
2629,16504508,aminkagg,"2026-07-16 16:11:45",7.825,12,aminkagg
2630,16066984,"SAMIUL ISLAM","2026-06-07 18:18:11",7.825,8,samiulislam180041221
2631,15892803,"Chase Bonfiglio","2026-06-23 01:55:18",7.826,87,chasebonfiglio
2632,16078531,JKLEE,"2026-06-30 06:40:58",7.826,24,jkleescp
2633,16056410,kyoukuntaro,"2026-06-08 11:39:52",7.826,7,yawata
2634,16440129,ZhengZou,"2026-07-28 11:31:26",7.827,5,zhengzou0416
2635,16241266,aks05410,"2026-07-28 13:24:17",7.829,46,aks05410
2636,16153171,"Kate Muret","2026-06-11 03:10:24",7.830,7,katemuret
2637,16262526,nkn079,"2026-07-10 04:12:54",7.830,13,nkn079
2638,16515991,krisha2210,"2026-07-28 04:44:46",7.832,5,krisha2210
2639,15975853,"Sourish Kumar Dutta","2026-06-06 19:24:12",7.837,3,sourishkumardutta
2640,16273146,MtN,"2026-07-18 18:50:11",7.840,18,mariotrsn
2641,16241815,"opus 5.2","2026-06-17 20:08:47",7.840,20,kunal808
2642,16395624,"Quốc Nguyễn Tiến","2026-06-21 13:31:53",7.844,4,qucnguyntin
2643,15867852,"Anjana mohan","2026-07-28 18:43:40",7.844,63,anjanamohan13
2644,15868534,momo,"2026-07-07 07:56:52",7.846,34,fyenneyenn
2645,16533512,"Erfan Eshratifar","2026-07-28 06:15:06",7.847,19,erfaneshrati
2646,16505180,"Thomas Boser","2026-07-23 04:04:44",7.847,18,thomasb0
2647,16141611,DeadMark,"2026-07-06 02:34:38",7.848,12,deadmark
2648,16468529,"VsOS AGI initiative","2026-07-16 18:22:49",7.850,11,"pasha883,phoenix0501"
2649,16088992,"Thang Dinh ","2026-07-18 23:58:02",7.852,27,redeye2512
2650,16056316,山下　桂汰,"2026-07-22 01:30:02",7.852,1,keitalovereri
2651,15929524,"Restu Anggoro Kasih","2026-06-08 12:08:40",7.852,8,restuanggorokasih
2652,16323253,well-bored,"2026-07-28 12:36:52",7.853,71,"harriwashere,prashantinimaniam"
2653,16516453,"Sergey Shcherbakov","2026-07-17 10:39:06",7.853,8,sergey140146659
2654,16437070,Kain,"2026-07-28 07:16:29",7.855,37,kainsama
2655,15881119,gezi,"2026-07-19 13:49:06",7.856,26,goldenlock
2656,15864127,AidenSong123,"2026-06-08 07:16:22",7.857,46,aidensong123
2657,16536726,"Harshini Reddy","2026-07-27 00:16:28",7.860,11,luffyh04
2658,16610157,byteframe4,"2026-07-28 15:03:39",7.860,1,byteframe4
2659,16152694,"wenqian gao","2026-07-28 17:34:53",7.861,10,"ennazzz,wenqiangao1"
2660,16204657,"Abdullah Kazimov","2026-06-04 16:10:34",7.864,4,abdullahkazimov8
2661,16257275,RuiKimura4,"2026-06-07 09:23:29",7.865,1,ruikimura4
2662,16493879,"shige #2","2026-07-11 09:03:25",7.865,2,shigechan
2663,16513164,"Daniil Tchetyrkin","2026-07-21 04:52:45",7.866,14,daniiltchetyrkin
2664,16091138,EnDream,"2026-06-09 09:24:40",7.866,15,"endream,lfyyqaq"
2665,16427317,"Suliman Tadros","2026-07-18 00:47:56",7.867,15,sulimantadros
2666,15866973,"Bryce Chambers","2026-07-05 17:22:52",7.867,5,brycechambers
2667,16255409,Nrapendra.iec,"2026-06-18 23:12:21",7.868,3,nrapendraiec
2668,15867203,TC,"2026-07-27 14:30:37",7.869,22,tcaines
2669,15924803,"Berke Kuş","2026-06-27 12:26:42",7.870,9,berkekus
2670,16097796,シェリー,"2026-07-27 02:30:29",7.872,20,shelly1017tosei
2671,16407027,保迪di,"2026-06-24 06:44:23",7.872,13,absoluking
2672,16498438,lst1923,"2026-07-08 00:55:54",7.873,2,lst1923
2673,16024377,moth,"2026-06-15 16:19:39",7.877,13,alejopaullier
2674,15872774,"rik srimany","2026-07-10 03:31:04",7.878,47,riksrimany
2675,16150473,"Yusupov Shokhrukh","2026-07-27 12:36:01",7.880,29,trf097
2676,16309494,hoony97,"2026-06-24 08:32:27",7.882,9,hoony97
2677,16062896,CLJY_2026,"2026-06-14 01:09:58",7.883,15,cljy2026
2678,16320583,sabamiso,"2026-07-15 01:43:33",7.883,3,"naru19,thynsia,tokiba"
2679,16480949,ZaynYu,"2026-07-05 08:42:50",7.884,6,zaynyu
2680,16233997,goromaru560,"2026-07-19 05:50:24",7.889,17,gorubachohu
2681,16045309,guozhaojie,"2026-06-11 15:07:49",7.890,16,guozhaojie
2682,16264674,"kan xiao0230","2026-06-10 15:53:55",7.893,12,kanxiao0230
2683,15911448,"Keith Tang","2026-06-09 05:12:22",7.893,4,tangtszkwong
2684,15868978,"Takfarines Guergueb","2026-07-25 22:54:40",7.893,17,bachaboos
2685,15982386,JezzLynn,"2026-07-09 06:40:23",7.895,42,jezzlin
2686,16514893,MarkChen08,"2026-07-16 03:17:17",7.897,3,markchen08
2687,16410459,"Charles Murray","2026-07-04 16:37:40",7.899,1,charlesmurray023
2688,16131158,ares89,"2026-06-25 09:39:20",7.905,17,ares89
2689,16210384,mochimaru,"2026-06-08 13:21:25",7.905,1,motimaru
2690,15865308,Berkay,"2026-06-06 21:39:10",7.906,21,stormchaser
2691,16571090,Hawksartelier,"2026-07-26 07:44:44",7.906,11,satyapb2002
2692,16428589,matsu997,"2026-07-27 06:57:23",7.906,38,mastu997
2693,16410731,"Takeshi Kaneko","2026-07-15 22:55:25",7.907,7,takeshikaneko
2694,16492523,"Akira Hinokimoto","2026-07-25 03:40:51",7.907,31,akirahinokimoto
2695,16262299,"Chu-Hsuan Abraham Lin","2026-06-16 19:09:32",7.908,11,chuhsuanabrahamlin
2696,15955090,"Bảo Phan","2026-06-15 16:42:44",7.909,16,baopv05
2697,15881394,"Sam & Claude","2026-07-28 07:46:17",7.911,20,sdarmawan
2698,16329393,"Mazin Mahrouqi","2026-07-10 17:15:48",7.911,5,mazinmahrouqi
2699,15913302,infamemconculcemus,"2026-07-16 18:42:24",7.912,55,jcgweb
2700,15930094,"Julio Contreras","2026-07-27 21:34:29",7.913,99,juliocontreras
2701,16120497,"Maxim Danilov14","2026-06-07 13:06:09",7.915,6,maximdanilov14
2702,15869287,Kaiser,"2026-07-13 13:31:56",7.915,12,kaiserm
2703,16448406,wharekawa,"2026-07-07 01:39:14",7.918,9,wharekawa
2704,16608328,shaoyiming123,"2026-07-28 12:35:20",7.925,4,"daxidahezhangzhang,hehexixizhang,shaoyiming123,wangqsss,zhengxingze"
2705,16431370,"Abhishek Singh Rawat","2026-06-29 12:03:35",7.925,4,happypanda050
2706,15948222,"Roronoa Zoro","2026-07-28 11:22:12",7.926,15,fevziyeniyol
2707,16557678,"Jonathan Lopes","2026-07-27 08:16:26",7.926,4,jonathanwlopes
2708,16444660,"Iyed Djebbi","2026-07-01 14:39:21",7.927,16,iyeddjebbi
2709,16554196,onepunch999,"2026-07-19 01:49:09",7.929,9,onepunch999
2710,16242362,Kronki,"2026-07-25 12:50:07",7.932,27,kronki
2711,15865412,"Aleksey SCHUKIN","2026-06-10 08:12:20",7.933,25,alekseyschukin
2712,16309703,"Harsh Rajbhar","2026-07-23 12:25:04",7.933,32,harshrajbhar
2713,16388593,"shloak shetty","2026-07-13 06:46:39",7.937,16,shloakshetty
2714,16289640,SullivanV,"2026-07-06 15:49:15",7.937,5,sullivanv
2715,16274293,"Hui Ouyang","2026-07-19 05:03:30",7.938,36,owen1024
2716,16095974,"Alexander Olferuk","2026-06-10 20:59:19",7.941,18,olferuk
2717,16501716,"Jason Lau","2026-07-14 05:28:16",7.942,16,jasonlau219
2718,16274464,"Sena Matsuda","2026-07-27 07:45:14",7.942,66,senamatsuda
2719,16445758,"Wonder women","2026-07-10 09:24:58",7.942,23,"anjelineodero,oglorypaul,paulettedushime"
2720,16150216,r13721,"2026-07-26 13:18:01",7.945,6,r13721
2721,16421680,"Yang Kuang Ou","2026-07-17 11:22:12",7.946,14,yangkuangou
2722,16198991,Sha85889,"2026-06-09 13:23:12",7.949,8,sha85889
2723,16056886,"GG Ayo (AyoGG)","2026-07-28 15:34:30",7.950,17,ggayoayogg
2724,16262886,"Peter Nelson Subrata","2026-06-16 05:19:03",7.952,14,pewqter
2725,16600477,Voodoo_m88,"2026-07-28 16:28:41",7.954,10,voodoom88
2726,15865710,"XS 330","2026-07-12 14:30:41",7.955,15,xblade
2727,16544031,"Utosu Anita Chiamaka","2026-07-28 10:57:08",7.955,3,utosuanitachiamaka
2728,16073587,"Danila Goncharenko","2026-07-07 15:31:57",7.956,22,danilegovich
2729,16146661,atokata,"2026-07-11 14:41:17",7.956,8,ktamta
2730,15989399,Mulaydm10,"2026-06-25 05:22:13",7.962,13,mulaydm10
2731,15896262,Viktor,"2026-07-28 08:41:44",7.962,59,"andreysurovtsev,hdbchfdcfh,katia9848,klarness,zarbondo"
2732,16208054,"batuhan kalem","2026-06-09 18:03:49",7.965,13,batuhankalem
2733,15941624,"Hamid Haghshenas","2026-06-08 10:02:55",7.966,7,hamidhaghshenas
2734,16391512,"Collin Christensen","2026-06-20 09:01:57",7.966,1,cchristens
2735,16496614,"Mohammed salah aldeen","2026-07-07 16:40:53",7.970,2,mohammedsalahaldeen
2736,16370909,fudanLiuby,"2026-07-24 13:47:37",7.971,6,fudanliubingyi
2737,15866879,POR160893,"2026-07-06 11:03:42",7.973,160,por160893
2738,16032775,"Andrea Bonomi","2026-06-14 16:46:59",7.973,30,andreabonomi
2739,15878663,"Md Farhad Hussain","2026-07-07 19:01:47",7.974,10,mdfarhadhussain
2740,16321152,"Vaishak Menon","2026-06-13 04:15:06",7.974,2,mvaishak
2741,16240213,goddamned,"2026-07-17 01:11:30",7.977,6,goddamned
2742,15864090,ENZO_NUM,"2026-07-21 14:43:52",7.979,28,enzonum
2743,15865386,Evdilos_Ikaria,"2026-06-30 16:23:35",7.981,53,georgem
2744,15877450,"Felipe Cataneo","2026-06-30 15:04:15",7.982,19,felipecataneo
2745,16251705,Serendipity,"2026-06-09 08:47:03",7.982,3,stringyixuxi
2746,15915262,mahdi,"2026-06-07 13:38:30",7.987,6,mbonyani
2747,16590342,"tao wu11","2026-07-28 14:57:51",7.988,10,"taowu11,xujchill"
2748,16512756,"İsmet Bayramoğlu","2026-07-20 23:21:00",7.989,2,bayismet
2749,16257509,beijijun,"2026-06-08 15:37:53",7.998,3,beijijun
2750,15936430,"Chofuers ver.2","2026-07-21 08:28:57",8.006,36,"ikaku24,miozune,mutsumin1024"
2751,16531074,Raki,"2026-07-19 11:15:09",8.006,10,raki21
2752,15866242,🫘🏴‍☠️,"2026-06-13 09:32:06",8.010,5,kenpachi99
2753,16232361,Milly,"2026-07-28 03:49:00",8.010,26,genadieva
2754,16338994,"tokuda yujiro","2026-07-16 05:35:09",8.012,17,tokudayujiro
2755,16440232,Supr3mum,"2026-07-10 05:25:44",8.013,12,friklez
2756,16116474,"Keshav Sharma","2026-07-13 12:26:37",8.013,12,keshavsharmagg
2757,16289631,TMTA,"2026-07-28 11:23:50",8.014,15,"shibungi,takayah,tongaricorn"
2758,15881179,jsasnowboarder,"2026-07-28 05:47:45",8.015,22,jsasnowboarder
2759,16407041,ZheMa0306,"2026-06-24 23:52:15",8.015,2,zhema0306
2760,15871489,shion,"2026-07-18 05:37:01",8.017,17,k0tame
2761,16388285,KaitoKusumoto,"2026-07-05 13:17:45",8.021,18,kaitokusumoto
2762,16285598,"Ritsuki Hoshimoto","2026-06-16 12:15:17",8.026,9,ritsukihoshimoto
2763,15945367,Grantley,"2026-06-07 14:15:48",8.030,7,grantleycullar
2764,15868004,"To be happy","2026-07-28 04:46:26",8.030,87,yaokaixinya123
2765,16290909,hobeter,"2026-06-12 14:34:17",8.031,7,hobeter
2766,16251054,ershan23,"2026-06-13 03:21:36",8.046,11,ershan23
2767,16240827,kunai,"2026-07-25 04:15:40",8.052,25,kun4qi
2768,16446479,"Samantha Lemke","2026-07-07 13:06:16",8.060,1,samanthalemke
2769,16401991,SAIKHANTSESTSEG.TS,"2026-07-14 14:13:26",8.066,6,saikhantsestsegts
2770,16286775,witchfinder,"2026-06-24 15:48:15",8.072,14,witchfinder
2771,15864356,marumarukun,"2026-07-16 04:05:49",8.073,20,marumarukun
2772,16022680,paceLee,"2026-07-28 00:55:37",8.076,33,pacelee
2773,15870004,ImtiazX,"2026-06-15 17:47:09",8.078,28,ximtiazx
2774,15923168,JBehan,"2026-06-06 06:42:40",8.079,30,jbehan
2775,16113929,"Chinmay Nadgir","2026-06-07 04:20:53",8.081,11,chinmaynadgirnoob
2776,16163529,collinsmacharia70,"2026-06-07 12:58:00",8.083,4,collinsmacharia70
2777,16418931,Gonhe,"2026-07-06 06:39:11",8.084,13,gonghongyi
2778,16251835,"Andres H. Zapke","2026-06-06 13:58:59",8.086,1,andreshzapke
2779,15881127,bestwater,"2026-07-07 09:32:34",8.091,32,bestwater
2780,16412243,xixii,"2026-06-24 06:07:32",8.097,11,xueshuangyang
2781,16379379,annnguyen25,"2026-06-25 17:42:59",8.098,7,trinhnguyenthmai
2782,16114723,"Sharmila Rijal","2026-06-06 10:17:23",8.101,6,rijalsharmila
2783,15938400,Yann,"2026-06-09 14:20:56",8.101,6,skeeyyann
2784,16068796,Zerolee003,"2026-06-06 09:45:30",8.101,7,zerolee003
2785,16342092,Liornis,"2026-07-04 15:42:59",8.104,13,liornis
2786,16253770,"Tatsuya Tanakaa","2026-06-11 20:51:53",8.106,4,tatsuyatanakaa
2787,15875581,Afr1ste,"2026-06-07 09:04:59",8.107,136,afr1ste
2788,16468683,Luis_Contreras73,"2026-07-08 06:26:10",8.107,22,luiscontreras73
2789,16306793,"Andrey Loskutov","2026-06-25 06:12:09",8.108,11,andreyloskutov
2790,16536697,l'rug,"2026-07-24 23:34:53",8.108,10,sdfsfsfsdf
2791,16071513,KimMun,"2026-07-10 15:44:20",8.111,13,munhyeong
2792,15864010,sigmaborov,"2026-06-07 10:41:28",8.112,4,sigmaborov
2793,16437165,"Gopal Krishna Gundumalla","2026-07-07 08:23:49",8.113,22,gopalkrishnag
2794,16212412,"Lucia Yen","2026-06-27 19:23:35",8.115,24,luciayen
2795,16532490,"gavi asai","2026-07-28 14:06:58",8.115,36,gaviasai
2796,15863518,Souhardya,"2026-07-21 22:38:52",8.119,5,souhardyatalukdar
2797,16532666,saihyou,"2026-07-27 12:07:04",8.119,15,saihyou
2798,16254000,"SOUMYAJIT NASKAR","2026-06-07 10:20:11",8.121,1,thunderstrike07
2799,16535225,X-Fish,"2026-07-17 03:21:38",8.127,12,"hxaxdcs,xiaoyu301"
2800,16370085,"John Wincel Marino","2026-06-29 01:32:04",8.130,10,johnwincelmarino
2801,15912950,"Ghazaros Barseghyan","2026-07-21 14:52:37",8.130,3,ghazarosbarseghyan91
2802,15883754,"SA BEYLER TURK WARMİ","2026-07-23 15:48:42",8.130,16,mertbayraktar
2803,16206461,"Tobias P","2026-06-10 12:36:46",8.135,14,tobiasp123
2804,16426541,Lll,"2026-06-24 14:40:20",8.139,1,"liorperlman,liortoledano"
2805,16603437,"Yaso Sharma","2026-07-27 13:54:01",8.142,3,yasosharma
2806,16100790,Ju,"2026-07-12 02:06:51",8.142,1,juziddd
2807,15874687,T.S,"2026-06-04 19:15:48",8.147,2,birdst
2808,16127096,xerkey,"2026-06-10 08:22:29",8.150,4,xerkey
2809,16371381,Moni,"2026-07-02 06:24:10",8.151,19,monikakocianova
2810,15864007,"Pranay Vishwakarma","2026-06-05 18:31:46",8.153,5,pranayvishwakarma
2811,15889632,"Dimitrios Giannoulis","2026-07-04 20:29:49",8.161,27,plagiagia
2812,16354899,"Dennis Iversen","2026-06-23 07:48:45",8.168,21,diversen
2813,15902570,Experto,"2026-06-06 17:38:59",8.169,2,zahedi
2814,16238545,dreamtear,"2026-06-05 08:34:00",8.169,1,mohanzeng
2815,15876700,"SHUBHOJIT NASKAR","2026-06-05 19:14:34",8.171,7,shubhojitnaskar
2816,16298824,"Quyền Thịnh","2026-06-20 02:43:05",8.174,8,quynthnh
2817,16264977,"Akash Kumar Barnwal","2026-06-08 10:05:25",8.175,1,sumeakash
2818,15869668,Mattpelor,"2026-06-05 15:58:11",8.180,7,mattpelor
2819,15865782,Behrang,"2026-07-11 04:07:49",8.186,3,behrang
2820,16537274,"Zibang Fang","2026-07-26 14:44:56",8.187,3,zibangfang
2821,15872502,kif,"2026-06-05 08:07:35",8.187,42,echigobran
2822,16206866,"Debatreya Biswas","2026-06-05 20:29:34",8.188,3,debatreyabiswas
2823,16268185,"Seunghwan Yoon","2026-06-10 09:44:58",8.189,7,y305205
2824,15867780,hikahika,"2026-06-12 17:47:25",8.193,9,naganohikaru
2825,16138979,kyogosuzuki,"2026-06-19 13:35:11",8.196,1,key2001
2826,16266277,"Andrei Bulzan","2026-06-13 19:56:02",8.200,11,andreibulzan
2827,16016031,"Karol Trawiński","2026-07-27 21:15:22",8.200,25,karoltrawiski
2828,15924957,Eugene,"2026-06-05 15:45:47",8.201,1,eugenesysu
2829,16093589,"Benedek Brandschott","2026-07-03 07:22:13",8.205,20,benedekbrandschott
2830,15870308,"Amit Gautam02","2026-06-05 08:36:55",8.206,12,amitgautam02
2831,16073838,Hinata,"2026-06-07 14:04:28",8.208,14,mihoirie
2832,16062910,UnRealYoussef,"2026-07-27 21:21:47",8.208,38,youssefsalemishere
2833,15888284,MasonLeSaint,"2026-06-14 17:20:32",8.209,16,masonlesaint
2834,15870737,"HARIKRISHNA K R","2026-06-13 17:08:08",8.211,1,harikrishnakr
2835,15983273,Chalyx,"2026-07-03 10:02:20",8.211,19,chalyx
2836,16245648,"Adrian Acala","2026-06-06 00:34:19",8.218,8,pirho3141
2837,16045012,RebelRaider,"2026-06-06 13:51:09",8.222,48,chesnikovleonid
2838,15873881,"Yuya Shintani","2026-07-27 22:52:59",8.225,30,uplus26e7
2839,16480429,Epoch0,"2026-07-28 13:56:12",8.225,64,"faye1113,jingwenzhengyaya,wangqianada"
2840,16088006,"Jiayou(Rick) Liang","2026-06-05 09:31:07",8.229,28,jiayourickliang
2841,16320637,YsM0819,"2026-07-28 02:27:43",8.232,34,ysm0819
2842,16127955,"Wilmer E. Henao","2026-06-05 04:09:55",8.234,10,verracodeguacas
2843,16098868,__ChrisQ__,"2026-06-18 17:14:02",8.235,34,chrisqiu
2844,15885054,Mommi,"2026-07-10 08:00:05",8.238,74,khaledben
2845,16320564,shin0000,"2026-07-18 13:34:18",8.240,13,shin0000
2846,16443617,"Stefan Henß","2026-07-10 13:07:51",8.249,37,shenss
2847,16440763,"Daniil Stepanov","2026-06-28 09:11:43",8.251,8,sweetlhare
2848,16450030,Measurement,"2026-07-02 00:22:27",8.251,14,"yanwenwang2001,zjwxdu,zyliangk"
2849,15886174,"Kea Kohv","2026-07-21 21:18:39",8.256,92,keakohv
2850,15864211,"Triston Morgan","2026-07-13 13:40:53",8.258,6,yanzhou06
2851,15868028,motono0223,"2026-07-25 07:15:18",8.259,15,motono0223
2852,16114711,"Zitong Xi","2026-06-11 05:22:53",8.259,6,"apriljcc,oliverkang,xixueba"
2853,15888484,"Vasu Bhut","2026-07-14 14:34:52",8.259,3,vaisubhut
2854,16234261,"DL Geeks","2026-07-26 01:40:14",8.259,4,"adaptron,andrewhushcha,danielkholodenko,kspatel"
2855,16599787,"Rishabh Roy","2026-07-27 11:15:51",8.259,7,rishabhr0y
2856,16429143,"Tahar HAMDAOUI","2026-07-19 09:11:44",8.260,23,taharhamdaoui
2857,16447131,"Arya Arun","2026-06-30 08:47:27",8.264,4,aryaarun07
2858,16339463,"Akai Red","2026-07-26 21:55:50",8.267,14,akaired
2859,16516868,Wyrmbane,"2026-07-12 13:24:51",8.271,4,yuson9
2860,16490475,k1ownnn,"2026-07-05 17:50:05",8.272,3,k1ownnn
2861,16394541,Vicky@126,"2026-07-05 05:08:48",8.273,3,vicky1262
2862,16063002,"LI YIYANG829","2026-06-11 08:02:36",8.279,37,liyiyang829
2863,16414665,"[Deleted] 67e2b74a-34e0-4ed2-bb4c-67c57ecbe0f0","2026-07-06 11:07:07",8.285,21,del=5ba755dbe30a02fb
2864,16063639,hasibirok0,"2026-06-06 10:17:46",8.294,10,hasibirok0
2865,16486877,"Michael Spina","2026-07-09 23:21:41",8.294,4,h1csuntdr4c0n3s
2866,16487749,KiloTango,"2026-07-09 20:15:41",8.295,8,kilotango
2867,16600789,AnaLuisa2901,"2026-07-27 23:54:29",8.309,2,analuisa2901
2868,16104664,banzai8031,"2026-06-21 10:00:11",8.310,3,banzaikazuya8031
2869,16104942,"Prashanth Reddy Biyyani","2026-07-16 04:37:31",8.310,20,"prashanthbiyyani,sumu1526"
2870,16282599,rariwa,"2026-07-17 22:55:12",8.313,10,rariwa
2871,16100577,"Enfance finie","2026-06-08 19:35:46",8.318,30,enfancefinie
2872,16099083,mywind,"2026-06-04 12:23:33",8.320,13,mywind
2873,16420058,"Hiệp Lê Văn","2026-06-25 11:41:28",8.323,3,hieplv
2874,16552346,Doug,"2026-07-21 19:22:43",8.324,12,dougsgrott
2875,16434279,"Prabhath Vinay","2026-07-01 06:27:48",8.328,9,prabhathvinay
2876,16301326,"shinya kaneda","2026-06-17 13:11:14",8.328,9,snykaneda
2877,16029569,"duder broseph","2026-06-24 04:09:29",8.328,18,duderbroseph
2878,16572990,"Sun Youran","2026-07-25 00:02:16",8.329,15,sunyouran
2879,15864464,NANACHI,"2026-06-29 12:55:54",8.335,2,wadakoki
2880,16457358,"Zhe Arthur","2026-07-06 02:35:13",8.335,17,zhearthur
2881,16553326,G_ssk,"2026-07-22 13:54:51",8.343,12,thinkphil
2882,16425494,"Yash Vardhan","2026-07-09 06:27:09",8.353,4,poruskapil1
2883,16110600,doublechoice,"2026-06-04 05:09:28",8.353,11,"doublechoice,songpeixu"
2884,16516675,nanare,"2026-07-20 06:42:48",8.355,8,nanaresudo
2885,15876801,Abdulsamad,"2026-06-23 17:47:03",8.356,7,abdulsamadjod1234
2886,16209138,MMM,"2026-07-27 23:37:37",8.357,31,"del=7ba178d22afbdc70,kazuyamiki,midorikawayuuri,yotarokagn,yukiy04"
2887,15873628,YassY_The_AlchemYst,"2026-07-11 10:37:15",8.362,32,yassineelhallaoui
2888,16452300,"Prince of Lanling","2026-07-28 13:31:00",8.367,23,zjm271441
2889,15870203,HongyuChen123321,"2026-06-05 06:50:49",8.375,10,hongyuchen123321
2890,15929644,"Andrey Kozhemyakin","2026-07-16 11:49:37",8.376,10,andreykozhemyakin
2891,15867849,SSV,"2026-07-12 23:31:42",8.378,3,vigneshirtt
2892,16108811,harrykuo1,"2026-06-07 01:59:55",8.386,27,harrykuo1
2893,16233608,"RADU ȘTEFAN BANCU","2026-06-05 13:29:13",8.388,2,radutefanbancu
2894,15876915,stefanoclss,"2026-06-24 15:41:00",8.389,10,stefanoclss
2895,16262727,"Na Ve Ba","2026-07-28 17:47:03",8.395,5,naveenvenubagadi
2896,16071263,Aigege,"2026-06-08 05:44:54",8.403,12,zslkaggle
2897,16013110,func-nano,"2026-06-28 08:43:47",8.404,6,funcnano
2898,16099047," Cheery Ose","2026-06-10 08:41:26",8.407,2,cheeryose
2899,16406926,UD,"2026-07-11 16:51:31",8.410,6,utkuduzen
2900,16488547,"Labmem Tang","2026-07-20 16:45:50",8.411,13,labmemtang
2901,15864401,MansaMusa,"2026-06-21 12:27:52",8.412,9,bomera
2902,16533887,Void_Rune,"2026-07-28 02:13:09",8.413,7,voidrune
2903,16385426,"GIVE ME A JOB","2026-06-20 06:23:04",8.419,9,tarokogawa
2904,16237106,"Likai Su","2026-06-10 08:44:34",8.419,8,likaisu
2905,15892744,"Kairui Huang","2026-06-04 10:32:49",8.425,32,kairuihuang
2906,16229754,k3218321757,"2026-07-06 16:00:19",8.433,13,k3218321757
2907,16305486,"Otmane Elmahda","2026-06-17 04:11:39",8.437,4,otmaneelmahda
2908,16482815,draccoo,"2026-07-03 22:23:49",8.443,2,draccoo
2909,16087621,NyuuDev,"2026-06-10 03:14:42",8.449,48,nyuudev
2910,16574155,"Kabil is Trying","2026-07-22 04:53:56",8.451,5,kabilrh
2911,16465114,"All I need is you","2026-07-28 11:07:07",8.453,11,"deersirz,elainanami,shoulesui"
2912,16551308,Faruq,"2026-07-21 11:27:10",8.454,7,dossofalikou
2913,16420505,"Ehab Ibrahim Khalil Mohamed","2026-06-25 14:35:50",8.454,3,ehabkhalil0
2914,15865645,SajayR,"2026-07-12 03:41:12",8.455,10,sajayr
2915,16582910,"Mehmet Ensar Çetin","2026-07-28 00:56:21",8.462,3,mehmetensaretin
2916,16230425,zhegerushigui666,"2026-06-12 18:00:37",8.471,5,zhegerushigui666
2917,15919896,Xudream,"2026-06-10 15:53:01",8.479,31,xudream
2918,15866975,"PC Jimmmy","2026-07-27 13:15:29",8.483,163,"medali1992,pcjimmmy"
2919,16372244,"Михайлов Сергей Никитович","2026-06-29 10:30:53",8.485,5,sergeymikhailovn
2920,16256477,"Me and me","2026-07-27 15:21:39",8.487,42,solomonseifu
2921,16145819,wjy,"2026-06-04 02:54:31",8.492,3,wjy030522
2922,16287442,"Hsyn Kskn","2026-07-27 09:53:53",8.492,85,hsynkskn
2923,15920810,"Tao Song ","2026-06-12 05:49:36",8.494,6,taosongmath
2924,16057679,YU_OBA2000,"2026-07-05 04:11:30",8.496,55,yuoba2000
2925,16283055,Asg2005,"2026-06-30 02:08:42",8.496,9,asg2005
2926,16552833,"Ahmet Karagöz","2026-07-24 11:14:24",8.497,12,ahmetkrgztr
2927,16028614,Helldiver,"2026-06-02 18:35:16",8.500,8,navyabhat239
2928,16224461,moisougata,"2026-06-07 14:01:38",8.502,9,moisougata
2929,16390795,"khalid harouach","2026-07-19 19:31:53",8.503,37,khalidharouach
2930,16468527,paragura,"2026-07-20 04:44:10",8.505,24,itiromuro
2931,16537048,"Runsheng Tian","2026-07-15 00:58:38",8.510,9,runshengtian
2932,16145051,fukangzhang9,"2026-07-28 04:38:36",8.510,32,fukangzhang9
2933,16235278,Amaranta,"2026-07-18 03:35:31",8.515,11,ulyanovantonamaranta
2934,16459964,橋本徳蔵,"2026-07-20 04:03:42",8.525,4,htstlx
2935,16157366,"Ruoxuan Zhuang","2026-06-08 12:43:04",8.525,9,ruoxuanzhuang
2936,15867962,嘴爷,"2026-06-06 05:48:04",8.527,26,zui0711
2937,16540112,234411,"2026-07-16 15:41:37",8.528,6,tudousisi
2938,16097741,"Shaaz Hussain","2026-07-24 15:21:20",8.536,49,shaaz74
2939,16392960,GordenGao,"2026-07-03 13:02:30",8.538,11,blownb
2940,16494217,Chris_CH_Lee,"2026-07-26 13:05:38",8.540,30,chrischlee
2941,16439493,o_O,"2026-07-09 03:27:46",8.541,10,kegelkaggle
2942,16379236,scroller,"2026-07-05 09:31:13",8.545,54,scroller
2943,16137188,"Osamah Sarraj","2026-06-05 02:45:49",8.564,14,osraj0
2944,16201570,"Nikitas Sourdakos","2026-06-19 08:43:57",8.565,6,nsourdakos
2945,16270964,beifa,"2026-07-21 21:29:56",8.566,56,beifaa
2946,15871478,ToMo,"2026-07-13 03:45:43",8.571,33,tomohiroh
2947,16424463,hidenov,"2026-07-23 08:25:08",8.577,15,hidenov
2948,15880347,askbox,"2026-07-02 08:46:06",8.581,8,askboxnet
2949,16016980,"Pavel Kazlou","2026-07-26 11:11:37",8.589,9,paulik
2950,16125185,"Asterios Terzis","2026-06-11 08:46:14",8.598,13,asteriosterzis
2951,15867040,"🐢 Jun Koda","2026-07-08 23:24:54",8.598,6,junkoda
2952,16410892,"Anh Lam","2026-07-27 23:34:54",8.598,10,amelialam
2953,16531582,ml_explorer,"2026-07-16 16:17:54",8.599,1,vaibhavbansal
2954,16493028,"yinsu mirage","2026-07-16 08:39:45",8.600,3,yinsumirage
2955,16332694,iam_groot,"2026-06-24 13:10:04",8.601,14,atsuh02
2956,16438375,0STG0T,"2026-07-01 00:55:30",8.606,5,oostg0t
2957,16607489,"Iuri Pavani","2026-07-28 19:05:51",8.607,3,iuripavani
2958,16301278,"Leonard Wetzel","2026-06-13 12:25:35",8.614,9,leonardwetzel
2959,16159621,"Semih Eren","2026-07-28 14:07:41",8.631,19,semiheren
2960,16161960,neuroslop,"2026-06-15 20:43:05",8.631,24,"gerantonstorm,viktor1709"
2961,16558148,ommo007,"2026-07-19 07:51:35",8.642,9,ommo0047
2962,15895321,"Kan #2","2026-07-16 04:21:16",8.646,13,kantamotohashi
2963,15878525,"Musab Ahmed","2026-06-09 16:09:34",8.646,55,musabyagoub
2964,16245356,"Juan Luis Carrasco Merchán","2026-06-19 02:45:51",8.652,18,jlcarrasco
2965,16254230,"Silicon Valley","2026-06-26 22:31:18",8.653,9,"circiumaru,dulgherustefan,radugoga"
2966,16466277,"Dmitry Bardonov","2026-07-01 21:16:34",8.658,3,bdesim
2967,16512746,"Ohm Mingrath","2026-07-12 04:10:06",8.661,7,mingrathmekavichai
2968,16238672,"sergio callarelli","2026-06-29 19:01:35",8.666,12,sergejc
2969,16591569,Pones_kaggle,"2026-07-28 06:41:00",8.675,20,pyd966
2970,16464308,董子廉（六道仙尊）,"2026-07-04 11:02:06",8.697,6,dzl666
2971,16401564,"Samar Abbas , Abhay Prabodh","2026-07-28 18:05:54",8.705,6,"abhayprabodh,s19757777777777777"
2972,15876204,"Tariku Mehdi","2026-07-26 09:26:03",8.710,50,tarikumehdi
2973,15876946,"james harden FC","2026-06-10 06:40:51",8.718,25,kirosamurai
2974,15967777,himkkk,"2026-06-12 16:49:27",8.723,25,himkkk
2975,15947029,WangZhi0201,"2026-07-21 09:15:25",8.723,8,"tyalia23123,wangzhi0201"
2976,16598256,"junwei lee","2026-07-27 05:01:25",8.724,3,ljwyoona
2977,16568705,"Minkyu Jung","2026-07-20 13:10:20",8.724,4,lepus2
2978,16375233,LagrangianLocomotive,"2026-07-03 17:13:27",8.730,8,lagrangianlocomotive
2979,15909982,"Panagiotis Niarchos","2026-07-12 15:28:47",8.732,15,panagiotisniarchos
2980,16132046,RiN0804,"2026-06-04 14:21:04",8.737,5,rin0804
2981,15893533,s.sato,"2026-07-16 08:07:47",8.739,33,ssato23216
2982,16448409,guptadev26,"2026-06-30 21:23:17",8.740,3,guptadev26
2983,16117205,Rishpal27,"2026-06-10 11:08:01",8.745,4,rishpal27
2984,16213296,groovin,"2026-06-05 02:42:20",8.747,6,dhruvgup1a
2985,16486243,"Oleksandr Kovalchuk","2026-07-06 15:24:32",8.750,2,oleksandrkovalchuk
2986,16086788,"Shamim Kabir Kazim","2026-06-18 21:59:29",8.757,11,shamimkabirkazim
2987,16450358,Sethroth,"2026-07-14 09:40:38",8.772,1,sethroth
2988,16132727,"Im so tired","2026-06-04 07:01:51",8.777,3,yfrite
2989,16099415,Poemcourt,"2026-06-04 03:50:45",8.777,8,poemcourt
2990,16213823,ChengxuGu,"2026-06-04 07:40:57",8.777,1,chengxugu
2991,16200604,GarbageOoze,"2026-06-06 06:47:02",8.777,14,garbageooze
2992,15903444,KDEEEE,"2026-07-25 15:00:34",8.777,38,kdeeee
2993,15937377,"Sangram Patil","2026-07-10 12:17:03",8.781,48,sangrampatil5150
2994,15872367,"RODNEY MAWERO","2026-06-10 18:26:19",8.781,7,rodneymawero
2995,16056166,AdhokshajaPradeep,"2026-06-07 06:03:49",8.781,4,adhok93
2996,15907792,"Team 15","2026-06-21 08:09:04",8.781,24,"gkwhddnr,sehoon0529"
2997,16043699,inori315,"2026-06-27 08:12:07",8.781,1,inori315
2998,15891915,NobelK5342,"2026-06-10 12:35:29",8.782,26,nobelk5342
2999,16146250,狼山客,"2026-06-05 06:23:58",8.782,7,va11ey
3000,15870580,"Naveed Ali","2026-06-30 08:46:53",8.783,52,naveedali86
3001,16591650,Sere1n,"2026-07-27 07:03:38",8.790,11,chacc0
3002,16426754,Touyu,"2026-07-12 17:19:22",8.798,2,yutoaoki
3003,15975433,JK,"2026-07-22 15:39:26",8.799,3,kjenia
3004,16253067,"Philip Snyder","2026-06-10 14:16:03",8.803,5,darkhorsecodes
3005,16199480,"Pravin Takpire","2026-07-18 14:25:18",8.803,3,pravintakpire
3006,16037608,KitLim,"2026-06-20 10:17:50",8.814,23,"limkskr,sunghunim"
3007,16479992,"Imran Ahamed","2026-07-22 07:46:42",8.815,14,immu4989
3008,16380174,SebastianQbiak,"2026-06-19 13:12:59",8.819,5,sebastianqbiak
3009,16532904,"Nick Koron","2026-07-23 10:26:00",8.826,15,nickkoron
3010,16156579,JustinybGao,"2026-06-16 06:35:18",8.830,15,justinybgao
3011,16031384,"daliang chen","2026-06-08 12:43:46",8.832,43,daliangchen
3012,16223875,smalltrain,"2026-07-08 14:42:18",8.835,9,smalltrain
3013,16602435,"Chirag Kapoor","2026-07-27 20:46:46",8.836,4,chikap
3014,16169998,hono6(#._.)b,"2026-07-11 16:37:15",8.848,6,hono6b
3015,15997293,kumaram_vipinam,"2026-06-20 10:37:32",8.855,5,kumaramvipinam
3016,16153971,krittao3,"2026-06-04 11:40:36",8.860,7,krittao3
3017,15923050,"Vinh Nguyen","2026-06-03 06:42:50",8.860,12,vinhnguyen
3018,16193489,"Yihan Guo","2026-06-03 09:49:55",8.860,1,yihanguo
3019,15864453,"Alhasan Abdellatif","2026-06-03 13:19:52",8.860,87,alhasanabdellatif123
3020,16158265,oliver,"2026-06-12 04:44:41",8.860,22,oliverlang
3021,16131159,"Dimple Bhardwaj","2026-06-03 17:22:13",8.860,2,dimplebhardwaj536
3022,16070127,"Daniel Sleiman","2026-06-04 04:20:45",8.860,11,danielsleiman
3023,16509147,"Alexander Chesnokov","2026-07-14 13:16:12",8.860,3,alexanderchesnokov
3024,16088512,hadimaster,"2026-06-09 01:33:49",8.863,20,hadimaster
3025,16056170,andreafe,"2026-06-02 04:38:57",8.863,22,andreafe
3026,16060865,"Rachit Yadav","2026-06-27 00:26:13",8.863,15,rachiteagles
3027,16153873,"Sungu Kang","2026-06-02 06:44:57",8.863,1,sungu122
3028,16155719,XiaoZhiren,"2026-06-04 08:48:15",8.863,3,xiaozhiren
3029,16155975,"Harish Yadav","2026-06-07 19:43:36",8.863,4,harishyadav0506
3030,16129717,"sunil kumar","2026-06-08 15:47:55",8.863,6,sunil123kumar
3031,16084887,UddipanB,"2026-06-02 11:12:00",8.863,4,uddipanb
3032,15922891,yuhaman,"2026-06-02 12:20:00",8.863,3,yuhaman
3033,15869513,eiheychan,"2026-06-08 11:14:17",8.863,74,eiheychan
3034,16021278,borkun0429,"2026-06-10 05:22:23",8.863,26,borkun0429
3035,16065184,"Alexander Smetannikov","2026-06-02 21:31:41",8.863,5,smetannikov
3036,16102201,"Aman Sharma","2026-07-03 13:28:23",8.863,6,aman5153684
3037,16000113,irona,"2026-06-08 10:01:01",8.863,14,ironaa
3038,16141637,"NUP CSAI","2026-07-27 12:55:23",8.863,19,"goshectiveog,mikhailfadin,valentinhilko"
3039,16170846,MingKai123,"2026-06-03 02:29:55",8.863,1,mingkai123
3040,15885709,"yangdon tshering","2026-06-13 08:43:00",8.863,66,yangtshering
3041,16042251," ykn_718","2026-06-05 06:36:21",8.863,12,ykn718
3042,15880225,Yuto.T,"2026-06-03 14:40:19",8.863,5,yutotamura
3043,15949915,"Ettore Magni","2026-06-04 14:57:03",8.863,4,ettoremagni
3044,16145289,"Abongile Njokwana","2026-06-05 19:07:16",8.863,2,abongilenjokwana
3045,16111395,"Arko Bera","2026-07-04 12:24:03",8.863,1,cartoonistbeard
3046,16609844,"Shang Bo","2026-07-28 14:50:40",8.863,2,"aetherwang,junjiehuang08,pengweihuan,shangbo667,shengbinhuang"
3047,16490655,wsdsby,"2026-07-08 19:13:14",8.869,9,wsdsby
3048,16430364,"Daystrom Institute","2026-06-30 20:52:23",8.870,16,rijulgupta
3049,16535922,"Gudla Sanjay","2026-07-15 09:17:28",8.882,10,gudlasanjay
3050,16146847,"Zeynep Başar","2026-06-11 03:04:50",8.892,22,zeynepbaar
3051,16269714,나경흠,"2026-06-15 01:37:36",8.893,11,skrudgma
3052,16586465,"Sushanth Tiruvaipati","2026-07-27 20:20:40",8.905,4,sushanthtiruvaipati
3053,16402583,"Alberto Mocchi","2026-06-22 18:09:29",8.909,5,albertomocchi99
3054,16462705,Javier,"2026-07-28 03:03:48",8.912,53,javiernavas
3055,16510272,"Edidiong-Abasi Anwanane","2026-07-21 14:22:56",8.913,26,didianwanane
3056,16437887,Kemamire,"2026-07-05 05:10:04",8.915,3,nishimuraryo
3057,16443730,"Anjou Makino","2026-07-06 16:36:40",8.915,29,anjou0618
3058,16586753,xandr_jih,"2026-07-28 13:48:06",8.917,13,xandrjih
3059,16204914,GEOTRON,"2026-07-27 17:23:21",8.936,26,"adithyaled24b039,sagarred24b026"
3060,16413374,Boltuzamaki,"2026-07-23 16:18:24",8.940,10,boltuzamaki
3061,16112088,"Tommy Lar","2026-06-03 18:17:19",8.945,19,tommylar
3062,15973765,"Parthiban Elavarasan","2026-07-13 13:46:03",8.948,35,parthibanelavarasan
3063,16608952,"David Mashiah","2026-07-28 13:31:25",8.949,3,davidmashiah
3064,16512853,"Chutayu Adhittayawong","2026-07-12 07:57:32",8.954,3,arteezy009
3065,16435896,"Mahesh Chandrashekharan","2026-07-02 04:15:36",8.969,7,maheshshekharan
3066,16457127,"Just A game on your lips","2026-07-27 09:34:08",8.970,2,proptiter
3067,16382448,kaggle_what,"2026-07-03 00:12:08",8.971,40,kagglehyzkaggle
3068,16433344,Threadclaim,"2026-06-29 12:21:24",8.975,2,threadclaim
3069,15929272,"Marcin Wojciechowski","2026-06-21 11:36:15",8.979,74,marcinwojciechowski
3070,16566062,Smrn111,"2026-07-19 16:45:48",8.985,3,smrn111
3071,16434421,"Yusuf kerem","2026-06-26 09:15:22",8.985,1,yusufkeremt
3072,16374097,k289399799,"2026-07-06 06:02:51",8.988,5,k289399799
3073,16153652,"Saurav Chaudhari","2026-06-04 08:13:13",9.001,4,saur3x
3074,16143223,nbhk,"2026-06-24 13:38:15",9.001,4,msmnbhk
3075,16241522,"George Daniel Gherasim","2026-06-23 23:10:56",9.005,18,georgedanielgherasim
3076,16106731,"Tejas Arondekar","2026-06-09 07:56:18",9.012,7,cyclotorn
3077,16607133,esis_ai,"2026-07-28 11:16:14",9.013,5,alexesn
3078,16579084,FlameZywoo,"2026-07-26 12:01:24",9.014,5,zgdllt
3079,16370747,larry54321zhao,"2026-06-29 17:04:35",9.022,16,larry54321zhao
3080,16535345,monoqlo78,"2026-07-20 09:15:16",9.028,8,monoqlo78
3081,16596807,"Martin #2","2026-07-27 07:15:15",9.036,9,martinwasswakalema
3082,16534890,cstdy,"2026-07-28 13:54:43",9.040,8,kirill0212
3083,16151943,azita,"2026-07-28 11:05:19",9.056,10,azita0127
3084,16400002,Nirvana,"2026-07-06 00:22:21",9.057,15,alchemist101
3085,16112767,fanyuchen,"2026-06-08 15:32:36",9.062,30,chenyfdws
3086,15867813,"preetham krishna","2026-06-10 02:11:19",9.062,18,preetham1239
3087,16059412,"Visca Barça","2026-06-03 05:06:33",9.064,3,alikhalil10
3088,16209732,Dreamurr,"2026-06-04 18:49:57",9.064,4,dreamurr
3089,16470907,"Tim Stock4433","2026-07-10 13:56:26",9.074,2,timstock4433
3090,16042712,moritake04,"2026-07-05 05:38:19",9.078,6,moritake04
3091,16583318,"Semyon Epanov","2026-07-27 01:56:55",9.079,1,semyonepanov
3092,16358495,"Dhir Agrawal","2026-07-28 10:55:38",9.084,10,dhiragrawal
3093,16392697,"Dynastes hercules","2026-07-08 21:56:06",9.092,4,joeonaka
3094,15941516,SniperGotYou,"2026-06-23 15:42:13",9.096,62,snipergotyou
3095,16509942,"Quentin LBZ-GIU","2026-07-27 22:59:14",9.099,2,quentinlbzgiu
3096,16395846,飛線炯,"2026-07-27 11:43:19",9.099,24,kaizocoolworld
3097,16134390,4san,"2026-06-14 21:06:08",9.102,5,soreiru
3098,16287640,Wangrevelainapple,"2026-06-12 18:34:32",9.105,6,wangrevelainapple
3099,16602560,"Konstantin Alekseev","2026-07-28 16:02:54",9.115,1,alekskst
3100,16001895,"KUSHAGRA MATHUR","2026-06-24 13:15:55",9.120,20,kushubhai
3101,15868780,"Marcus Qin","2026-05-20 04:35:38",9.120,22,marcusqin
3102,16036257,mohsen2050,"2026-07-24 23:19:23",9.134,42,mohsen2050
3103,16579306,"Rishi Jambagi","2026-07-27 00:04:10",9.144,7,rishijambagi
3104,16116184,Sunnywu27,"2026-05-31 18:59:59",9.150,9,sunnywu27
3105,15870592,"Vaibhav Sharma","2026-06-01 05:53:05",9.150,3,vaibhavsharma3012
3106,15911012,vamos_field,"2026-06-01 12:52:03",9.150,13,kotaroosako
3107,16145929,DeeperNet,"2026-06-01 14:20:25",9.150,1,deepernet
3108,15898175,donaldxu,"2026-07-19 09:46:28",9.150,13,abc1705
3109,16146613,Oliver,"2026-06-01 15:07:28",9.150,2,wangzn0410
3110,16148514,olougern111,"2026-06-01 18:53:22",9.150,2,olougern111
3111,16150949,"Jiyong Kim","2026-06-02 03:04:04",9.150,5,jiyongkim11
3112,15946026,Dec20B,"2026-06-02 02:41:15",9.150,11,xupeng9702
3113,16154825,"Jiayi Du","2026-06-07 13:08:34",9.150,15,jahyee
3114,16105500,"CHEN YUXUAN","2026-06-25 03:33:04",9.150,12,chenyuxuan020117
3115,16206012,"Petits Enfoirés","2026-06-03 20:00:23",9.150,1,petitsenfoirs
3116,16282363,MinghaoFu0609,"2026-06-10 00:14:33",9.150,2,minghaofu0609
3117,15908225,!!!!!,"2026-07-14 09:36:10",9.150,11,forgakki
3118,16472306,symmys,"2026-07-28 10:12:41",9.156,2,toasthink
3119,16267121,"Rohit Gurung","2026-07-28 05:35:54",9.162,77,"rohitgrg,suvayashrestha"
3120,16404046,"Goutham Varma Indukuri","2026-07-21 22:47:45",9.167,2,gouthamvarmaindukuri
3121,16186148,嵇禄lugent,"2026-06-11 03:53:27",9.175,11,lugent
3122,16395658,"Алексей Пахомов","2026-06-20 23:36:36",9.175,1,whofromfriends
3123,16583001,"Abhimanyu R B","2026-07-28 06:30:56",9.179,9,abhimanyu122
3124,16427995,"Abolfazl Vaezi","2026-07-05 10:58:38",9.184,8,abolfazlvaezi
3125,16297970,"Zeyu Feng","2026-06-13 04:04:48",9.226,3,zeyufeng
3126,16443218,monbayashi,"2026-07-05 11:58:33",9.232,7,monbayashi
3127,15974383,"Chirag Desai","2026-07-27 21:03:55",9.233,77,cid007
3128,16242724,Pavlichenko,"2026-06-28 22:23:35",9.236,10,shionpavlichenko
3129,16594637,ChrisDavis,"2026-07-27 19:38:01",9.250,6,alpacas
3130,16320402,Ryuuga89,"2026-07-26 16:31:50",9.257,12,"bossaertsvincent,harukikasamatsu,ryuuga89"
3131,16131829,Morbius108,"2026-06-23 10:43:03",9.263,27,akash108
3132,16421070,"Lu Mingming","2026-07-28 12:10:17",9.268,13,mming0430
3133,16434701,yirmiüçellidokuz,"2026-07-17 11:51:16",9.269,4,truthisneverlinear
3134,15876408,Qixiu,"2026-05-21 01:34:34",9.273,34,lantingguo
3135,16300921,"Maksim Kostritsya","2026-06-11 16:08:04",9.273,3,maksimkostritsya
3136,16485293,Михаил,"2026-07-05 05:30:14",9.278,4,jazzyflavor
3137,16031524,shineminkhant31,"2026-05-25 08:21:30",9.294,10,shineminkhant31
3138,16535441,OSELCOUN,"2026-07-22 17:53:57",9.300,10,vibekaggler
3139,16582881,"Jared Floersch","2026-07-23 06:24:34",9.309,2,jaredfloersch
3140,15902796,"Manushina Svetlana","2026-06-13 00:14:31",9.312,27,manushinasvetlana
3141,16360394,"Hiroki Deutsch","2026-07-11 13:29:53",9.319,29,hirokideutsch
3142,16605379,ZetX_Zephyr,"2026-07-28 18:49:02",9.319,5,zetxzephyr
3143,16079023,perchik228,"2026-05-30 19:56:27",9.324,13,perchik228
3144,16543142,"Vedant Gupta","2026-07-23 08:46:19",9.329,16,vedantgupta070
3145,15929654,suguuuuu,"2026-05-29 22:54:36",9.336,14,sugupoko
3146,15908843,Alfaxad,"2026-05-20 16:06:45",9.341,30,alfaxadeyembe
3147,16007785,"Son Pham","2026-05-18 15:17:47",9.355,3,sonphamorg
3148,16018848,yamanoue_sinbee,"2026-07-11 21:57:57",9.359,3,yamanouesinbee
3149,16449628,"Chuong Phung","2026-07-03 18:33:15",9.360,12,chuongpo
3150,16110373,"Julien Genzling","2026-07-14 09:33:20",9.362,10,juliengenzling
3151,15948553,mins0_0,"2026-05-29 14:44:24",9.374,12,mins00
3152,16386968,LazyCoder,"2026-07-01 05:00:57",9.374,17,thanhcao
3153,15874926,Justus,"2026-06-10 18:16:39",9.384,88,justus0
3154,15876812,Ko,"2026-07-28 07:18:09",9.388,80,komurase
3155,16177495,"Ivan Tretyakov","2026-06-03 03:56:07",9.390,1,hopeofchange
3156,16443957,"Noussair Mighri","2026-07-27 17:00:01",9.396,34,noussairmighri
3157,15940119,"seeker wind","2026-05-26 06:43:06",9.401,23,seekerwind
3158,16417684,shahram,"2026-07-13 00:16:26",9.404,31,shahramk61
3159,15928884,BNBU_group7,"2026-05-16 18:31:10",9.407,10,"brittanybnbu,jinyishan,pepperfan"
3160,16555220,wataru420,"2026-07-28 04:28:28",9.409,35,wataru420
3161,16092080,"Jie Li","2026-05-30 21:52:45",9.417,9,drjieli
3162,15870955,"Byron Odhiambo","2026-06-14 07:29:01",9.418,28,byronodhiambo
3163,15864976,"Shamil Yagiyayev","2026-05-17 20:35:55",9.426,45,thegrey
3164,16331311,cryptozenith,"2026-06-17 03:41:48",9.430,6,cryptozenith
3165,15883372,"Divyam Singh","2026-07-11 07:45:48",9.433,4,"divyamsingh2356,manishmodak"
3166,15923561,jayhun,"2026-05-22 03:48:36",9.436,2,cyberzzhhss
3167,15873555,"Crystal Wong","2026-05-25 06:17:53",9.438,4,crystalwong01
3168,15884088,wuxi,"2026-05-29 09:04:47",9.438,41,wuxi223
3169,15934942,lanyangyangdangdachu,"2026-05-21 10:37:28",9.438,10,lanyangyangdangdachu
3170,16029488,"Maman Salto","2026-06-02 11:00:23",9.439,8,saddamaditya
3171,15864975,Arpit1Bansal,"2026-07-19 16:01:13",9.440,11,arpit1bansal
3172,16051421,"David Pupăză","2026-05-31 11:16:21",9.441,43,davidpupaza
3173,16444085,"Yuri Viazovetskyi","2026-07-12 11:41:27",9.442,13,face1e55
3174,15866487,"Lucas Henrique Mateo","2026-07-20 23:45:41",9.448,9,lucashmateo
3175,16603727,lxmjlove1,"2026-07-28 01:55:13",9.449,1,lxmjlove1
3176,15882626,watszo,"2026-05-25 10:30:26",9.450,22,watszo
3177,15867022,"Svanik Kolli","2026-05-24 14:22:38",9.450,78,svanikkolli
3178,15911567,らすはる,"2026-05-23 17:10:14",9.458,44,yamashita
3179,16064375,Yuki_Kaneko,"2026-06-02 06:27:27",9.470,24,yukikanek0
3180,16211097,"hardik rathod","2026-06-11 04:48:57",9.473,15,hardikrathod001
3181,16219866,"Silvio Delgado","2026-07-15 19:58:18",9.476,2,caelix
3182,16514258,"Pioneer 3","2026-07-24 03:47:27",9.477,13,sigint
3183,16376821,"Sravan phani kumar","2026-06-19 18:17:38",9.478,9,sra1phani
3184,15939187,"samuel tan","2026-07-27 15:00:14",9.478,35,simingtan
3185,15865884,"Berkay Özkan","2026-06-03 12:44:35",9.478,20,berkayzkan
3186,15863636,Xz,"2026-05-17 01:43:10",9.479,9,xiaoz259
3187,15865028,"Scott Willis","2026-05-22 01:13:34",9.481,44,scottgwillis
3188,15947404,RoTSL,"2026-06-12 07:52:03",9.482,32,rbrtsl
3189,16572327,"Aditya Aryan","2026-07-20 18:43:34",9.487,3,adityaaryan526
3190,15868685,"Juan Arturo Gutiérrez Aguilar","2026-05-19 13:53:19",9.488,3,jarturo
3191,15972917,"yingtao sun","2026-05-18 01:15:01",9.490,7,yingtaosun
3192,16095874,dCoder30,"2026-06-12 20:31:52",9.490,10,aayushsalvi
3193,15868847,Abhi,"2026-05-28 16:59:51",9.491,46,abhijeet45
3194,16023369,Han,"2026-05-24 08:04:46",9.492,11,han21400
3195,16101991,"Yuya Sakaguchi","2026-06-01 22:31:53",9.492,6,yuyasakaguchi
3196,16561231,zky张开元ool,"2026-07-19 13:59:23",9.494,3,zkyool
3197,15933129,"youich wada","2026-05-22 11:34:29",9.495,1,youichwada
3198,16090171,BAILW,"2026-05-31 09:30:51",9.496,9,baimatubama
3199,16170316,HongweiLuan,"2026-07-09 18:00:20",9.496,60,hongweiluan
3200,15910324,jhjLog,"2026-05-29 01:36:26",9.502,26,jhjlog
3201,15886799,StudyExchange,"2026-06-02 17:01:17",9.504,24,studyexchange
3202,16549429,ashsah,"2026-07-26 23:33:35",9.505,7,ashsah
3203,15929346,cry,"2026-05-18 06:00:38",9.508,6,shangyuanfeimali
3204,16537016,VinhNguyenTha,"2026-07-14 09:49:58",9.509,2,vinhnguyentha
3205,15865144,"Dharun Prasanth S","2026-06-02 07:49:31",9.510,13,diversedharun
3206,15889132,"Mohamed abdelrazik","2026-05-25 16:50:12",9.510,9,mohamed3abdelrazik
3207,16031749,"Thin Nwe Soe","2026-05-25 06:41:24",9.511,12,thinnwesoe
3208,15870353,Lz7_129,"2026-07-22 09:38:52",9.512,25,lz7129
3209,15908928,"Sohail Khan","2026-06-04 08:44:51",9.515,7,sohailkhanlml
3210,16589390,"Kerem çelik","2026-07-25 06:57:31",9.517,8,keremelik
3211,16572110,"Paweł Jankiewicz","2026-07-20 21:39:59",9.518,2,paweljankiewicz
3212,16259258,Seiya939500,"2026-07-26 13:49:29",9.520,21,seiya939500
3213,16603758,yuki0731,"2026-07-28 10:29:27",9.521,6,yuki0731
3214,16232490,RLSalvi,"2026-06-05 09:23:07",9.521,2,rlsalvi
3215,16328949,"Matthew Huang","2026-06-23 22:18:22",9.527,15,matthewwh
3216,16568968,"mina wailin","2026-07-28 11:53:44",9.530,7,minawailin
3217,16282607,KaustubhGharat0415,"2026-06-10 00:58:06",9.533,3,kaustubhgharat0415
3218,15995750,Rensyu,"2026-05-22 13:57:54",9.535,7,rensyu
3219,16508634,"Alejandro Gómez","2026-07-28 12:18:34",9.536,26,alejandrogomez1
3220,16046235,Moyuan_neko,"2026-05-30 09:24:13",9.537,5,moyuanneko
3221,16062219,senroku,"2026-05-27 11:12:11",9.544,11,senroku
3222,16534109,"the A","2026-07-18 03:59:38",9.545,4,dariushafshar
3223,15960980,Frank_LH,"2026-05-14 10:32:51",9.548,3,franklh
3224,15908413,dfedukovvvv,"2026-05-23 13:05:46",9.553,12,dfedukovvvv
3225,16056008,dgasgfdafga,"2026-05-25 06:03:21",9.556,4,dgasgfdafga
3226,15967537,"Aurora Rabbit","2026-05-21 14:03:59",9.556,9,nghiahoangtrung
3227,16033079,Jubido,"2026-05-25 13:07:38",9.558,15,jubido
3228,16586454,theguitar,"2026-07-24 17:04:34",9.559,2,theguitar
3229,16607973,jacekwl,"2026-07-28 06:41:08",9.560,2,jacekwl
3230,16549869,YIWutong,"2026-07-19 07:30:22",9.562,5,yiwutongg
3231,15869034,"jose mata","2026-05-20 08:50:24",9.563,14,kaligulas3456778900
3232,16252208,"Jing Lulu","2026-06-29 11:18:50",9.564,3,jinglulu
3233,15868075,🔥🦫📿🗽,"2026-05-25 06:51:42",9.566,2,datafad
3234,16117352,Ridao,"2026-05-30 07:13:48",9.566,1,caucasus15
3235,15924921,ArynRajani,"2026-05-18 18:07:02",9.567,13,arynrajani
3236,15935925,Lwen1243,"2026-05-15 07:36:42",9.567,7,lwen1243
3237,15915557,"Deepak Chaudhari","2026-07-26 06:18:31",9.571,27,deepxchat
3238,15996565,"Sirapoap Thamthum","2026-05-29 02:05:02",9.577,33,sirapoapthamthum
3239,16438487,"Michal Ulias","2026-07-21 01:39:51",9.578,10,michalulias
3240,16560670,allenWuuu66,"2026-07-20 19:42:52",9.581,5,allenwuuu66
3241,15867431,Zacchaeus,"2026-05-22 01:18:26",9.583,20,zacchaeus
3242,15869979,M.Choisuren,"2026-05-25 06:27:43",9.588,30,choisuren
3243,15950958,Andrij,"2026-05-25 16:18:27",9.588,2,aikhmelnytskyy
3244,15874145,tyuyoshi,"2026-05-23 06:50:09",9.591,54,hasegawatsuyoshi
3245,15948078,BJJWWANG,"2026-05-16 06:11:04",9.592,16,bjjwwang
3246,16209063,lyhlyh,"2026-05-20 07:00:55",9.594,14,"lyhyh123,matianyuu"
3247,15882408,GGbond,"2026-05-23 14:26:40",9.594,3,dalilalala
3248,15867396,geeknik,"2026-05-30 00:03:34",9.595,32,geeknik
3249,16426617,"Jonas S","2026-07-28 17:04:49",9.595,15,grefna
3250,16039933,"Sercan Yeşilöz","2026-07-14 13:03:37",9.599,7,sercanyesiloz
3251,15892312,moeuuu,"2026-05-23 01:53:09",9.600,13,moeuuu
3252,15949026,"Zhong Lyu","2026-05-21 04:23:12",9.601,24,zhonglyu
3253,16322968,"Shih Hua Chou","2026-07-19 07:08:48",9.601,15,shihhuachou
3254,15865769,"Prometio Group","2026-06-09 19:03:49",9.604,63,"kimberleyduran,sebastiangil00"
3255,15868445,"Day After Day","2026-06-28 03:25:46",9.605,20,linkinpony
3256,15914877,"Dhairya Jaswani","2026-05-19 22:03:32",9.606,18,dhairyajaswani
3257,16100122,"Zheng Yukun","2026-06-01 05:45:52",9.606,7,zhengyukun08
3258,15989859,Troyxxf,"2026-05-26 14:42:14",9.609,22,troyxxf
3259,15892632,"Joy Boy","2026-05-18 01:46:50",9.610,21,arpitsingh2744
3260,16490943,Raiden.B,"2026-07-09 15:43:57",9.612,6,raidenb
3261,16025001,ZhaorongDai,"2026-05-24 00:24:13",9.613,28,zhaorongdai
3262,15866570,"G karthik koundinya","2026-05-18 15:26:58",9.617,33,gkarthikkoundinya
3263,15994373,Sanjay_Arvind,"2026-05-28 04:48:39",9.617,30,sanjayarvind
3264,16425392,kdylky,"2026-07-21 05:05:18",9.620,18,kdylky
3265,16102328,Lio,"2026-05-29 21:00:49",9.622,5,motive
3266,15896679,UT,"2026-05-31 09:46:08",9.622,21,umedatomoki
3267,15922995,Momoo,"2026-05-22 02:48:03",9.622,36,lizhiiii
3268,16603878,Squid,"2026-07-28 11:23:13",9.622,10,tkasasagi
3269,15943731,"Ken Ohshimo","2026-05-29 08:14:32",9.624,13,kenohshimo
3270,15890146,"Paulo Pinto","2026-05-21 16:44:37",9.625,16,paulorzp
3271,15949571,"Mohit Sharma07","2026-05-13 18:05:30",9.627,4,mohitsharma07
3272,16039966,Big_Hammer_zz,"2026-06-30 04:23:21",9.627,4,bighammerzz
3273,16566804,"Nicholas Daal","2026-07-20 02:45:05",9.628,1,nicholasdaal
3274,15880472,"Hem Viramgama","2026-05-12 09:28:23",9.631,7,hemviramgama
3275,15967253,Arturklik,"2026-05-26 03:09:25",9.633,42,"arturklik,bitmann0"
3276,16000531,TedTian66,"2026-05-24 02:29:06",9.635,1,"sylvanas9527,tedtian66"
3277,15914588,william.wu,"2026-05-14 18:08:18",9.635,19,wuwenmin
3278,15890918,torrreeesss,"2026-06-01 04:08:03",9.637,12,torrreeesss
3279,16117394,"Md. Iqbal Hossain","2026-07-22 03:56:58",9.638,4,mdiqbalhossainjoy
3280,15882907,burgundy,"2026-05-13 02:14:17",9.638,15,burgundy
3281,16270213,"Danny Bai","2026-06-09 08:24:32",9.640,2,"dannybai,soleilkk"
3282,15885929,Hibat,"2026-05-18 10:26:11",9.640,15,hibaterrahmendjecta
3283,16377214,js,"2026-06-25 18:34:06",9.640,6,legdend
3284,16051355,"Htet Naing","2026-05-31 00:52:47",9.641,25,javelin1991
3285,15884600,shadowmask1130,"2026-05-19 12:51:27",9.642,9,shadowmask1130
3286,15996582,Bidhendi,"2026-06-14 16:12:22",9.644,12,ajbidhendi
3287,16055287,"Adam Vajda","2026-05-23 11:40:46",9.646,3,vajdad4m
3288,16512040,GumJum,"2026-07-10 13:11:27",9.647,7,gumjum
3289,16490138,matcha110,"2026-07-28 05:37:08",9.648,16,matcha110
3290,15908101,"Alexandru Tanasel","2026-05-22 14:12:49",9.650,5,tanasel
3291,15871344,dsafdsaf132,"2026-05-21 06:40:44",9.653,9,dsafdsaf132
3292,15972530,"Adarsh Sharma","2026-05-30 09:34:21",9.654,20,adarsh5harma
3293,16296944,dataleon,"2026-06-15 00:08:41",9.654,5,at3191
3294,16575426,"Mur Zwi","2026-07-25 16:16:41",9.655,5,murzwi
3295,16403471,Tenchi-t,"2026-06-29 00:57:56",9.657,17,tenchit
3296,16131092,yankang_XZK,"2026-06-01 10:08:59",9.657,5,yankang233
3297,15968590,Stencil,"2026-06-11 21:50:15",9.659,24,carlosarmeromoneo
3298,15985299,"Antoine Passemiers","2026-05-30 18:44:15",9.661,6,antoinepassemiers
3299,16269741,"Shaan Patankar","2026-06-11 16:33:17",9.662,3,shaanpatankar
3300,16055248,U29oYW0gU2Vu,"2026-05-24 05:23:10",9.664,1,theawesomecoder
3301,15899316,"Simon Makumi","2026-05-27 15:48:35",9.664,24,mufasasimon
3302,16098267,BrownMar,"2026-05-28 07:30:11",9.665,1,brownmar
3303,15945382,wfzvic,"2026-05-19 11:36:54",9.666,14,wfzvic
3304,15947938,mutant2001,"2026-05-14 21:47:47",9.667,8,mutant2001
3305,15863589,Victor3113,"2026-05-20 03:50:23",9.667,29,victor3113
3306,15868155,"Johnson Chishimba","2026-05-14 22:02:33",9.669,22,johnsonchishimba
3307,15868566,"Clark Kitchen","2026-05-22 00:32:01",9.670,12,clarkkitchen
3308,15935708,Yallon,"2026-05-14 05:19:14",9.671,2,yangq369
3309,15999555,"Koki Nozawa","2026-05-17 05:30:39",9.672,1,noza198
3310,16533249,"Alberto Luengo","2026-07-26 22:53:33",9.673,9,albertorkive
3311,15934365,"Shubham Vaghasiya","2026-05-17 05:57:11",9.679,13,shubhamvaghasiya
3312,16387310,"Wenqi Zhou","2026-07-24 08:00:36",9.679,13,wenqizhoualan
3313,16079776,"Swapnil Tripathi","2026-05-28 00:42:12",9.680,3,swaptr
3314,16488288,Guest21222,"2026-07-14 05:38:25",9.681,7,guest21222
3315,15875385,"Yoshimura Koei","2026-05-27 07:48:41",9.685,27,yoshimurakoei
3316,16011366,Spark3,"2026-05-30 13:25:53",9.689,11,yomisys
3317,16281171,"Sarvesh Talele","2026-06-16 15:18:42",9.690,9,sarveshtalele
3318,16139245,Flow3ry,"2026-06-01 06:15:10",9.691,1,flow3ry
3319,15870917,"Raphael Malikian","2026-05-14 09:34:03",9.693,2,raphaelmalikian
3320,15996256,"Tugay Abdullazade","2026-05-17 12:51:10",9.695,3,tuqayabdullazade
3321,16086009,Diganta,"2026-05-26 18:13:28",9.702,3,digantabhattacharya
3322,15895990,yanqiangmiffy,"2026-05-26 04:40:28",9.704,46,quincyqiang
3323,15904686,kaggle_白,"2026-05-17 04:22:33",9.704,14,asdfghasdf
3324,16157695,"Aliaksei Kaliutau","2026-07-18 17:41:52",9.705,4,akaliutau
3325,16552877,patchmeifucan.ko,"2026-07-28 04:00:13",9.705,6,tiktoktrendz
3326,15994125,iamlonely,"2026-06-03 08:54:05",9.707,6,iamlonely
3327,16382755,Causality,"2026-06-20 17:01:15",9.707,4,valuequant
3328,16285860,kakuteki,"2026-07-27 11:48:27",9.708,4,kakuteki
3329,16559649,"Cate James","2026-07-27 11:02:40",9.709,10,catejames
3330,16089890,takoihiroaki,"2026-06-12 00:17:33",9.711,4,takoi55
3331,16008078,LLLL,"2026-05-27 07:54:32",9.712,17,"lllyuaa,sepiris"
3332,15910598,moss,"2026-05-18 05:02:54",9.712,32,kenyashimizu
3333,15880430,"Hiromune Wada","2026-05-13 09:32:01",9.717,4,hiromunewada
3334,16162146,Gurto,"2026-07-11 19:22:38",9.718,25,garettomholt
3335,15899900,"Master Teo","2026-05-14 01:03:36",9.719,19,sirteo
3336,15926879,Sankaran-Techjays,"2026-05-14 05:38:34",9.719,7,sankaranrajendran
3337,16038517,"Kaung Hset Hein","2026-05-26 06:42:13",9.719,5,kaunghsethein
3338,15970402,"Maxim Danilov","2026-05-24 17:35:37",9.719,6,thypogean
3339,15864719,"Descendants of General Giap","2026-05-28 14:59:48",9.720,33,bibanh
3340,15874100,UOM_190471C,"2026-05-19 05:27:26",9.721,30,uom190471c
3341,15891936,"Lei Wang","2026-07-28 15:10:25",9.721,117,cherylwang
3342,15865790,Valentina,"2026-07-26 10:24:33",9.725,40,valecc
3343,16092005,J,"2026-06-03 08:20:37",9.727,11,zhoujiachen
3344,16046307,soramame0311,"2026-05-22 08:02:54",9.727,1,ano12pmo
3345,16209001,"mert bk","2026-06-07 04:19:59",9.728,16,mertbk
3346,15875152,"Proteek Chaudhuri","2026-05-18 08:23:02",9.729,14,proteekchaudhuri
3347,15938758,"Dmitry V","2026-05-12 13:10:12",9.733,1,sam1dy
3348,15881569,Ahjin,"2026-07-13 14:13:43",9.738,26,megsharma
3349,15916644,Reexel,"2026-05-13 10:39:31",9.738,15,ky7240
3350,16581839,BioSJ,"2026-07-25 02:24:51",9.743,4,jiangwuguang1
3351,16158928,ry2525,"2026-06-02 14:54:57",9.745,1,ry2525
3352,15880816,mango,"2026-05-24 07:52:56",9.745,1,mango789
3353,16022558,Milo777,"2026-05-23 19:00:13",9.747,5,milo777
3354,15901315,TinuMalik,"2026-05-19 03:16:12",9.749,13,tinumalik
3355,15864555,"Aleksandr Zakharov","2026-05-15 18:21:16",9.751,1,fanich71
3356,15981744,"Alister Luiz","2026-05-15 07:41:47",9.754,1,alisterluiz
3357,16450061,"zsw issac","2026-07-21 04:34:20",9.755,21,zswissac
3358,16254191,"Nishant Agrawal","2026-07-27 18:56:41",9.756,2,imw0lf
3359,16071257,"Marcelo Destefani","2026-06-18 10:02:34",9.761,35,destefanim
3360,15867772,"Thach Ninh","2026-05-15 12:27:42",9.765,18,thachninh
3361,16070530,"kuroda ryosuke","2026-06-04 16:02:31",9.771,3,kurodaryosuke
3362,15920750,"Ignasi Alemany","2026-05-28 10:34:36",9.773,21,ignasialemany
3363,15950728,Glitch,"2026-06-28 18:05:02",9.774,52,"beegee11,saumy25,singhharkirat47,tanuj1850,tejassinghkhurana"
3364,15897466,"Emile Andrieu","2026-05-18 13:09:39",9.775,5,emileandrieu
3365,15892021,JinchengZhang1,"2026-05-17 10:38:30",9.778,2,jinchengzhang1
3366,16118902,"Varun Rao","2026-05-31 08:46:14",9.778,3,varunraosfanlkan
3367,16018478,"Matt graham","2026-05-27 22:43:20",9.782,8,mooseml
3368,15996045,Atreus,"2026-05-18 01:10:06",9.782,3,evangele
3369,15868082,hahahaj,"2026-05-28 09:41:54",9.784,9,"gongyuting,hahahaj"
3370,15950285,jamrclem,"2026-05-19 09:38:26",9.785,4,jamieclements
3371,16005694,Tensor,"2026-05-18 23:04:54",9.785,9,ivankallio
3372,15870993,"tensor choko","2026-05-18 23:31:56",9.785,3,tensorchoko
3373,15908381,"Rayyan Khattak","2026-05-14 08:30:19",9.790,9,imaprobro321
3374,15871731,"Zhesheng Xu","2026-05-15 11:09:28",9.791,10,ericxu0924
3375,15894051,akane,"2026-05-22 04:29:42",9.792,15,nagataakane
3376,16070229,"Alexander Karpich","2026-07-10 07:13:38",9.793,28,lambdaterm
3377,16054375,Liovinajo,"2026-05-30 08:41:09",9.795,26,liovinajo
3378,15970851,"ahmed cherif","2026-06-01 18:20:34",9.797,18,ahmedcherif19111998
3379,16018111,"Iaroslav D.","2026-05-19 02:05:32",9.799,1,zhjckfd
3380,15901177,Impact_Makers,"2026-05-31 16:07:17",9.800,10,"haridoss31,nithinnivhar,pravinkannan18,sivasudharsanb"
3381,15912989,"Raja Sai Vardhan","2026-06-04 18:50:16",9.801,15,rajasaivardhan
3382,15870977,"Krishna Priya","2026-05-30 18:53:19",9.802,12,krishnapriya18
3383,15936673,Krecik,"2026-05-24 18:19:39",9.803,9,igorkolodziej
3384,15885057,codylee,"2026-05-11 15:35:26",9.804,2,techsaswata
3385,15984391,Renfy,"2026-05-18 13:01:20",9.809,8,renfly
3386,16464589,"pavan Medarametla 6","2026-07-25 20:59:07",9.809,18,pavanmedarametla6
3387,15866322,ONODERA,"2026-05-12 14:08:52",9.812,6,onodera
3388,16053570,"Le Van Khoa","2026-05-23 07:02:24",9.812,2,khoalevan37
3389,16070563,"Nannicha Phraemetta","2026-05-25 12:31:17",9.814,3,nannichaphrapersonal
3390,16116101,MakiMakiAi,"2026-05-30 12:40:31",9.817,3,makimakiai
3391,16103130,JosephMontana,"2026-06-04 01:02:27",9.817,10,josephmontana
3392,15894665,"Aloïs Simon","2026-05-17 05:28:31",9.818,10,alossimon
3393,16023281,"Kyaw Nanda Thu","2026-05-23 09:45:21",9.819,7,kyawnandathu
3394,16019525,Mark`n,"2026-05-27 02:46:19",9.820,1,masarusanada
3395,16016616,"Ryosuke SHIMIZU","2026-05-30 10:59:43",9.820,11,tttgazerttt
3396,15890042,ulasdesouza,"2026-05-26 00:43:04",9.821,16,ulasdesouza
3397,16020298,Bayarbat,"2026-06-29 07:24:34",9.821,4,baba1230
3398,16538530,"ayutin tin","2026-07-14 06:51:14",9.826,3,ayutintin
3399,15938050,eyui1128,"2026-05-23 14:35:46",9.828,11,eyui1128
3400,16253054,Walker,"2026-06-09 16:53:17",9.833,1,walkerwulbern
3401,16366096,"José Manuel Rodríguez Vélez","2026-07-23 16:27:58",9.834,18,marthinal
3402,15871286,おちゃ,"2026-05-31 16:30:16",9.839,10,ocha4728
3403,16510329,"bryte Sikazwe","2026-07-11 22:35:19",9.842,2,brytesikazwe
3404,16007414,"Scenery SunFireInk","2026-05-25 13:51:47",9.844,4,scenerysunfireink
3405,15864667,AnpAn_Men,"2026-05-13 15:39:50",9.847,2,anpanmen
3406,16513512,JAB100,"2026-07-14 18:42:52",9.847,19,jab100
3407,15870379,"sampath bharath","2026-05-24 06:09:30",9.849,17,sampathbharath
3408,15868525,"Ravindra kapse","2026-05-26 04:24:51",9.849,17,ravindrakapse
3409,15908240,"Marcin Jarosz","2026-05-17 18:15:51",9.852,20,mjarosz
3410,15947464,"Anupam Singh122","2026-05-15 09:09:11",9.853,1,anupamsingh122
3411,15868186,Malespero,"2026-05-19 13:43:38",9.855,6,malespero
3412,15969887,CalyxNZ,"2026-05-15 00:02:48",9.857,6,domengland
3413,16100728,Metropolis40,"2026-06-05 10:15:19",9.858,6,metropolis40
3414,15892460,Ansarsky,"2026-05-12 10:33:01",9.859,19,ansarsky
3415,16005826,"Ben Jenkins","2026-06-08 12:00:20",9.868,9,"benjenkins96,jgschaefer,stevejenkins"
3416,15881059,akihiro,"2026-06-30 12:47:54",9.868,43,akihirokkkkk
3417,16114627,Murppp,"2026-05-31 20:46:46",9.869,2,murppp
3418,16057102,"Euro Pochvasin Parinyaprach","2026-05-24 12:01:59",9.871,4,europarinyaprach
3419,15924790,Feza,"2026-06-17 03:55:39",9.872,3,tunadeniz
3420,15864533,"Mrutyunjay Joshi","2026-05-16 17:42:41",9.873,4,mrutyunjayjoshi
3421,16045563,JJShadow,"2026-05-22 00:59:50",9.874,1,rvslight
3422,16086111,Venkat,"2026-05-27 16:50:17",9.876,1,venkatnallapu
3423,15877899,"Ayush Gupta #2","2026-05-12 17:31:00",9.878,4,ayush500
3424,16438181,"Lev AKA","2026-07-28 14:14:06",9.879,29,levaka
3425,16479658,"Koki Funahashi","2026-07-24 11:59:11",9.879,15,funashi
3426,15974804,"Alessandro Virga","2026-06-06 21:24:52",9.881,20,alessandrovirga
3427,15984981,WentJiao,"2026-05-25 07:58:13",9.884,16,bigbigclever
3428,16059539,"Macaulay Oladimeji","2026-06-01 20:43:33",9.887,19,macaulayoladimeji
3429,16077021,Yufeng,"2026-05-25 23:56:25",9.888,1,mxtennet
3430,15916870,"Horikita Saku","2026-06-02 13:06:04",9.890,4,horikitasaku
3431,16111558,"Vandana Pathania","2026-06-09 17:15:44",9.892,2,vandanapathania
3432,16129473,kurota0612,"2026-06-28 23:14:12",9.895,9,yuichit
3433,15914500,"Eslam Elokpy","2026-05-13 13:30:50",9.898,5,eslamelokpy
3434,16478016,"Jaeseung Yang","2026-07-06 13:50:01",9.902,10,jaeseungyang
3435,16595440,linchuhan,"2026-07-25 10:42:44",9.902,5,linchuhan
3436,16380631,"Arkadiy Bagdsaryan","2026-07-27 09:24:11",9.903,15,"arkadiybagdsaryan,maximkirpichev,qrvmil"
3437,15874693,Ichigo_E,"2026-05-26 13:44:55",9.903,6,ichigoe
3438,15897244,"Shigeru Kondou","2026-06-11 04:01:36",9.904,20,shigerukondou
3439,15863651,JeremyH43,"2026-05-26 18:47:06",9.904,43,jeremyh43
3440,15949179,"Etienne Mlt","2026-05-14 14:18:11",9.905,4,etiennemlt
3441,16001592,"Hiroyasu Okuno","2026-07-04 03:55:03",9.908,5,hiroyasuokuno
3442,15866503,"Exalted Joseph","2026-05-12 01:31:50",9.909,1,theexaltedone
3443,16045302,"Dheeraj varma1287","2026-05-24 01:54:50",9.910,3,dheerajvarma1287
3444,15867513,"TABOUT MHAMED","2026-05-18 18:26:54",9.911,13,taboutmhamed
3445,15867627,seven,"2026-06-26 14:59:22",9.911,13,morikawatakeshi
3446,15869530,"Lê Quang Anh","2026-05-10 10:08:29",9.922,2,lquanh
3447,16437962,clawspark,"2026-07-07 09:58:31",9.923,3,clawspark
3448,16009057,Vic710,"2026-05-22 09:28:35",9.925,5,shloksangamnerkar
3449,16400366,叠氮化呐,"2026-07-16 03:38:48",9.927,8,momo9113
3450,16516157,"Andri Darnius","2026-07-28 03:34:14",9.928,21,andridarnius
3451,15902396,"Alpha ROGII","2026-05-22 08:15:51",9.928,5,"chiragmc,udaysonawane"
3452,16119939,Syf-KAF,"2026-06-22 03:56:00",9.934,3,sunyifankaf
3453,15967225,YangJun@123,"2026-05-18 02:53:23",9.934,2,yangjun123
3454,15870556,"Emir Akdogan","2026-05-08 19:36:09",9.935,15,ahmetemirakdogan
3455,16586468,"Fredrick Underwood","2026-07-28 02:33:26",9.935,12,fredrickunderwood
3456,15869201,zhenglei_001,"2026-06-28 09:31:31",9.936,3,zhenglei001
3457,16443277,"Aleksandr Nagaev","2026-07-08 12:27:42",9.945,22,kelagan
3458,15871414,"Trying to do better","2026-07-06 17:50:10",9.946,2,huanhkv
3459,16104592,"Alem Amenov","2026-05-31 15:48:17",9.946,6,alemamenov
3460,15874407,"Chattso-GPT (Yasuhito Yanagisawa)","2026-05-18 02:53:29",9.949,6,yasuhitoyanagisawa
3461,16141904,fuyo1622,"2026-07-11 11:25:54",9.949,14,jack10519
3462,15908929,"Yield Smarter","2026-07-15 15:00:02",9.950,9,yieldsmarter
3463,16110331,Chriz,"2026-05-30 08:29:42",9.954,2,chrisopherjoshy
3464,16115156,"Franklin Gois","2026-05-31 03:53:15",9.954,2,franklingois
3465,16027263,Baptiste_74,"2026-06-04 17:12:00",9.956,7,baptiste74
3466,16058935,"Ismail Umar Ajingi","2026-05-25 07:36:16",9.958,6,ismailumarajingi
3467,15873529,"John Scanlan","2026-05-20 21:49:44",9.959,25,johnscanlan
3468,15913627,ianchute,"2026-06-24 23:53:37",9.961,12,ianchute
3469,16135756,"khang nguyen","2026-05-31 17:53:02",9.963,1,niraitoo
3470,16426321,SGY2512,"2026-07-28 01:21:48",9.964,62,sgy2512
3471,15947790,"Sergei Tikhonov","2026-05-13 12:28:14",9.964,1,stkhnv
3472,15897718,NeckBeard,"2026-05-13 12:21:17",9.965,19,akihiroorita
3473,15890852,Hayalet,"2026-06-04 11:43:18",9.971,53,ssabribb
3474,16049181,Todo_M_Mame,"2026-05-23 01:35:23",9.971,4,titanic12
3475,16365462,"SOHAM PAHARI","2026-06-22 15:37:33",9.973,5,suhanxd
3476,15943066,Natsu0909,"2026-06-17 22:08:23",9.975,6,natsu0909
3477,15914864,"Anselm Adrian","2026-05-12 16:55:55",9.976,2,anselmadrian
3478,15988634,npetitclerc,"2026-06-07 09:13:14",9.981,7,npetitclerc
3479,15923179,yukanglimofficial,"2026-05-13 01:26:32",9.982,3,yukanglimofficial
3480,15875454,"LAHOUCINE BOUSMENE","2026-05-23 18:41:53",9.986,32,fadmadahouz
3481,15970747,brexe,"2026-05-25 14:15:12",9.988,19,"brexit,mouradyoussoufi"
3482,16591711,"Ashton da goat","2026-07-28 08:31:52",9.991,2,"ashtondagoat,ray2008z16"
3483,15899332,PxlPau,"2026-05-27 03:26:16",9.992,9,studybeetutoring
3484,15878262,"[Deleted] d443de30-52af-4a0a-893d-30de20d365d5","2026-05-13 23:13:06",9.995,16,del=47107fb6b7d3ce01
3485,15863680,ducnh279,"2026-07-13 19:27:47",9.996,13,ducnh279
3486,16495301,isps,"2026-07-20 14:30:34",9.998,4,isps737
3487,15965810,nazorazaja-v10-twin-torbo,"2026-05-16 08:00:08",9.998,8,"lordnawazx,soradacroi"
3488,15930207,"Simona Gradinaru","2026-05-19 13:18:08",9.999,2,simonagradinaru
3489,16033184,"moncef elm","2026-07-28 12:01:38",10.003,6,moncefelm
3490,15892836,"Bekhzod Olimov","2026-05-19 08:26:38",10.005,8,killa92
3491,16487258,brianiac-star,"2026-07-05 18:25:22",10.007,2,konichiwasepogaichi
3492,16020942,shadow-boxing,"2026-05-24 13:58:52",10.008,1,jerrywu0605
3493,16045026,"Nikita Stepochkin","2026-05-31 20:21:13",10.008,12,nikstep
3494,15913689,"Gaurav Upreti","2026-05-25 06:56:11",10.009,9,"kwakuwiredu,reaper0ai"
3495,16079487,"Pembek Anton","2026-05-26 05:50:32",10.009,1,pembekanton
3496,16064856,"Younes Hlal","2026-05-27 13:51:45",10.010,2,youneshlal
3497,15877638,"Vietnam - Nguyễn Hoàng Anh","2026-05-26 00:39:12",10.011,15,hoanganhjuu
3498,15879832,Justin,"2026-05-11 17:00:53",10.011,2,justin2009
3499,15921689,"Sudhir Sude","2026-05-30 09:55:07",10.013,20,sudhirsude
3500,16136452,Asim,"2026-06-02 18:24:21",10.014,6,aiwagan
3501,15984072,Loong,"2026-05-31 13:15:45",10.015,8,fullname852
3502,15938502,Xuan_,"2026-06-17 10:23:14",10.016,23,jdiame
3503,15911477,"vineet dairashri","2026-05-19 08:36:10",10.017,13,vineetdairashri
3504,15915624,KarlYH,"2026-05-29 16:43:43",10.020,14,karlyh
3505,16022477,"Soichiro Shido","2026-07-08 02:46:04",10.021,6,soichiroshido
3506,15992744,"Pietro Maldini","2026-05-16 08:53:44",10.022,1,pietromaldini1
3507,16024265,"Hani Edy","2026-05-26 18:41:14",10.022,1,haniedy
3508,15892152,"sixue yang","2026-05-16 03:33:33",10.025,16,sixueyang
3509,15889027,"Jacob Aldrich","2026-05-20 22:56:38",10.028,12,jacobaldrich
3510,16108582,"Nelson Mganga","2026-06-04 10:05:32",10.031,2,nelly43
3511,16014529,"Kushal ","2026-06-04 08:36:49",10.033,10,kushal0412
3512,15992727,Eissam.0,"2026-05-22 20:36:22",10.033,2,eissam0
3513,16053329,"Wenchong Huang","2026-05-24 05:59:59",10.035,3,wenchonghuang
3514,16159772,"Rihito Nagamatsu","2026-07-04 02:56:31",10.038,12,rihitonagamatsu
3515,15876968,"Brandon Khuu","2026-07-05 21:00:19",10.049,13,brandonkhuu
3516,16247860,"koh gyeol","2026-06-07 07:28:37",10.053,2,kohgyeol
3517,16022964,zoro9292,"2026-06-23 14:08:44",10.053,93,zoro9292
3518,15868644,laudari,"2026-06-11 08:04:55",10.055,11,laudari
3519,15865935,"Adam Lee81","2026-06-02 19:20:17",10.058,25,adamlee81
3520,15873054,TAKMADA,"2026-05-28 08:49:12",10.058,31,takmada
3521,15911027,"Matthew Degtyar","2026-05-15 16:58:23",10.063,11,matthewdegtyar
3522,15914459,digimagi,"2026-07-04 00:16:40",10.070,26,digimagi
3523,15922212,johnny,"2026-05-29 05:39:35",10.071,4,jonykarki
3524,16386756,BaiYuBY,"2026-06-18 23:35:48",10.074,5,baiyuby
3525,16437545,ando,"2026-07-05 10:56:54",10.076,2,andoshunsuke
3526,16132401,Ridako,"2026-06-01 05:37:42",10.076,1,narumifujii
3527,15969356,karankk80406,"2026-07-22 08:55:11",10.077,94,karankk80406
3528,15938737,Noah.Weill,"2026-05-12 13:30:14",10.079,2,noahweill
3529,16086246,"Maxence Gérard","2026-07-14 11:24:11",10.082,15,mgerard
3530,16260171,toruneko,"2026-06-16 09:59:29",10.085,11,toruneko
3531,16034544,"Francesco N.","2026-05-23 22:26:32",10.088,3,y99dr4s1ll
3532,15875282,shinya,"2026-05-17 05:51:05",10.088,14,shinyanagai123
3533,16291947,Alvaro,"2026-06-12 10:46:10",10.089,7,alvaroma
3534,16448546,"Andrija Ikovic","2026-07-05 19:53:28",10.094,1,andrijaikovic
3535,15865968,"Jiayu Li","2026-06-02 01:09:50",10.095,26,jiayuli32
3536,15864266,"Chen Nora","2026-07-17 09:51:40",10.096,3,chennora
3537,16090725,findshan,"2026-05-29 06:26:32",10.098,7,findshan
3538,15868597,"Rushank Choksi","2026-05-13 17:40:09",10.098,1,rushankchoksi
3539,16016865,"Team Mellstroy","2026-05-20 15:55:42",10.100,7,bibisorobabydjon
3540,16127488,"Priyanka Sanjana","2026-06-04 08:09:59",10.103,10,"priyankanidadavolu,sanjanasangarimella"
3541,16443861,"Haruto Saiki","2026-06-29 16:18:57",10.103,1,haruto031903
3542,16132086,K-shir0,"2026-05-31 12:05:40",10.103,1,kshir0
3543,16042094,Kristian,"2026-06-01 15:41:34",10.105,6,aldisued
3544,15894892,khursani,"2026-05-15 06:44:20",10.106,19,khursani8
3545,15896136,Azhi,"2026-05-13 07:10:46",10.106,17,azh1sdad
3546,16051008,larry,"2026-05-22 18:26:02",10.107,4,larry141186
3547,16404326,"Tyler James","2026-07-25 22:03:22",10.118,9,jmidski
3548,16109704,PGFLMG,"2026-06-04 07:25:48",10.121,10,pgflmg
3549,15991468,"Jun Ideal","2026-05-23 15:16:52",10.123,3,junideal
3550,16144048,YuriMIyamori,"2026-06-06 00:30:07",10.129,13,yurimiyamori
3551,16081239,n,"2026-06-01 22:00:55",10.129,3,fokinna
3552,16073954,"André Brasil","2026-05-27 14:02:16",10.131,1,abvwmc
3553,15925934,"Pann Chobkitchakarn","2026-06-08 04:47:36",10.133,24,pannchobkitchakarn
3554,15897552,sladwet,"2026-05-14 10:53:46",10.134,11,sladwet
3555,15872018,Ares,"2026-05-30 11:33:01",10.139,15,"charlie1018,wangzikai666"
3556,15874417,"Evan Arlen","2026-07-12 08:11:16",10.140,19,evanarlenhandy
3557,15910513,"Rizky Anugrah Ananto","2026-05-25 09:15:10",10.140,11,rizkykiky
3558,16463379,"Sehyun Kim","2026-07-05 16:12:20",10.141,7,sehyunkim34
3559,15868602,"Mooo Yuan","2026-05-12 08:00:43",10.141,9,moooyuan
3560,15917387,"Oskar Seweryn","2026-05-16 15:18:34",10.142,6,oskarseweryn
3561,16013526,Windprince29,"2026-05-26 01:52:31",10.142,4,windprince29
3562,15868576,"Seungmin Ha","2026-05-12 13:54:13",10.147,5,seungmin2987
3563,15898590,reez12g,"2026-05-09 01:18:03",10.149,1,reez12g
3564,15868085,"Yu_Krxfo _","2026-05-11 14:41:36",10.153,13,yukrxfo
3565,16197303,"Manoj Guduru","2026-07-28 05:21:00",10.154,11,manojguduru
3566,16483180,"Paulo Pinheiro Pereira","2026-07-06 11:54:06",10.156,3,paulopinheiropereira
3567,15869672,"ML MAVERICKS","2026-06-03 12:59:42",10.157,9,"anbuselvans7,ashwinanarendrakumar,gughangugu,kishorenarayanansr,varshinidevaraju7"
3568,15876720,"Karnakbayev Artur","2026-05-17 19:45:55",10.159,22,karnakbaevarthur
3569,16418525,cha7ura,"2026-07-04 06:31:44",10.159,10,cha7ura
3570,16035071,"Blessing Mwiti","2026-05-28 03:54:04",10.161,30,blessingmwiti
3571,15892022,"Yanggong Chi","2026-05-18 13:45:38",10.162,6,yanggongchi
3572,16440519,"Sam Dumont","2026-07-02 07:31:02",10.166,12,samdumont
3573,16288216,WenZiTong,"2026-07-03 06:17:59",10.166,8,"renyingyan,wenzitong"
3574,15988405,DarkLayer​,"2026-05-25 07:03:53",10.172,16,nnpaopao
3575,16366898,"Поздняков Сергей (ШАД)","2026-06-16 20:07:44",10.173,4,serfg3232
3576,15867183,"Abrar Chowdhury","2026-05-30 19:29:00",10.175,11,abrarchowdhury
3577,15871041,qizhenguo,"2026-05-31 17:38:57",10.177,21,qifei121243121243
3578,16555876,Fumitozzo,"2026-07-16 16:39:06",10.178,1,investorfum
3579,15881150,001,"2026-05-09 17:20:14",10.181,3,"calebchandrasekar,rister101,stharundhatri"
3580,15930773,anzy,"2026-05-12 12:32:38",10.184,2,anmolsin
3581,15872970,"Amit Kumar","2026-05-27 09:05:22",10.188,11,amitkr97531
3582,15955018,"Aflah T P","2026-05-14 14:18:17",10.193,1,aflahtp
3583,16533131,CCandAA,"2026-07-18 09:58:43",10.196,9,"hongzhicong,mlaa18"
3584,15868242,tuannm3812,"2026-06-10 15:27:55",10.197,9,tuannm3812
3585,15866533,"Mohammad Dehghanmanshadi","2026-05-15 15:44:52",10.201,1,mohammaddehghan
3586,15922992,"Ali Afzal","2026-05-16 01:12:23",10.201,1,aliafzal9323
3587,15916744,"SAHIL AGRAWAL","2026-05-11 08:38:57",10.207,2,sahil1605
3588,16489475,"Sima Yi","2026-07-08 23:11:44",10.208,6,aceplayer11
3589,16093742,Pawan4545,"2026-05-27 16:28:33",10.208,1,pawan4545
3590,15867050,"shrenik JADHAV9394","2026-05-10 00:36:38",10.212,2,shrenikjadhav9394
3591,15881289,jasy,"2026-05-29 10:02:27",10.217,71,jasythecoder
3592,15889599,Clyde,"2026-05-19 04:06:49",10.217,3,clyde7470
3593,15903312,キンミヤ,"2026-05-18 04:56:50",10.220,16,jaeeon2020
3594,16572058,akifcankilic,"2026-07-20 13:48:21",10.220,3,akifcankilic
3595,16012957,"Jacobo Martin","2026-05-18 18:17:42",10.222,1,jacobomartin
3596,16487949,Kohecchi,"2026-07-13 12:29:33",10.226,6,kohecchi
3597,16412196,"Haoyu Jiang","2026-07-21 02:57:05",10.228,4,jianghaoyu68
3598,16029047,goodfox,"2026-05-21 02:58:27",10.229,3,goodfox
3599,15868809,"( ͡° ͜ʖ ͡°)","2026-06-28 13:56:19",10.231,3,truonghoang
3600,16389759,"xy0v0 zhang","2026-07-14 19:01:03",10.235,10,xy0v0zhang
3601,15866700,"AYEGBE JEAN-NOEL DJAHOUA","2026-05-10 17:07:40",10.236,5,ayegbejeannoel
3602,15887856,"manish nadella","2026-05-29 15:03:39",10.236,7,manishnadella
3603,16112248,"Zhennan Wan","2026-06-07 14:48:08",10.238,2,zhennanwan
3604,16050360,Cafelatte1,"2026-05-27 06:33:51",10.241,11,cafelatte1
3605,16325702,"Cengizhan Tümer","2026-06-13 17:42:24",10.242,3,cengizhantmer
3606,16033497,Moeeee,"2026-05-28 07:50:08",10.245,5,"namsiunhon,vunnguyen"
3607,15880556,"K.THARUN KUMAR","2026-07-26 14:18:28",10.253,8,tharunkumar369
3608,16057186,shibuyaboy,"2026-06-10 04:42:01",10.253,2,kanarienet
3609,15948220,"Baseer Shah","2026-07-13 21:20:50",10.256,25,baseershah
3610,15867837,"Jonathan Roy","2026-05-14 11:48:10",10.260,25,jonathanroy7
3611,15920823,jackykchan,"2026-05-11 15:53:22",10.262,3,jackykchan
3612,15936439,washida,"2026-05-13 15:19:17",10.264,1,washida
3613,16558115,Junnosukeqqq,"2026-07-23 06:30:17",10.265,7,junnosukeqqq
3614,15926932,Wirasasmita,"2026-05-13 02:06:04",10.267,1,saktiwirasasmita
3615,16366320,"suzy su","2026-07-26 13:36:29",10.268,13,suzysu997
3616,15944949,tacorice,"2026-05-26 06:17:10",10.269,1,atagiyuya
3617,15877209,"Saurabh Raj Varma","2026-05-10 16:41:08",10.270,1,saurabhrajvarma
3618,16451600,"Akshay Mathur","2026-07-27 12:45:13",10.273,23,akshaymathur777
3619,16559956,Brian74804,"2026-07-20 16:55:42",10.274,6,tsengchienchih
3620,15923761,"Kaid Duong","2026-06-11 22:52:28",10.277,11,kaidduongcl
3621,16080658,冰镇大西瓜,"2026-05-31 10:34:48",10.279,15,xiguahaochi
3622,15866584,"Chen Peng","2026-05-13 21:58:56",10.279,14,"echoltao,pengchzn"
3623,16039784,"Tâm Tống Trọng","2026-05-21 14:43:48",10.295,1,tmtngtrng
3624,16289627,tuannm3823,"2026-06-10 21:47:04",10.299,3,tuannm3823
3625,15865504,"Jason Karpeles","2026-05-17 05:08:27",10.301,5,jasonkarpeles
3626,16385347,xtcpete,"2026-07-25 00:06:05",10.313,2,"mingxihu,xtcpete"
3627,15865532,KaneDean,"2026-05-18 01:20:47",10.314,15,kanedean
3628,15914617,tytmcp,"2026-06-03 12:42:39",10.315,9,"kittonn,nakanishiwataru,narutakanomura,rikusasaki,sota1204"
3629,16220137,"OKA Shunri","2026-07-12 07:10:24",10.320,3,okashunri
3630,16511919,"Changzhi BAI","2026-07-24 00:05:04",10.327,2,changzhibai
3631,15873291,"Sandro Paradžik","2026-05-20 23:22:54",10.329,7,sandroparadik
3632,15986424,UncleWKTK,"2026-05-18 12:44:48",10.330,11,unclewktk
3633,15918920,amarbabu228,"2026-05-11 16:34:58",10.330,4,amarbabu228
3634,15930891,PiKaaa,"2026-05-14 19:58:48",10.334,16,pikaaa
3635,16066934,jtelcc,"2026-06-04 21:26:44",10.338,9,jtelcc
3636,15867688,"Ovie Odeimor","2026-05-10 16:18:48",10.339,9,ovieodeimor
3637,15962440,gougou1,"2026-06-06 17:31:36",10.343,28,gougou1
3638,16283265,maru2481632,"2026-06-16 17:03:10",10.349,5,maru2481632
3639,16585256,lanqiaofeng,"2026-07-28 12:11:31",10.358,7,lanqiaofeng
3640,16251749,"Sailor Ren","2026-07-22 07:51:22",10.361,9,sailorren
3641,16430532,"Hongbin Guokaggle","2026-07-19 16:11:31",10.361,15,hongbinguokaggle
3642,16474004,"Samir Hossain","2026-07-05 08:49:50",10.367,11,samirhossain099
3643,16584160,"Tushar Kaushik","2026-07-24 09:30:16",10.369,9,tusharkaushik
3644,16442487,zhiyue666,"2026-07-18 12:39:38",10.372,11,zhiyue666
3645,15918270,Auravana,"2026-05-10 15:57:18",10.378,2,fountainheadle
3646,16559501,3dpointcloud,"2026-07-18 09:08:10",10.382,1,pointcloud3d
3647,16402236,Challenger,"2026-07-25 11:54:56",10.383,35,bassamabdellatif
3648,15871537,Suienish_KZ,"2026-05-11 10:15:41",10.387,2,suienishmirambekov
3649,16289793,koooeo,"2026-06-16 11:31:26",10.387,1,koooeo
3650,16061723,"Kim Hyun Bin","2026-06-21 15:27:53",10.393,12,kimmik123
3651,15868562,"Đăng Trương Hải","2026-07-18 14:06:53",10.395,3,ngtrnghi
3652,15866539,"pencil red","2026-07-26 17:05:58",10.396,10,pencilred
3653,16094673,"Roger Park","2026-05-28 06:02:15",10.405,3,rogerpark
3654,15938554,"Nickson Mwamsojo","2026-07-23 18:39:14",10.416,27,nicksonmwamsojo
3655,16412080,sci-shi,"2026-06-24 23:31:44",10.416,2,scishi
3656,16110366,"Gabriel Oliveira","2026-06-07 00:50:46",10.417,9,gabrieloliiveira
3657,15868894,"Hồng Bảo Đoàn","2026-05-09 07:56:26",10.418,8,hngboon
3658,15869300,"Ravi Shah11","2026-05-13 04:25:10",10.428,6,ravishah11
3659,16115771,kozaczki,"2026-06-25 12:17:33",10.430,16,drlukasz
3660,15902905,"Timo Diehm","2026-05-23 21:17:24",10.430,3,timodiehm
3661,15902415,"Amit Verma","2026-05-10 13:10:47",10.432,1,amitverma24
3662,15869003,Kh0a,"2026-07-02 07:21:09",10.434,21,llkh0a
3663,15871588,Amit_K_Singh,"2026-05-11 19:20:52",10.445,20,amit005
3664,16532863,"Dalia Mowafy","2026-07-26 22:37:37",10.446,23,daliamowafy7
3665,15867340,ZAOUI_Yassine,"2026-07-09 10:34:30",10.449,11,zaouiyassine
3666,15942966,"Sergey Kahn","2026-05-21 16:54:40",10.453,4,sergeykahn
3667,15871098,"ANKIT AGARWAL","2026-06-08 13:54:23",10.459,13,ankwall223
3668,15929137,BillyBoyPA,"2026-05-21 14:10:34",10.462,4,billyboypa
3669,15881833,"Buchan Liang","2026-05-09 02:18:00",10.463,11,buchananliang
3670,15877881,"Rob Schieber","2026-06-22 19:39:20",10.466,79,robschieber
3671,16143718,Ace1727,"2026-06-06 07:48:36",10.478,10,ace1727
3672,16466033,"Blue #2","2026-07-02 07:41:52",10.479,7,cheney12
3673,15867733,lyx0217,"2026-07-26 15:22:13",10.493,6,bojackkk
3674,15879425,"Mayobanex Santana","2026-06-15 22:34:18",10.498,3,mayobanexsantana
3675,15921238,Jason-Oh,"2026-05-11 18:19:34",10.502,3,dossantoss
3676,15884630,"ran yi li","2026-05-09 11:24:03",10.507,6,ranyili
3677,16411087,ryo,"2026-07-19 21:02:54",10.510,13,ojimaryoji
3678,15979693,AlexanderMolinar,"2026-06-09 21:48:19",10.512,5,molinarfamily2010
3679,16272672,"Bhuvan Nallamothu","2026-07-09 00:32:46",10.514,4,bhuvannallamothu
3680,16559058,"Vadim Soin","2026-07-27 09:44:09",10.522,2,vvsoin
3681,16464144,"Liu Mingxi","2026-07-24 13:32:12",10.524,12,ypypypyp4
3682,16362417,"Alexander Drennan","2026-06-20 04:52:42",10.526,13,alexanderdrennan
3683,16289330,"Tom Eto","2026-06-20 09:23:30",10.532,1,tometo
3684,15932988,ITK8191,"2026-07-20 00:15:57",10.533,2,itsuki9180
3685,16133909,"Jacek Poplawski","2026-06-17 20:43:35",10.535,27,jacekpoplawski
3686,15909459,float_dream,"2026-05-13 15:53:37",10.538,4,floatdream
3687,15865314,skaak,"2026-05-28 05:59:10",10.543,18,mgferreira
3688,16160562,alekh,"2026-06-12 23:56:45",10.548,6,aleksanderhan
3689,16131638,"Holley Alfred","2026-07-26 15:55:06",10.552,21,holleyalfred
3690,16299412,"Matvei Nizovsky","2026-07-17 07:34:51",10.553,8,"matveinizovsky,sabyralymbekov"
3691,15868415,ianwulalala,"2026-06-11 08:03:46",10.553,22,ianwulalala
3692,16146032,"Ilia Solomatin","2026-06-02 09:28:19",10.554,1,iliasolomatin
3693,16442149,"Ron Zehavi","2026-07-03 10:16:19",10.565,1,ronzehavi
3694,16306369,"Mist Qingyu","2026-06-13 03:31:27",10.575,5,mistqingyu
3695,16281643,Claudmaxxing,"2026-06-11 19:03:33",10.577,2,antoinedescamps123
3696,15867365,"José Manuel Echevarría Rubio","2026-05-29 06:26:39",10.587,10,jechevarriar17
3697,16292217,"Timothy Yu","2026-06-12 19:43:42",10.601,1,locomotim
3698,15864273,"Nikita Shevyrev","2026-06-09 19:10:33",10.611,24,nikitashevyrev
3699,15892145,simple,"2026-05-09 01:24:18",10.615,2,weekendt
3700,16491846,JDow76,"2026-07-16 01:54:10",10.616,9,jdow76
3701,16337772,"Hugo Gauvrit","2026-06-22 13:01:52",10.622,16,hugogauvrit
3702,15872320,JuseTiz,"2026-07-22 14:17:11",10.635,4,jusetiz
3703,16392906,"David kinyanjui","2026-07-27 08:06:31",10.641,16,davidkinyanjui
3704,15869718,"Jay Prajapati","2026-05-30 14:17:43",10.645,38,coderjay
3705,15985313,Yuchen20,"2026-06-28 20:43:38",10.647,2,yuchen2066
3706,16412426,"Sami Almuaigl","2026-07-09 05:41:56",10.647,29,samialmuaigl
3707,16582659,Cassell,"2026-07-28 04:36:16",10.648,4,meirbekz
3708,15874570,aditya_mangla11,"2026-05-09 16:22:01",10.660,4,adityamangla11
3709,15883229,rickzai,"2026-05-19 04:39:35",10.661,10,rickzai
3710,16416846,"Yung Brawlers","2026-07-27 17:39:55",10.675,10,"dmitriigromak,mironoxxxy"
3711,15872117,"Zeshan Akber","2026-05-22 04:49:29",10.683,13,zeshanakber
3712,16548540,"Daniel Kim","2026-07-16 07:07:49",10.693,2,danieljhkim
3713,16539792,"Xi Ran","2026-07-14 16:48:49",10.693,2,ranxi169
3714,16500568,weimean,"2026-07-19 19:56:55",10.699,24,gtwm98
3715,15864335,"AJINKYA CHINTAWAR","2026-05-08 20:50:59",10.704,7,ajinkyachintawar
3716,15937321,shouun,"2026-06-10 02:07:18",10.717,25,shouun
3717,15864244,"Ansh Kushwaha","2026-07-04 07:54:02",10.719,12,anshkushwaha
3718,16238821,"Adwait Tarpe","2026-07-14 10:56:57",10.725,2,adwaittarpe
3719,15864632,"Abhishek Yadav","2026-05-09 14:26:21",10.729,8,abhishekyadav2597
3720,16148079,alejandroradisic,"2026-07-13 16:05:50",10.730,10,alejandroradisic
3721,16255855,Zooom,"2026-06-10 12:24:02",10.749,7,zoooom
3722,16544138,JorDea,"2026-07-16 21:50:20",10.753,3,jordea
3723,15941167,"EMMANUEL ODEDELE","2026-07-15 15:27:19",10.755,2,emmanuelodedele
3724,15910372,Galza98,"2026-05-14 15:07:43",10.757,9,galza98
3725,16108554,"Robin Smits","2026-06-20 08:24:45",10.772,9,rsmits
3726,16038300,Chiranjith,"2026-06-12 13:07:52",10.781,9,chiranjithdharma
3727,15866459,"Abdul Malik Ajibade","2026-05-18 13:13:30",10.782,3,abdulmalikajibade
3728,16444372,"Abdishakur Mohamed Ali","2026-07-12 02:28:03",10.784,20,abdishakurm
3729,15890106,"Raphael Alte","2026-07-27 12:23:33",10.784,6,raphaelalte
3730,16012137,"Nicolas Bridelance","2026-05-22 08:24:24",10.790,2,nbridelancetb
3731,15946790,"Ulrich G.","2026-07-08 22:11:34",10.793,10,ulrich07
3732,15867354,"LEVAN KANKADZE","2026-06-10 05:35:46",10.794,7,synchrocyclotron
3733,16257067,mkeriy,"2026-07-23 09:33:41",10.797,20,mkeriy
3734,16115471,"ChinWei Kuan","2026-06-16 07:30:51",10.801,5,chinweikuan
3735,16265303,"Pansheng Chen","2026-06-11 07:38:42",10.809,6,panshengchen
3736,16534461,"Tsingyuan ","2026-07-22 01:44:52",10.811,1,tsingyuan
3737,16335683,"Boopsy bopsy","2026-06-19 02:52:02",10.811,11,alexknvl
3738,15908662,minghigh,"2026-05-30 06:55:11",10.813,8,minghigh
3739,16568988,peter_22,"2026-07-28 14:24:02",10.817,7,ssah2025
3740,16440832,KENT430,"2026-07-27 13:15:42",10.829,9,kent430
3741,16096739,橙子,"2026-06-09 16:40:38",10.834,5,isaacliew
3742,15898736,mzl13,"2026-05-09 15:27:23",10.837,1,mzl1978
3743,15878930,sidgaur92,"2026-05-09 19:03:32",10.838,3,sidgaur92
3744,15889069,"Hiếu Trần Trung","2026-05-09 22:15:24",10.840,13,iamtrunghieu
3745,16487801,"Gleb Kuryanov","2026-07-07 04:40:48",10.841,2,glebkuryanov
3746,15882685,Yijue1,"2026-05-10 04:03:26",10.841,5,yijue1
3747,15869481,"Ian L","2026-05-10 02:05:18",10.841,9,ianleonardo
3748,15928924,"Charwis Reno","2026-05-13 18:52:10",10.844,1,charwisreno
3749,16256394,"Harry Zhong","2026-06-12 05:57:44",10.845,2,wendywilliamszhong
3750,16566225,RovleZ,"2026-07-20 01:20:58",10.867,5,rovlez
3751,16282303,"Lennart Paduch","2026-06-10 15:08:33",10.869,6,lennartpaduch
3752,16079798,"xavier fernando","2026-05-29 09:29:23",10.870,5,xaviertce
3753,16486160,JacobAI,"2026-07-07 18:49:45",10.875,2,jacobai2
3754,16153240,Saisiddharthpapasani,"2026-06-11 10:02:31",10.877,5,saisiddharthpapasani
3755,15880800,------------下等马分界线------------,"2026-05-09 10:25:18",10.879,3,aaawenxu
3756,15865336,Theerawit,"2026-05-10 10:25:50",10.884,2,theerawitplukmontol
3757,15893975,"KITAURA Soki","2026-05-20 01:31:14",10.889,20,kitaurasoki
3758,15894293,"Naman Singh","2026-05-30 18:20:18",10.897,3,namansingh15
3759,16098245,gxxxx_20,"2026-06-11 06:05:53",10.904,6,gxxxx20
3760,16434637,"Saunak Das Chaudhuri","2026-07-28 15:04:41",10.918,22,saunakdaschaudhuri
3761,16437978,"Arseniy Kalashnikov","2026-07-17 17:29:54",10.935,5,arseniykalashnikov
3762,15864932,"David Foster","2026-06-26 08:35:02",10.939,7,davidfoster
3763,16303762,"Abid Munna","2026-07-26 16:59:02",10.942,1,abidmunna
3764,15867120,"Gamer LTDA","2026-05-10 07:15:51",10.948,12,gamerltda
3765,15928059,Reina,"2026-07-18 04:20:50",10.959,46,reina20xx
3766,16412010,"Norman Neira","2026-07-24 19:15:41",10.965,9,normanneira
3767,16440652,"Temidara Sodeinde","2026-07-26 13:07:59",10.969,16,temidarasodeinde
3768,15995078,"Vivek Raj Anand","2026-05-23 22:19:05",10.974,13,vranand
3769,15951167,@luke,"2026-06-19 03:45:17",10.975,12,loukaspritsas
3770,16459489,"y sasa","2026-07-05 01:38:20",10.976,4,yukisasagawa
3771,16004023,vishnut,"2026-05-26 16:22:36",10.985,2,tpjvishnuvardhan
3772,16541339,Kagentle,"2026-07-19 06:45:16",10.995,8,underestimated
3773,16590900,imakiire,"2026-07-24 09:55:43",10.997,3,imakiire
3774,16432852,"Zhengru Li","2026-07-11 09:27:28",11.000,1,leechengju
3775,16594578,Staratnyte,"2026-07-26 15:19:04",11.000,8,staratnyte
3776,16559275,"Joan Bitutu","2026-07-26 19:44:23",11.023,5,joanbitutu
3777,16285281,Beta,"2026-07-01 15:40:07",11.032,6,ste1nsgate
3778,15868217,"Sahaj Deep Singh","2026-07-20 12:23:48",11.045,6,sahajdeepsingh9877
3779,16295429,Lawrence,"2026-06-13 11:57:54",11.049,5,lan13005
3780,16536666,"Adrian Martinez 1111","2026-07-27 04:04:44",11.058,10,adrianmartinez1111
3781,15988696,Alb_bat,"2026-06-16 16:40:33",11.061,26,alberto1492
3782,16517568,"Yulong Yang","2026-07-25 07:54:54",11.064,4,yulongt
3783,16233384,julymarc,"2026-07-11 21:36:32",11.064,21,julymarc
3784,16421791,MLNomads,"2026-06-24 16:22:01",11.069,6,skywolfmo
3785,16601868,"Gagan David ","2026-07-28 15:12:10",11.083,11,gagsy17
3786,15874963,"Mitsuhiro Iizuka","2026-06-08 15:14:57",11.101,20,mitsuhiroiizuka
3787,16429385,"Yigit Kayali","2026-06-30 18:45:43",11.107,5,yigitkayali
3788,16098116,"Sumant chakravarty","2026-06-08 17:40:23",11.110,4,sumantchakravarty
3789,15977523,CARMEN.AI,"2026-06-10 16:29:07",11.115,17,carmenai
3790,16515265,"Ling Li","2026-07-18 15:13:08",11.129,11,lingster
3791,15872148,"Atsuto SHIMADA","2026-07-13 13:03:25",11.129,6,atsutoshimada
3792,15991553,Pacifista,"2026-05-31 09:41:49",11.131,8,ruma3ruma3
3793,15868776,"Ahmad Alfian Faisal","2026-05-22 01:36:13",11.131,2,ahmadalfianfaisal
3794,16403806,javed,"2026-06-21 00:59:33",11.138,3,jakkaj
3795,16535474,"Nipun Weerasinghe","2026-07-12 16:37:55",11.141,1,nipunweerasinghe99
3796,16490279,loren,"2026-07-05 13:48:15",11.144,1,alloren
3797,15888803,Miker,"2026-05-10 09:26:16",11.144,9,miker1
3798,16247598,AioRaito,"2026-07-25 05:39:53",11.146,1,aioraito
3799,15911908,kuruma,"2026-05-18 18:22:47",11.147,10,takuroazuma
3800,16491276,Jagan,"2026-07-22 07:57:08",11.153,20,jacjagan
3801,16304036,hhhhhhh,"2026-07-04 22:06:36",11.154,13,mateomangialomini
3802,15916731,"Patryk Wolny","2026-07-12 14:06:25",11.160,34,patrykwolny
3803,16025969,FarahsD,"2026-07-27 18:35:30",11.166,97,farahsd
3804,16051982,"japjeet singh","2026-06-01 05:10:30",11.172,12,japjeet26
3805,16310942,"Nishchay Mahor","2026-06-15 05:04:27",11.180,3,nishchay01mahor
3806,15931696,buaazwb,"2026-05-13 03:56:29",11.185,3,buaazwb
3807,16444379,"Md. Asif Hossain","2026-07-18 18:07:39",11.191,10,sabuktagin
3808,16048651,"Sabreen Elkamash","2026-07-26 20:52:48",11.214,59,sabreenelkamash
3809,16278104,"Chris Spears ","2026-06-13 13:36:13",11.226,8,chrisspears
3810,16104796,"Tendai Chikake","2026-06-29 10:56:07",11.230,22,tendaichikake
3811,15889805,"Wenxi Huang","2026-05-08 01:59:05",11.231,1,wenxihuang1
3812,16267313,"Anatoly karpov","2026-06-09 21:51:10",11.242,2,kenjimelhem
3813,15876607,"Roshan Rateria","2026-05-15 03:45:05",11.246,15,roshanrateria
3814,16393606,"JunWoo “Junu1229” Kim","2026-07-09 09:49:58",11.247,7,junwoojunu1229kim
3815,15922882,hommamunehisa,"2026-07-06 06:00:13",11.256,21,hommamunehisa
3816,16592084,U_suke,"2026-07-26 02:56:03",11.263,5,usuke4
3817,15881908,邓567,"2026-06-13 14:55:11",11.270,20,deng567
3818,16517577,kumachl,"2026-07-28 09:50:00",11.272,9,kumachl
3819,15881252,Never$,"2026-06-07 16:19:28",11.277,3,matrixneo
3820,16312377,"Willian Rodrigo Schuster","2026-06-19 09:51:00",11.287,7,wrschuster
3821,16485808,Michan22JP,"2026-07-07 03:19:27",11.302,7,michttt
3822,16587288,"Ana Ghindariu","2026-07-27 18:43:11",11.303,2,anaghindariu
3823,16289420,"Shilpa Kangya","2026-07-16 08:21:11",11.312,64,shilpakangya
3824,16473903,ArkadiyB123,"2026-07-05 07:36:38",11.314,2,arkadiyb123
3825,15988670,"STEFAN POPESCU","2026-06-12 05:17:36",11.326,5,stefanpopescu
3826,16584540,quzhihang,"2026-07-28 12:52:36",11.330,7,quzhihang
3827,16540177,bihrain,"2026-07-16 15:40:09",11.333,4,bihrain
3828,16609577,khan,"2026-07-28 12:48:25",11.343,1,khansolov
3829,15867988,"Vikramchandra Alladi","2026-05-09 08:24:38",11.352,11,vikramchandraalladi
3830,15920393,"Mario Nicolae","2026-05-12 05:39:18",11.363,3,marionicolae
3831,16590206,"manas joshi","2026-07-28 14:07:33",11.373,9,justforgags
3832,15953523,"Nischal Patel","2026-07-01 02:39:34",11.374,1,nischalpatel
3833,16609299,"sleeping king","2026-07-28 19:01:54",11.388,1,sleepingking
3834,16392331,"Santipab Tongchan","2026-06-19 07:28:17",11.399,5,santipabtongchan
3835,16582160,fsodogandji,"2026-07-23 16:03:50",11.400,6,fabsod
3836,15919138,cage,"2026-05-11 22:26:36",11.411,4,omerkaangrbz
3837,16248082,"Jon Blanchard","2026-07-19 19:40:51",11.412,61,jonblanchard
3838,16080281,508shuto,"2026-06-27 01:35:00",11.416,1,goyashuto
3839,15890053,noahrolandd,"2026-05-09 19:46:36",11.422,8,noahrolandd
3840,15877659,"Iwa Iwa","2026-07-12 17:43:31",11.426,5,iwaiwa
3841,16384163,NiDrigo,"2026-06-23 22:44:47",11.427,19,"nicoletrindadesouza,rodrigolps"
3842,16481627,"Koki ANDO","2026-07-06 13:47:10",11.432,4,kokiando
3843,15865987,"Ivan Sabev","2026-07-04 12:30:33",11.445,11,ivansabev
3844,16591391,"Mario Cicala","2026-07-26 06:32:46",11.460,14,mariocicala
3845,15943666,AIPractix,"2026-06-29 06:39:16",11.463,14,"duyqtrn,hocamtruc,ndkanh,nqkhai1706"
3846,16052079,Aristeides,"2026-06-02 11:10:19",11.465,30,wolframbopp
3847,16161754,Promissa,"2026-06-11 03:31:28",11.475,7,promissa
3848,16276594,"parth kanani","2026-06-11 10:17:09",11.492,1,parthloglogn
3849,16274232,abcfd,"2026-07-11 02:53:21",11.494,12,matsunagaxxx
3850,16599944,shanmukh,"2026-07-28 05:42:30",11.497,2,shanmukhkool
3851,15975111,Vcp1919,"2026-05-25 03:31:27",11.504,14,vcp1919
3852,16394009,ckyasb,"2026-07-01 14:59:20",11.512,14,ckyasb
3853,16096420,KK172,"2026-06-06 02:29:23",11.516,8,krishnakanth4228
3854,16576890,"adel benmouhoub","2026-07-21 08:50:11",11.517,4,adelbenmouhoub
3855,16343301,AnkumaKaggle,"2026-07-02 23:27:42",11.521,21,ankumakaggle
3856,16376995,keaixiaozhu,"2026-06-18 13:23:39",11.522,8,keaixiaozhu
3857,16001009,"Khalid Mustafin","2026-05-18 22:01:37",11.525,5,welddon
3858,16295710,Mineaholic,"2026-06-24 10:23:09",11.534,43,geojgs
3859,16609301,CasioRecursion,"2026-07-28 16:22:58",11.542,2,casiorecursion
3860,16203944,"Kaloyan Stoyanov","2026-06-03 17:42:12",11.544,1,kaloyanstoyanov
3861,15911774,Álvaro,"2026-06-06 19:22:55",11.552,2,alvaroborras
3862,16532349,"Sunny Kumar","2026-07-28 08:58:29",11.558,24,sunnykumar6203
3863,15882071,K2_codes,"2026-06-03 13:45:05",11.560,8,k2codes
3864,15914570,nilochan,"2026-06-18 12:33:34",11.563,11,nilochan
3865,15880376,"Anim Samuel K.","2026-05-13 12:37:31",11.564,6,animsamuelk
3866,16556781,SherifN,"2026-07-28 15:36:10",11.576,45,sherifn
3867,16260225,Artification,"2026-07-14 18:14:18",11.579,3,shanyiming
3868,16061375,"Pratyush Negi","2026-07-07 09:26:24",11.581,17,pratyushh
3869,15992560,GNR_network,"2026-05-17 15:11:40",11.584,1,gnrnetwork
3870,15872928,"Abdelhafid Ammari","2026-05-24 08:22:27",11.592,25,abammari
3871,16509726,"Prudhviraju Chekuri","2026-07-24 02:04:38",11.594,4,prudhvirajuchekuri
3872,15883261,"Abinesh S","2026-05-12 18:17:21",11.595,4,abineshsdataa
3873,15926175,nanoxas,"2026-05-23 13:04:29",11.595,9,nanoxas0
3874,16596842,rikkei,"2026-07-25 05:15:20",11.598,3,rikkei
3875,16442215,"Govind Sharma","2026-07-03 07:26:35",11.601,6,govindsarswat
3876,16266312,"Abhi #2","2026-07-09 10:00:29",11.606,8,zeroday19
3877,16268719,Pointseal,"2026-07-23 00:58:29",11.622,9,pointseal
3878,15867206,"Andi Hisyam","2026-05-09 02:49:06",11.622,10,"andihisyam,ratihambarask"
3879,16025145,"Shahbaj Latif","2026-07-28 16:19:38",11.628,32,"nasifadnin,shahbajlatif"
3880,16264403,T41K1,"2026-07-10 08:26:15",11.629,5,taiki2
3881,15966156,"Onishchenko Bogdan","2026-07-23 18:42:53",11.633,9,windnict
3882,16441960,"Dmytro Rakovskyi","2026-07-19 07:19:19",11.638,20,dmytrorakovskyi
3883,16068463,Quixotik,"2026-05-28 13:33:16",11.644,12,xiaokangqin
3884,16403186,YinuoChen271,"2026-06-21 15:52:46",11.646,2,yinuochen271
3885,16566284,qwertykeypadapple,"2026-07-20 07:00:59",11.652,5,qwertykeypadapple
3886,15886690,"Dhanush BE","2026-06-24 07:11:50",11.654,3,dhanushbe06
3887,15897774,"Mike Zeng 2009","2026-07-12 10:41:24",11.663,5,mikezeng2009
3888,16461436,"Kirtan Adeshara","2026-07-04 19:14:02",11.667,3,kirtanadeshara
3889,15872423,"Bereketab Bantewesn","2026-05-26 15:44:49",11.668,8,bereketabbantewesn
3890,16390642,"Илья Хейчиев","2026-07-14 19:35:54",11.669,7,kheichiev
3891,16472460,"Exxon Mobil Destroyer","2026-07-02 15:40:12",11.677,5,"aydhin,gouthamk16"
3892,16043592,"michael kruse","2026-05-30 18:09:27",11.704,4,kruser85
3893,16485225,hjhgjhj,"2026-07-12 11:11:06",11.707,22,hjhgjhj
3894,16492067,sorcerer-program,"2026-07-07 05:12:21",11.707,2,sorcererprogram
3895,16408709,Nakano,"2026-07-14 16:42:16",11.715,4,spicatom0914
3896,16566604,"Sposato Analytics","2026-07-27 20:38:15",11.729,12,"marcelosposato,martinsposato"
3897,15901069,"Deeptanush Kapaka","2026-05-10 21:26:24",11.737,9,deeptanushk
3898,15902004,"Erhan Eker","2026-05-13 06:17:49",11.740,11,erhaneker
3899,16073951,"Felipe Matus","2026-06-01 15:44:24",11.750,3,felipematus
3900,15869886,"Hitarth Pandey","2026-05-17 04:01:37",11.752,19,hitarthpandey
3901,16492064,lchen106,"2026-07-08 02:42:00",11.755,6,lchen106
3902,15864404,Orion,"2026-05-19 12:57:47",11.756,8,fastthanh78
3903,15872983,"Niaz Mahmud","2026-06-18 06:15:10",11.762,56,niazmahmud0201
3904,16557727,"Chirapathleo Saelim","2026-07-27 08:17:48",11.772,10,chirapathleosaelim
3905,15988579,ksew364,"2026-05-16 20:35:31",11.775,4,ksew364
3906,15888113,kdrozdov,"2026-07-04 21:05:56",11.781,9,kdrozdov
3907,16600161,"Abhiraj Singh","2026-07-26 09:07:18",11.790,5,cyberdrago
3908,15879018,lanno19,"2026-05-09 10:48:37",11.794,2,lanno19
3909,15908443,"youssef murad","2026-07-22 18:59:12",11.797,51,youssefmurad
3910,16413311,"Bùi Quang Anh","2026-06-26 12:23:22",11.797,14,bqa100507
3911,15904313,"Shuheng(Andy) Cao","2026-05-10 05:21:33",11.814,7,shuhengcao
3912,16592463,"Suzuki Taichi","2026-07-28 03:54:42",11.814,9,"kotaroma,suzukitaichi"
3913,16533721,AKhan02,"2026-07-16 04:41:32",11.816,8,akhan02
3914,16406822,Vaycheslav,"2026-07-06 06:40:38",11.817,10,vaycheslav
3915,15982623,"Dingwen Kong","2026-07-14 00:00:17",11.819,1,dingwenkong
3916,15867105,"Paul Bryan Elefante","2026-07-28 14:14:17",11.824,6,heuljax
3917,16580244,"Hrithik Reddy","2026-07-23 09:46:52",11.828,6,hrithik22122
3918,15978288,adam7,"2026-07-09 04:59:58",11.833,7,a553649508
3919,16253260,batman1314,"2026-07-19 18:42:38",11.836,5,"batman1314,deathstar10"
3920,16131786,OshiRikan,"2026-07-22 07:18:51",11.846,2,perfectoshi
3921,15886393,gogome_Joh,"2026-07-10 02:37:26",11.847,9,mkamijo
3922,16291662,"Will English","2026-06-11 15:31:48",11.849,5,dubascudes
3923,16368637,"Rintaro Horita","2026-06-30 03:37:49",11.849,10,rintarohorita
3924,16448522,blackeyes1200,"2026-07-04 01:05:15",11.849,16,blackeyes1200
3925,16506282,oai,"2026-07-09 09:44:00",11.851,2,jackeson
3926,16545232,ken10ML,"2026-07-15 20:21:32",11.852,7,kensen10
3927,16227256,m_7ammed_surgical,"2026-06-16 19:48:54",11.853,14,"m7ammed2027,m7ammedsurgical"
3928,16563295,MayankSiddharth,"2026-07-19 07:08:50",11.867,2,mayanksiddharth
3929,16445739,hudax18,"2026-06-29 16:48:27",11.869,6,hudax18
3930,15872854,techjays,"2026-05-08 11:19:22",11.888,9,saravanarajanb
3931,15888522,"Aleks Aleksander","2026-06-18 03:15:43",11.890,124,aleksaleksander
3932,15873593,"Tys TANA","2026-06-10 13:28:07",11.900,18,tystana
3933,16603509,"ROG or ROG","2026-07-27 16:13:52",11.902,5,houjinghuang
3934,16533351,"Aditya Gaurav","2026-07-26 11:39:48",11.911,9,mradityagaurav
3935,16256967,pratham042002,"2026-06-13 18:10:52",11.916,7,pratham042002
3936,15864027,"Think different","2026-05-08 00:32:16",11.917,7,tianlemei
3937,15873045,"RENE R GOMEZ","2026-07-11 15:31:09",11.917,38,renergomez
3938,15871653,"rukon uddin","2026-05-07 17:24:54",11.918,5,rukonuddin
3939,16606876,"Debodip Chowdhury","2026-07-27 22:02:51",11.923,1,debodipchowdhury
3940,16217732,"Thang Nguyen","2026-06-05 11:45:58",11.925,3,thangylvp
3941,16260096,KalhanJogireddy,"2026-07-08 05:28:05",11.928,6,kalhanjogireddy
3942,16303983,"Youssef Nader","2026-06-14 19:27:41",11.940,9,gamingconceited
3943,15895410,"Raffi Ardhi Naufal","2026-07-22 23:08:30",11.958,3,raffiardhi
3944,16460495,"Jeswanth Joel","2026-07-03 18:26:02",11.959,11,jeswanthjoel
3945,15871054,Keisuke_kaggle,"2026-06-14 13:20:00",11.961,25,keisukekaggle
3946,16513968,"Jayant Parashar","2026-07-25 11:12:48",11.961,11,jayantparashar
3947,15906027,KriSav,"2026-07-19 07:47:38",11.971,48,madhusmitasahoo
3948,16384975,zhihao2020,"2026-06-19 22:36:13",11.972,2,zhihao2020
3949,16541411,scandk,"2026-07-20 21:19:08",11.979,12,scandk
3950,15870864,HarishNatrajan,"2026-05-12 07:00:12",11.984,13,harishnatrajan
3951,16593682,currypurin,"2026-07-28 16:09:27",11.995,4,currypurin
3952,16585139,"Muhammad Dhiaz Rafilianza","2026-07-23 03:13:24",11.996,2,dhiazr
3953,16315429,Capoo,"2026-06-18 09:12:33",11.999,10,capoocat
3954,16381420,"Laurel Asun","2026-07-06 15:43:07",12.004,1,laurelasun
3955,16309721,安野哲郎（gyokuro00）,"2026-07-28 15:07:05",12.005,65,gyokuro00
3956,16099643,"Pardheev Krishna","2026-05-28 12:30:22",12.007,1,pardheev
3957,16496152,"Maksim Pozdniakov","2026-07-26 17:25:37",12.010,2,maksimpozdnyakov
3958,16099296,YamaIch,"2026-07-16 23:29:46",12.013,5,yamaich
3959,16504464,ashcode1,"2026-07-21 21:30:48",12.015,19,ashcode1
3960,16111088,mec314,"2026-06-15 11:53:05",12.016,4,mec314
3961,16542299,"TAUIL Abd Elilah","2026-07-18 22:42:07",12.017,2,tauilabdelilah
3962,16444249,TaDoPo,"2026-06-28 19:54:41",12.030,5,tadopo
3963,16391898,guymmk,"2026-06-20 07:46:21",12.036,3,guymmk
3964,16473827,"Kanta Hasada","2026-07-14 06:43:21",12.041,4,kantahasada
3965,16606559,"Ivan Zagorulko","2026-07-28 09:38:33",12.042,3,normaldaki278
3966,16361882,亚瑟本x,"2026-07-21 07:21:29",12.046,9,aret123456
3967,16152064,satoharu,"2026-06-30 05:01:31",12.076,14,harukisato
3968,16046530,slolab,"2026-06-12 04:35:36",12.078,18,"fffxide,rabaa28,shogen8192,tjrabo,yokota555"
3969,16448220,"Cazio Sensei","2026-07-14 11:41:25",12.078,12,abdoulazizhamidouba
3970,16390835,"Siddhesh Sathe","2026-06-19 11:22:17",12.080,2,sidcodegg
3971,16440208,"Anton Sotnikov","2026-07-08 13:52:03",12.094,4,antosha1
3972,15926501,jrubiosainz,"2026-06-21 12:11:50",12.102,48,jessrubiosainz
3973,16543077,Soosembly,"2026-07-21 06:39:45",12.108,6,soojinson
3974,16473937,"UEN TINNLEA","2026-07-22 01:39:05",12.109,6,uentinnlea
3975,15872615,Viji,"2026-07-27 14:41:47",12.114,20,viji1609
3976,15936121,"John Park","2026-07-28 08:28:08",12.130,6,johnpark91
3977,16152946,今井伊織,"2026-06-29 07:37:25",12.133,5,tito38121492
3978,15866494,"Noorudheen km","2026-05-08 21:30:09",12.133,5,noorudheenkm
3979,16592805,"Aliy Elbekov","2026-07-25 05:14:55",12.144,4,aliyelbekov
3980,16510975,"malcolm tan","2026-07-10 04:27:01",12.152,1,malcolmtan
3981,16262390,Young,"2026-07-28 10:03:33",12.158,52,tatsuyayamamoto
3982,16285443,BBOGEUN,"2026-06-11 07:21:09",12.158,2,bbogeun
3983,16392460,xzrrooney,"2026-06-28 06:58:41",12.165,12,xzrrooney
3984,16382537,"Bohao He","2026-06-17 16:09:45",12.166,2,bohaohe
3985,15880342,SkySell,"2026-05-07 05:52:30",12.170,3,shin1shiba
3986,16211104,Mlrs,"2026-06-07 04:58:57",12.177,11,"daniilgonchar,thenemez"
3987,15887617,"Mahmoud Abdelsalam","2026-05-15 18:19:43",12.181,12,mahmoudsw
3988,16559654,"Bruce Zheng","2026-07-22 12:35:09",12.201,11,"brucezheng666,syx0711"
3989,15869350,MilanJoshi,"2026-05-08 05:30:38",12.208,8,mlnjsh
3990,15883191,soul,"2026-05-07 07:10:42",12.208,1,soul80
3991,15928847,GoCode,"2026-05-27 17:08:02",12.209,29,"aquariusrt,carlosgomez24,mauriciooffermann"
3992,16083964,MSG_Encrypted,"2026-06-16 21:56:36",12.213,28,msghais
3993,16484003,"Jeffery Jerome Harris","2026-07-21 17:17:49",12.218,9,jefferyjeromeharris
3994,15945594,"Takahiro Katsumata (tkatsuma)","2026-07-28 06:33:18",12.226,3,alextfkd
3995,16214604,Liran,"2026-06-04 15:42:01",12.227,2,benzionl1
3996,16349614,abi,"2026-06-30 08:55:05",12.236,11,abigailxichen
3997,16370488,"Jingyan Li","2026-06-18 08:43:37",12.238,4,amadeuscriss
3998,15871633,"Hassan Mahmoud","2026-05-09 12:51:53",12.238,13,hassanmahmoud94
3999,16571051,GreedyGeeks,"2026-07-21 16:51:07",12.243,3,"mufassa69,sagarteotia"
4000,16117378,isuishi620,"2026-06-10 07:50:24",12.246,16,isuishi620
4001,15944954,Asher407,"2026-06-11 08:47:19",12.249,5,asher407
4002,15866645,"Mixture of Experts","2026-05-07 18:48:39",12.252,1,"aldabergenovv1,armanzhalgasbayev,diaskuatbekov"
4003,16387287,Lithops1112,"2026-06-25 11:09:25",12.258,5,lithops1112
4004,16077515,"Carmen Menism","2026-07-26 02:35:33",12.264,57,carmenmenism
4005,16551876,"Nikita Detkov","2026-07-18 15:31:26",12.265,4,detkov
4006,15867190,"Pavel S.","2026-05-09 03:58:47",12.269,13,pas273
4007,16049900,"Akdeniz EEE","2026-07-28 13:58:56",12.275,22,"serkanpaker,sleymanbilgin"
4008,15893615,wawawawawawawawawa1,"2026-05-13 10:03:08",12.277,13,wawawawawawawawawa1
4009,16498217,GiskardAI,"2026-07-26 05:16:07",12.277,7,giskardai
4010,15913016,HaithamBatneej,"2026-05-17 06:06:00",12.291,12,hbatneej
4011,16141519,SaltyPiggy,"2026-06-04 09:00:22",12.292,1,superstarzlw
4012,16022406,jyama,"2026-07-06 08:15:53",12.307,17,yarukikun
4013,15989529,"Ifon Zhao","2026-05-29 15:27:28",12.315,2,ifonzhao
4014,16471968,"Ahmad Zulfiqar","2026-07-28 00:02:45",12.319,59,ahmadzulfiqar001
4015,16472480,"Mohit Kumar200708","2026-07-03 18:31:48",12.323,4,mohitkumar200708
4016,16134118,"jingliang Z","2026-06-01 16:15:57",12.331,3,jingliangz
4017,16488169,totosasa,"2026-07-08 15:30:59",12.334,2,totosasa
4018,16108098,"Zehra Kübra Çelik","2026-06-10 14:07:20",12.340,8,zehrakbraelik
4019,16308489,phantomguild,"2026-07-08 16:34:27",12.347,2,phantomguild
4020,16131270,xiaoh1024,"2026-06-01 15:54:24",12.355,8,xiaoh1024
4021,15874991,"Ayush Khaire","2026-07-27 07:22:04",12.367,39,ayushkhaire
4022,16538665,Eureka-ST-JP,"2026-07-14 01:50:44",12.372,1,japanesemoneymonster
4023,16590879,"Wang Junnan","2026-07-24 17:00:31",12.376,2,junnan937
4024,16418631,mayfly02,"2026-07-02 14:09:39",12.376,26,mayfly02
4025,15864702,pk,"2026-06-13 21:09:30",12.378,13,parijit
4026,15912948,zera,"2026-06-21 14:56:57",12.381,2,zera12
4027,16569876,"yudai adachi","2026-07-26 17:23:06",12.382,11,yudaiadachi
4028,16574105,ys_material,"2026-07-26 09:39:02",12.385,15,ysmaterial
4029,16251513,"Charlie Craine","2026-06-27 13:28:22",12.387,4,crained
4030,16565989,"Seongmoon Jeong","2026-07-20 11:09:47",12.388,1,seongmoon729
4031,15866851,"Juan Pablo Sampayo","2026-05-08 14:48:20",12.392,11,juanpablosampayo
4032,15875719,"Tuncay Aydın","2026-07-28 13:16:35",12.393,9,"emrekele,muhammedtuncayaydn"
4033,16419089,"Van Binh Nguyen","2026-06-30 07:01:15",12.394,14,vanbinhnguyen
4034,16589403,"Atharva Soundankar","2026-07-23 18:50:27",12.399,3,atharvasoundankar
4035,16557243,senxlj,"2026-07-18 02:40:22",12.404,3,senxlj
4036,15913170,"Gal Weitz","2026-05-10 18:12:19",12.409,2,galweitz17
4037,16591216,"Universal Function Approximator","2026-07-28 05:27:13",12.423,14,fgeeng
4038,16241654,"CHANG CHING-EN","2026-06-14 03:49:23",12.424,7,changchingen
4039,15888202,"k240527 Muhammad Furqan Sheikh","2026-06-12 08:16:43",12.428,40,k240527
4040,16143720,YnsGlç,"2026-07-21 13:27:18",12.433,12,yunusgle
4041,15871596,"Ankan Kar","2026-05-07 14:51:00",12.437,4,zargon
4042,15867619,IesBrazil,"2026-05-27 18:29:45",12.444,1,"allansoaresramalho,aradimo2,isabellenascimento13,rodrigoeiras"
4043,15895597,democatXamer,"2026-05-19 04:04:37",12.444,10,w1326627677
4044,15898746,masahiro,"2026-05-09 11:20:08",12.446,1,masakane
4045,16437333,jongyoon,"2026-06-26 12:20:05",12.446,2,codebricks
4046,15909181,"Evgeniya Dmitrieva","2026-05-10 20:54:37",12.447,2,evgeniyadm
4047,15916031,Bouyan,"2026-05-11 05:08:29",12.447,1,inouebouya
4048,15864825,"AKSHIT Agarwal","2026-05-09 13:15:59",12.448,3,akshitagarwal01
4049,16274039,"Helmi Misbahuddin","2026-07-05 06:48:30",12.450,15,helmimisbahuddin
4050,16016723,"Shubham Raikwar","2026-05-29 06:35:59",12.450,2,shubhamraikwar142
4051,15867395,"Udit Jain","2026-05-08 05:11:48",12.451,16,uditjain13
4052,16605876,"Joel De la Cruz Fuertes","2026-07-28 17:14:49",12.453,7,joeldcf
4053,15888956,"X Hilbe","2026-05-11 01:44:51",12.461,5,xhilbe
4054,16307314,"Tracy Jack","2026-06-16 05:32:59",12.467,8,tracyjack
4055,16603741,"Aryan Mashalkar","2026-07-28 19:14:47",12.474,7,aryanmashalkar
4056,15878022,dividedbyZero,"2026-05-14 03:33:53",12.475,14,fcastanedo
4057,16247273,"Juan David Villate","2026-06-12 18:44:04",12.475,4,juandavidvillate
4058,16132854,"KENTA OGAWA","2026-07-12 08:40:56",12.477,9,kentaogawa
4059,16189700,castlehoo,"2026-06-09 00:33:01",12.478,7,castlehoo
4060,16434934,"Vishnu R Mohan","2026-06-25 23:32:16",12.480,2,vishnurmohan
4061,16599205,"kolawole tosin","2026-07-27 14:34:22",12.491,10,kolawoletosin
4062,16076535,"Jeffrey Roth","2026-05-28 14:58:08",12.506,6,jeffreyroth
4063,16355055,"taichi endoh","2026-06-20 09:16:26",12.507,3,dennkitotaichi
4064,16298115,张本逸涵,"2026-06-13 18:35:11",12.512,1,ltwzdz
4065,16257054,Ricky,"2026-06-08 17:23:28",12.533,7,rickyds97
4066,15867355,HarshitKulkarni07,"2026-05-09 10:40:21",12.540,5,harshitkulkarni07
4067,16111746,Ashmit20,"2026-07-23 09:15:32",12.548,1,ashmit20
4068,15867013,"Ridha mostefa","2026-07-15 22:28:19",12.551,111,ridhamostefa
4069,16592815,"DHAWI Aymen","2026-07-26 08:21:48",12.561,4,dhawi56aymen
4070,16584358,xyf0625,"2026-07-23 12:07:28",12.562,3,xyf0625
4071,16280911,Prometheus,"2026-06-22 02:59:31",12.564,5,"dhanishwarsb,kiruthikskumar"
4072,16302747,"Ruby Hartono","2026-07-27 11:56:01",12.564,156,rubyhartono
4073,16399457,Hamish,"2026-07-03 13:39:58",12.566,5,hamishdickson
4074,16591642,"Rogers Johnson","2026-07-28 12:20:57",12.568,23,rogersjohnson
4075,16474199,tq1d,"2026-07-19 07:28:00",12.579,3,haya03010
4076,16587420,"Jimmy Chase","2026-07-23 11:34:44",12.589,5,jimmychase
4077,16531748,eL,"2026-07-13 08:38:12",12.592,2,elffff
4078,15890939,"Paul Orazulike","2026-05-09 09:14:41",12.595,2,paulorazulike
4079,15868047,"Prakash Meher","2026-05-07 04:25:09",12.597,7,prakashmeher
4080,16268819,"Kevser Nur Kiraz","2026-06-08 18:36:40",12.600,2,kevsernurkiraz
4081,15867590,"Peter Orazulike","2026-06-02 19:11:03",12.604,18,peterorazulike
4082,16053463,"Kaggle CompsBench Bot","2026-05-28 03:26:58",12.616,3,kagglecompsbenchbot
4083,16345307,"Koutou Andy","2026-07-24 00:28:19",12.629,5,koutouandy
4084,15907877,Шарбин,"2026-07-01 05:10:57",12.638,4,dashitsybikzhapov
4085,15882806,"Shokh Abdurakhmanov","2026-05-07 07:12:22",12.639,1,shokh0
4086,16607367,"John Boby Mesadieu","2026-07-28 18:01:52",12.644,3,jbobym
4087,16456736,"Eric L","2026-07-02 07:41:46",12.647,3,i2304592304
4088,15877766,Kango,"2026-05-06 17:29:52",12.655,1,datingwang
4089,15877847,BPeterman,"2026-07-27 19:06:57",12.658,97,bpeterman
4090,15872455,"chen Jack12","2026-05-07 08:47:53",12.661,5,chenjack12
4091,16424277,Ronaldyyc,"2026-06-25 16:46:55",12.667,3,ronaldyyc
4092,16022401,"Diganto Deb Barma","2026-07-12 16:14:31",12.669,16,digantodebbarma
4093,15874631,"Muhammad Awais","2026-06-22 18:23:44",12.670,55,muhammadavici
4094,15866413,"walusimbi Isiah","2026-06-07 04:39:07",12.676,57,walusimbiisiah
4095,16548451,"Issac “Izreal” Davis","2026-07-20 05:11:43",12.677,13,issacizrealdavis
4096,16594961,"Evgeniy Avdeev","2026-07-26 22:22:22",12.680,2,"evgeniyavdeev,fiornrrn,gogolmemes"
4097,15870504,"Wafaa Ashraf","2026-05-10 07:20:25",12.688,16,w2kaggle
4098,16506264,"Francisco Soto","2026-07-11 02:58:53",12.701,4,fransccr
4099,16436314,Shreyash_Automation,"2026-07-23 15:18:03",12.706,15,shreyashautomation
4100,15882137,Moonlight,"2026-07-28 03:49:00",12.723,24,rajesh1joc
4101,16061354,與座啓仁,"2026-06-10 12:29:28",12.726,21,takatoto
4102,16475829,Kabeer,"2026-07-03 12:09:48",12.731,5,kabeer2501
4103,16191312,"Robert McMenemy","2026-06-18 20:04:41",12.734,3,rmcmenemy
4104,16307200,"Meshal Nayim","2026-06-13 05:52:36",12.753,4,meshalnayim
4105,15900306,"Ross Thomson","2026-05-09 19:22:17",12.754,2,rossthomson
4106,16489987,"Vaibhav Nakrani","2026-07-07 13:45:07",12.754,4,vaibhavnakrani
4107,15878805,ari2612sarkar,"2026-05-12 21:44:41",12.758,5,ari2612sarkar
4108,16038222,"Antonio Lopez","2026-05-27 14:06:15",12.764,8,antoniolopez
4109,16563331,Euler,"2026-07-27 08:11:36",12.767,23,heymanbd
4110,15865574,Damo,"2026-05-06 11:46:04",12.770,1,guanjingwang
4111,16254969,"Haomin Ng","2026-06-08 19:52:24",12.771,1,haominng
4112,16405258,justin1357,"2026-06-23 03:46:21",12.775,6,justin1357
4113,15882607,"cao jia hao10554","2026-05-07 06:38:52",12.787,1,caojiahao10554
4114,16085456,Sandy,"2026-07-24 19:09:51",12.790,12,sandeepmnair
4115,15889235,"Alex Li","2026-05-14 15:06:32",12.794,1,alexli1998
4116,15874512,Ᏸ𐍂Ꭷ,"2026-07-28 06:51:49",12.800,11,dheerajkannaujiya
4117,16058032,"Bedilbek Khamidov","2026-05-23 19:00:45",12.800,1,bedilbek
4118,16055317,passion,"2026-05-25 13:06:31",12.801,4,lanmaogen
4119,16036875,"Harsh Jain","2026-06-02 13:47:15",12.803,11,harshjain123
4120,15880508,"Mehedi Meraj","2026-05-07 05:59:13",12.807,2,mehedimeraj
4121,16028860,"Ganzorig Batnasan","2026-07-27 04:06:52",12.811,5,ganzobtn
4122,16506752,xuenyat,"2026-07-11 12:34:47",12.811,10,xuenyat
4123,16425437,CANOE,"2026-07-26 00:19:40",12.819,6,acanoe
4124,16435465,maniginam,"2026-07-19 08:00:08",12.843,14,maniginam
4125,15869061,"Rofif Nabil Mudhofar","2026-05-13 02:10:04",12.863,22,rofifnabilmudhofar
4126,16532785,"Cláudio Ribeiro De Amorim","2026-07-21 13:25:52",12.869,4,claudiokaw
4127,16016054,"kimuli done","2026-05-28 19:54:58",12.872,25,kimulidone
4128,16401880,"Doruk Sarıgun","2026-07-23 22:39:29",12.873,1,doruksargun
4129,15875198,Shin7jp,"2026-05-06 13:19:43",12.873,1,shin7jp
4130,16475890,"Martin Štěpánů","2026-07-04 13:51:53",12.874,10,martinstepanugscx
4131,16430120,"Lai Jing Lin","2026-07-20 07:54:29",12.880,36,laijinglin
4132,16425839,Kakelanr,"2026-06-26 14:26:07",12.883,5,jiesileee
4133,16449847,"Pawit Sahare","2026-07-01 09:25:07",12.887,11,pawitky
4134,16035498,"Abdullah Fasih","2026-05-27 19:40:48",12.888,13,abdullahfasih
4135,16012167,kishoreirene,"2026-06-07 12:13:08",12.891,4,kishoreirene
4136,16022865,"Sophia Campbell","2026-06-23 10:40:25",12.897,6,sophiacampbell
4137,15876189,"Anton Kostin","2026-07-18 06:36:35",12.918,33,visualcomments
4138,16417068,"Ahmed Mustafa Ahmed","2026-07-26 04:58:05",12.921,18,ahmmahahm
4139,16282940,"Jim McCormack","2026-06-13 14:46:07",12.921,3,jmack4
4140,16587341,QuiveringLemon,"2026-07-22 22:16:50",12.925,2,quiveringlemon
4141,16338014,"Well.... Boring","2026-06-22 02:03:11",12.928,5,mannanthakur
4142,16114343,"Usaev Galim05","2026-06-02 02:03:27",12.932,5,usaevgalim05
4143,16589944,Vernon,"2026-07-28 16:47:24",12.934,8,pku1400010735
4144,15881131,uRay,"2026-05-11 23:49:56",12.939,2,tn404nt
4145,16413335,"Quentin Gense","2026-06-24 11:42:33",12.947,7,quentingense
4146,16130851,"Bowen Lu306","2026-06-02 07:18:29",12.951,6,bowenlu306
4147,15898155,aurora142003,"2026-05-20 12:16:52",12.954,15,aurora142003
4148,16288793,tkm427,"2026-06-20 17:58:43",12.959,1,tkm427
4149,16098928,"VIJAYAKANTH M 23ALR121","2026-06-10 09:13:42",12.959,22,vijayakanthm23alr121
4150,15993867,Visa,"2026-05-18 07:00:11",12.964,8,philipman
4151,16043712,"NGUYỄN QUANG NGHĨA","2026-06-20 03:15:02",12.966,10,nghianq1610
4152,16268383,"StrGenIx | Laurens D'hooge","2026-06-08 13:35:42",12.978,2,dhoogla
4153,15864595,"Biruk Desta","2026-05-06 18:49:53",12.981,4,bd0855
4154,16491196,"Tony Stroessenreuther","2026-07-08 20:57:00",12.981,6,tonystroessenreuther
4155,16131314,"He Yufeng","2026-05-31 10:39:04",12.993,1,heyufeng2003
4156,16092252,AI4ALL,"2026-07-23 06:37:04",12.994,59,asimov13
4157,16583562,"Tamam Fajar Briliansyah","2026-07-26 16:26:22",12.995,3,tamamfajar
4158,15875308,"Preston McCauley","2026-05-13 14:21:05",12.996,11,prestonmccauley
4159,15870725,"Santosh Pol","2026-05-06 15:48:40",12.999,2,santoshpolmtech2025
4160,15873644,Jirka,"2026-05-14 07:50:24",13.002,6,jirkaborovec
4161,15870627,spekinos,"2026-05-06 07:57:44",13.017,2,spekinos
4162,16279417,Enai,"2026-07-23 12:13:41",13.018,20,enaimaan
4163,16479611,"Savindu Manahara","2026-07-08 12:42:26",13.021,23,savindumanahara
4164,15866961,"Jaime Souza","2026-05-08 00:10:35",13.024,10,jaimenms
4165,16600807,yuuka714,"2026-07-26 08:10:43",13.031,2,yuuka714
4166,16516879,"Steve Opar","2026-07-17 18:54:09",13.033,8,steveopar
4167,16586342,Sakura7596,"2026-07-23 23:36:46",13.038,2,sakura7596
4168,16534937,"Hamza Yakup Yılmaz","2026-07-19 15:23:34",13.043,16,hamzayakupylmaz
4169,16491984,"Lam Mo Kit ","2026-07-06 00:37:27",13.044,1,lammokit
4170,15876500,YAZIDALOUI,"2026-06-12 12:08:25",13.064,47,yazidaloui
4171,15872974,"Alexey Filimonov","2026-05-06 10:08:44",13.088,1,alexeyfil
4172,15867576,ROGERRRRRRRR,"2026-05-07 09:19:09",13.089,8,vishwasmishra1234
4173,15864980,Carloscp,"2026-05-06 13:50:09",13.089,4,carloscalvinp
4174,15892758,Par_Kahe,"2026-06-29 05:51:48",13.089,1,parkahe
4175,15930498,"Jaksen Charles","2026-05-12 01:34:57",13.089,10,jaksencharles
4176,15879432,"Ehsan Gharib","2026-06-11 01:06:38",13.090,103,ehsangharib
4177,15952577,ThunderstormXX,"2026-05-14 01:28:58",13.093,5,thunderstormxx
4178,16332094,"Osh Nand","2026-07-17 15:20:11",13.098,24,oshnand
4179,16575218,"Lu Ruoxin","2026-07-27 07:36:31",13.106,1,"chenyangli111,lingluoqs,luruoxin"
4180,16515033,Hans,"2026-07-13 10:21:58",13.126,4,sihanhang
4181,15893013,"Nihal Vellaramkallingal Sulaiman","2026-06-01 03:53:39",13.136,21,vsnihal
4182,16084827,youkinasa,"2026-05-29 02:56:17",13.145,6,youkinasa
4183,16279145,"minh vu111","2026-06-18 16:13:04",13.149,7,minhvu111
4184,15925822,"Pramit Dutta","2026-05-16 07:08:05",13.150,2,pramitdutta01
4185,15906496,"Dr R Kotteeswaran","2026-05-16 16:04:05",13.152,7,drrkotteeswaran
4186,15869572,"Sheb Michel","2026-06-11 00:42:20",13.157,15,michelnzikou
4187,16266058,MVK_REDDY,"2026-07-07 13:52:00",13.180,3,venkatakrishnareddy
4188,16579781,smasllshark24,"2026-07-22 14:00:25",13.182,2,smasllshark24
4189,15929121,Eva,"2026-07-27 18:57:22",13.187,10,sthuthyevangelinem
4190,15869471,"Ram Prasath K","2026-06-23 06:18:42",13.193,5,ramkan07
4191,15872920,"da da","2026-05-06 08:48:22",13.198,1,notadamasher
4192,16132822,dlubom,"2026-06-02 13:54:27",13.199,3,dlubom
4193,15939443,"Scott Weeden","2026-07-28 09:25:07",13.204,30,scottweeden
4194,16533235,"Halite & Bedrock","2026-07-21 16:44:20",13.214,4,"barankucuk,haileytrittin09"
4195,15868263,Quadruped,"2026-06-23 12:20:58",13.220,83,jaclyndeem
4196,16273404,"animal inner","2026-06-14 08:42:00",13.226,3,animalinner
4197,16449570,blackhat,"2026-07-16 10:17:24",13.231,25,neerajds
4198,15869435,"Adnan Momin","2026-05-17 09:35:56",13.234,18,mdadnanomin
4199,15886780,"Kuoyen Lo","2026-05-07 17:38:04",13.235,5,kuoyenlo
4200,15865975,"Giacomo Veneri","2026-05-09 08:14:25",13.236,7,giacomoveneri1
4201,16066519,"Emilio Mas","2026-07-15 18:34:13",13.240,8,emiliomas
4202,16092651,"Debangan Mandal","2026-06-18 20:21:03",13.241,12,debanganmandal
4203,16043241,"Ryan Clarke","2026-05-27 21:10:36",13.243,6,bonesclarke26
4204,15914806,"Hady Elmahy","2026-05-10 16:59:11",13.244,5,hadyelmahy
4205,15877066,"Jeet Govind","2026-06-02 18:28:02",13.246,9,jeetgovind
4206,16000186,"Mudit Nagori","2026-07-16 07:49:33",13.250,8,muditnagori09
4207,16295866,Gaby,"2026-06-16 14:24:44",13.259,14,yukiiiiiiiiiiii
4208,16018021,PapaChetty,"2026-05-28 13:09:54",13.261,9,papachetty
4209,16386856,"Prosotas dubiosa","2026-07-18 02:45:03",13.263,13,prosotasdubiosa
4210,16271739,"Ethan Cave","2026-06-12 20:26:01",13.263,2,ethancave
4211,15868838,"Ragunath Ravi","2026-06-05 13:26:13",13.265,7,ragunathravi
4212,16029106,"Ye Fenghao","2026-06-16 07:59:10",13.271,22,yefenghao
4213,16037719,Camnuy,"2026-06-18 09:04:02",13.278,8,camnuy
4214,16448507,"Игорь Орехов","2026-06-29 09:32:43",13.280,4,arahismsn
4215,16475501,AntonomousPrime,"2026-07-09 17:42:18",13.286,8,antonomousprime
4216,16136578,suyapoom.ch,"2026-06-20 18:40:07",13.288,7,suyapoomch
4217,16088154,"Camilo Castillo","2026-05-29 14:19:36",13.289,14,camilocastillo123
4218,16353222,ilginkarakas,"2026-07-15 15:28:05",13.292,3,ilginkarakas
4219,16277762,Tensori,"2026-06-10 09:44:31",13.299,3,tensorinsights
4220,15999993,"Daniel Wu","2026-07-24 16:11:56",13.318,4,danielwuu
4221,16087158,bigdataryan22389,"2026-05-29 16:31:25",13.320,9,bigdataryan22389
4222,16282011,"Edith Gu","2026-06-10 01:11:06",13.326,5,edithgu
4223,16444750,uykumfirarda,"2026-07-18 17:26:09",13.343,2,mehmetakifbaba
4224,16415607,"Joe G","2026-06-22 23:12:58",13.344,3,babbler
4225,16585142,Maximax67,"2026-07-26 18:21:43",13.361,3,maximax67
4226,15968076,"Pavel Chekanov","2026-07-03 14:50:24",13.364,10,hydrophonyx
4227,16335049,"Water ground","2026-07-28 15:52:47",13.369,24,kyumoto
4228,16059645,"Junhang Yu","2026-06-12 08:13:56",13.380,37,junhangyu
4229,16074538,"Ngwe Yee Pearl Ou","2026-05-26 05:19:43",13.380,5,clarynypo
4230,16564671,"Ilia Evseenko","2026-07-18 15:36:33",13.385,1,iliaevseenko
4231,15895017,小赛尔,"2026-05-26 10:11:45",13.387,1,shadowbrightness
4232,15912619,"Tushr Bhardwaj","2026-05-11 20:37:49",13.391,4,gaming7
4233,16552804,"Arjun Sharma","2026-07-22 10:45:08",13.411,6,arjundsharma
4234,15871429,zulfikar.khalwaniev,"2026-06-14 13:54:35",13.417,2,khalwaniev
4235,16471646,Shubbs,"2026-07-14 18:31:29",13.419,1,shubbs
4236,16135579,Zvshs20239,"2026-05-31 17:38:42",13.420,2,zvshs20239
4237,16492814,ZeuhL_ITO,"2026-07-27 04:57:42",13.423,13,"cafebroad,tmcit22,zeuhlito"
4238,16045340,Ruid3768,"2026-05-30 14:10:56",13.423,3,ruid3768
4239,15930202,renren,"2026-06-23 13:36:39",13.424,1,sitpie
4240,16539715,"Utkarsh Varshney","2026-07-14 06:47:34",13.427,1,utkarshvarshney2002
4241,16553144,"YueZheng Zhang","2026-07-28 10:36:55",13.430,23,yuezhengzhang
4242,16401057,"Vasya E","2026-07-21 06:58:07",13.433,20,vasiliie
4243,16446818,"zhaorong meng1","2026-07-07 14:49:57",13.433,2,zhaorongmeng1
4244,15866297,Craigmx16,"2026-05-07 05:56:54",13.450,11,craigcurtis16
4245,16016666,"Islam AlaaEddin","2026-06-02 10:52:49",13.450,13,islamalaaeddin
4246,16564496,nguyentuansi,"2026-07-20 05:43:58",13.463,5,nguyentuansi
4247,16331779,ItsOnlyCed,"2026-06-26 04:00:38",13.464,2,itsonlyced
4248,15868722,"Hà Nguyễn Xuân","2026-05-09 19:29:54",13.471,11,hnguynxun
4249,16076661,MarcinStaśko,"2026-06-06 11:47:57",13.471,20,marcinstasko
4250,15868493,"Manish Swami","2026-05-08 13:02:55",13.483,2,manish756
4251,16012708,Zhouguanghao,"2026-05-20 17:10:31",13.487,7,zhouguanghao
4252,16404366,Steve,"2026-07-19 23:10:12",13.490,8,steve5438
4253,15988626,"Ricardo Serrano","2026-06-03 16:21:51",13.492,11,ricardoserranofdz
4254,16424807,"PRADEEP HEBBALLI","2026-06-28 11:44:05",13.492,12,pradeephebballi
4255,16275680,"Hikmet Calayır","2026-07-27 02:28:47",13.500,5,hikmetcalayr
4256,15977065,"Mahou Lettuce","2026-05-24 05:29:28",13.502,7,frogcannotdie
4257,16073983,"Artem Zysko","2026-06-04 10:50:59",13.507,5,artemzysko
4258,16057039,"Sai Zaw Oo","2026-05-24 09:25:30",13.507,4,saizawoo
4259,15907071,"Pranav Napolean","2026-05-10 19:10:00",13.515,1,pranavnapolean
4260,16211888,"Resul Özkale","2026-06-09 19:09:23",13.518,4,resulzkaledsw
4261,16553464,"Brent Wolf","2026-07-18 22:05:04",13.527,2,brentwolf23
4262,15897098,"Dominik Csatári","2026-05-11 14:19:56",13.532,5,dominikcsatri
4263,16508237,sky_hashimoto,"2026-07-16 03:54:35",13.537,9,skyhashimoto
4264,15903131,"blatant warrior","2026-05-10 12:26:21",13.541,10,blatantwarrior
4265,16592475,"Michael Orina","2026-07-27 18:04:40",13.545,3,michaelorina
4266,15906647,otatatata,"2026-05-10 02:07:34",13.548,4,otatatata
4267,15881763,Lee3000,"2026-05-13 02:25:57",13.549,4,lee3000
4268,16004368,"Georgios Nikolitsis","2026-07-28 18:04:11",13.550,287,gnikolitsis
4269,15978314,LimYeongsu,"2026-05-17 07:00:05",13.556,5,limyeongsu
4270,16306446,"hao zhang","2026-06-22 05:50:29",13.557,1,zhanghao913
4271,16421012,wangyufan1,"2026-07-15 11:26:10",13.557,9,wangyufan1
4272,16272555,"Joseph Xiao","2026-06-21 20:47:50",13.560,12,joxiao
4273,16565881,Vibe,"2026-07-20 04:28:49",13.560,3,mehergajula
4274,15912969,"Astitwa Agarwal","2026-05-10 05:44:00",13.565,5,astitwaagarwal
4275,16120069,"varun divakar","2026-06-20 11:14:13",13.570,6,varundivakar
4276,16561782,"Seong-Min Park","2026-07-18 08:34:34",13.574,4,xcrossai
4277,16117445,heyheyhey,"2026-06-02 14:34:36",13.577,15,mkp312
4278,16053606,"Brian Gasper","2026-05-29 05:32:26",13.579,23,bryangasper
4279,16269895,"Rushiraj Chavan","2026-06-20 20:20:43",13.583,1,rushirajchavan
4280,15864056,"Manav Modi","2026-05-08 21:26:26",13.593,9,manavmodi4
4281,15978921,AJones7_13,"2026-05-19 02:26:53",13.602,6,ajones713
4282,16286290,zzgtylors,"2026-07-23 07:41:05",13.603,9,zzgtylors
4283,16036957,小出和見,"2026-07-28 06:56:43",13.604,31,kzmk8d
4284,16540720,"Akshaj Shandilya","2026-07-21 22:35:53",13.611,1,akshajshandilya
4285,16084043,Huobjj,"2026-05-27 03:20:04",13.615,6,huobjj
4286,15895308,"Christian Rellama","2026-05-16 02:31:39",13.619,17,chrisrellama
4287,16575488,Miscusi,"2026-07-26 08:05:41",13.623,16,usiadianimuwa
4288,15872013,"Yash Rathod","2026-05-20 18:47:29",13.626,8,yash02102
4289,15875882,"Ramkrishna Mangukiya","2026-05-28 11:39:24",13.634,46,"chaklasiyashrey,ramkrishnamangukiya"
4290,15873689,CertifiedSurvey,"2026-05-08 12:14:58",13.637,6,certifiedsurvey
4291,16137136,Doppio,"2026-06-10 23:33:40",13.639,4,alexandrefacione
4292,16266190,"Konstantinos Papa","2026-06-08 16:06:33",13.640,2,konstantinospapa
4293,15867900,yjan,"2026-05-06 13:53:42",13.644,4,ynmrjava
4294,16359883,AIM,"2026-06-22 08:30:38",13.645,10,"bulaevvi,ilyaziganshin"
4295,15873397,"Radosław Czajkowski","2026-05-11 15:24:16",13.649,9,radoslaw
4296,16239256,ZhouSicheng93,"2026-06-12 06:05:45",13.657,5,"zhousicheng93,zhousujin0307"
4297,16319734,"Artyom Sayapin","2026-07-28 10:22:47",13.674,5,spielmeister
4298,15927994,"Michał Dziwisz","2026-05-19 14:10:20",13.685,13,michadziwisz
4299,15877570,Kemzilla,"2026-06-22 20:35:43",13.703,39,"kemtarokem,popblepoopball"
4300,15869599,"Kashyapsinh gohil","2026-06-28 10:41:30",13.709,3,kashyapsinhgohil
4301,16554595,tomo2677,"2026-07-23 07:52:05",13.712,4,tomo1314
4302,16470960,"Victoria Tauanny","2026-07-27 11:30:15",13.716,21,victoriatauanny
4303,15898020,PatrickAIForFun,"2026-06-30 14:13:41",13.720,16,patrickaiforfun
4304,16107570,k1nsom,"2026-06-05 10:20:18",13.723,18,k1nsom
4305,15863724,"Raunak Kesharwani","2026-06-04 13:24:12",13.727,2,raunakkesharwani
4306,16369201,"Dear Shark","2026-06-17 12:18:16",13.731,1,dearshark
4307,16441469,greendhy9999,"2026-06-27 14:23:52",13.741,3,greendhy9999
4308,16015218,ThierryS,"2026-05-20 17:56:04",13.743,1,thierrys
4309,15993287,kyapi_0123,"2026-05-17 11:18:56",13.748,3,kyapi0123
4310,16319787,Hkawanishi,"2026-06-28 19:31:57",13.749,4,hkawanishi
4311,16236341,ComputerGuyTed,"2026-06-11 04:26:47",13.751,18,computerguyted
4312,16208630,BurdBurdMan,"2026-06-09 02:08:25",13.752,3,burdburdman
4313,15877539,"Adwait Tagalpallewar","2026-05-13 11:32:50",13.757,3,adwaittagalpallewar
4314,16109334,S-as-H,"2026-07-28 11:55:11",13.761,10,sasha1111
4315,15872187,Alexy,"2026-07-26 02:56:57",13.762,7,alexycactus
4316,16087497,"Akarsh kumar shukla","2026-06-01 05:02:15",13.768,2,akarshkumarshukla
4317,16093923,"AI Coach","2026-05-29 06:53:55",13.769,3,lakmalrupasinghe
4318,16288083,"Kirill Sleptsov","2026-06-18 21:58:46",13.770,9,kirillsleptsov
4319,15870177,Maxim,"2026-05-08 15:18:54",13.771,5,ektarr
4320,16504137,mekeybe,"2026-07-11 00:40:30",13.775,6,mekeybe
4321,16457937,ylxxxxxxx,"2026-06-30 16:19:12",13.778,1,ylxxxxxxx
4322,15976610,"WELL LOGGERS","2026-07-27 18:20:21",13.780,9,"grahuldesu,hardikjain0706,indranil95088,krishnendudas47,ojasshaha"
4323,15863837,"Andreas Bisiadis","2026-05-06 20:31:46",13.781,6,andreasbis
4324,16109831,"Kiran Vitly","2026-07-03 14:31:48",13.782,43,kiranvitly
4325,16376620,kotleha,"2026-06-17 06:36:34",13.788,1,kotleha
4326,15864679,"Diego Silva França","2026-05-14 16:02:04",13.789,3,diegosilvadefrana
4327,16532584,"Derek Earnhart","2026-07-18 02:48:12",13.812,3,derekearnhart
4328,16288467,"Patrick Rutledge","2026-07-26 23:01:16",13.812,52,patrutledge
4329,16319712,EliWagnerCode,"2026-06-13 06:16:53",13.815,3,eliwagnercode
4330,16426901,Vinit,"2026-07-14 15:24:17",13.815,8,ryotsuu
4331,15979469,"SK Arin","2026-05-15 13:01:59",13.829,1,skarin
4332,16433553,nobuHayashi,"2026-07-24 10:44:50",13.836,15,nobu123
4333,16334841,piknouut,"2026-07-28 14:17:29",13.836,23,piknouut
4334,16274179,shinezy,"2026-07-17 08:47:41",13.836,9,shinezy
4335,15868347,"Youssef Yacoup","2026-05-20 02:00:41",13.842,2,youssefyacoup
4336,16497249,CortexExplorer,"2026-07-26 15:04:35",13.853,8,cortexexplorer
4337,15909732,"kutay dogan","2026-06-16 20:45:00",13.859,13,kutaydogann
4338,16589129,"Michael Timbs","2026-07-25 09:46:22",13.860,2,michaeltimbs
4339,16109205,"Ilia Sapan","2026-06-03 17:32:49",13.866,2,iliasapan
4340,16551652,WUHAOZHE618,"2026-07-16 05:59:07",13.866,3,wuhaozhe618
4341,15863844,"Steve Le (Solokop)","2026-06-16 09:22:24",13.868,4,solokop
4342,15864176,"Sam doctor","2026-07-14 08:08:32",13.873,2,monimavshi
4343,16029794,RoyceLee,"2026-05-24 08:16:15",13.874,15,royceleetech
4344,15949277,Fusahiko@555,"2026-07-11 09:57:59",13.874,26,fusahuko555fusahiko
4345,16080668,"Gurkan Ozkan","2026-05-26 14:27:16",13.879,4,klager
4346,16251479,"valentino ray isabell","2026-07-26 04:34:13",13.879,6,valentinorayisabell
4347,15871623,"Kabir Nahata","2026-05-07 10:07:03",13.882,2,kabirnahata
4348,15867880,pantrucas,"2026-05-30 13:20:23",13.885,36,pantrucas
4349,15869713,ZULFAARSYANDHI,"2026-05-06 09:10:05",13.893,5,zulfaarsyandhi
4350,15865299,"Yousef Turk","2026-05-06 17:04:32",13.894,6,yousefturk
4351,15881367,"ADITYA RAVI","2026-05-18 07:29:28",13.900,10,adityaravi2
4352,16428538,Urakups,"2026-07-04 01:28:33",13.900,3,urakups
4353,15930553,"jacob OKOTH O","2026-06-21 13:21:46",13.906,15,jacobokotho
4354,16004653,"Abhijeet Detha","2026-05-17 18:21:23",13.909,2,abhijeetdetha
4355,16474229,"ZHIYAN WANG","2026-07-28 10:36:37",13.916,12,zhiyanwang1008
4356,15939157,Intuition,"2026-06-13 09:38:55",13.916,6,"abdelrahmanashrafoma,alyaymanai,madaslayer,mohamedeljohary,mohamedmagdyw"
4357,15911608,"Senih Bayankulu","2026-05-10 11:12:43",13.918,3,senihbayankulu
4358,16313981,"Silvio Leon Echsle","2026-07-28 13:55:24",13.920,7,"silvioleonechsle,tomme0"
4359,15971279,"Muhammad Ameen Bohio","2026-06-11 14:45:17",13.920,7,muhammadameenbohio
4360,16489242,kazyyy,"2026-07-20 09:05:42",13.922,4,kazyyy
4361,16049854,"Vladimir Terlovoy","2026-05-28 17:55:57",13.924,2,terlovoy
4362,16400772,wintk2424,"2026-06-28 08:30:59",13.924,10,wintk2424
4363,16477925,"Sébastien MATHIEU","2026-07-04 01:36:54",13.925,3,negtitep
4364,16556025,Sakura,"2026-07-20 19:49:59",13.926,3,varshanair
4365,15889661,"Miracle prime","2026-07-21 21:46:39",13.926,1,noahshaban
4366,16287621,312511042,"2026-06-17 09:17:29",13.927,6,leonafang
4367,16490320,Vera,"2026-07-07 06:39:31",13.927,2,nairrahnawar
4368,16117392,Yaohui,"2026-06-06 02:40:33",13.942,14,yaohui85
4369,16404218,"prashanth kanda","2026-06-21 12:54:29",13.944,1,prashanthkanda
4370,16368451,"Rahib Vk","2026-07-01 16:29:53",13.948,4,rahibvk
4371,16011857,"Saër Ndao","2026-07-16 11:06:24",13.953,235,sarndao
4372,16475892,"James McGuigan","2026-07-03 22:07:24",13.959,2,jamesmcguigan
4373,16076200,"Mateus Kiper","2026-06-15 11:48:58",13.969,3,mateuskiper
4374,16586391,"Anuradha Ranathunga","2026-07-23 20:56:56",13.969,1,anuradharanathunga
4375,16396189,nikitaaromanovv,"2026-06-29 16:08:59",13.973,4,nikitaaromanovv
4376,16005611,"ISHU AGRAWAL12","2026-05-20 10:58:44",13.980,12,ishuagrawal12
4377,16150469,"Kaif Kohari","2026-06-21 22:18:38",13.991,1,kaifkohari
4378,15867450,"Birtley Doru (DB)","2026-05-23 16:38:58",14.006,11,hastws
4379,15865292,jeanhenockviayinon,"2026-05-16 13:37:35",14.009,29,carion
4380,16005375,mthameem,"2026-05-27 13:29:07",14.011,3,mthameem
4381,16047122,"Patrick M.","2026-05-24 13:51:03",14.014,7,pigenesis75
4382,16131692,"Kuvam Pahuja","2026-05-31 15:04:44",14.024,5,kuvampahuja
4383,16029079,"Xavier Wong","2026-07-26 17:22:58",14.029,2,"chloebaretto,xavier1232"
4384,15889529,"Danushkumar Venkadesh","2026-05-11 05:05:12",14.049,14,danushkumarv
4385,16482073,RickArko,"2026-07-19 21:48:18",14.058,8,rickarko
4386,15890870,drumehiron,"2026-06-15 11:58:00",14.060,5,drumehiron
4387,16282768,aanya2712,"2026-06-10 00:40:35",14.071,6,"aanya2712,samlinlin"
4388,15870863,laibanasirdev,"2026-05-11 04:37:53",14.074,4,laibanasirdev
4389,15910961,"Priyanka Bhowmick","2026-05-21 09:56:18",14.075,15,priyankabhowmick
4390,15915209,"Dang John","2026-06-21 23:35:42",14.078,8,dangjohn
4391,16189251,chenwenqiang_001,"2026-06-27 07:43:32",14.080,16,chenwenqiang001
4392,15913288,"Matteo Niccoli","2026-06-08 23:53:34",14.081,9,mycarta
4393,16166804,"Kangqiao LIU","2026-06-05 01:31:27",14.083,3,kangqiaoliu
4394,16551665,Nexmordeus,"2026-07-20 06:33:38",14.088,12,nexmordeus
4395,16381101,"Runqi Hou","2026-06-20 11:50:32",14.101,4,runqihouamao
4396,15875139,"Jessica Warren","2026-05-07 13:28:04",14.113,5,davieburke
4397,16097818,stardxx,"2026-05-28 07:56:51",14.116,1,stardxx
4398,16405340,"Ken #2","2026-07-19 06:35:53",14.122,11,kensuke77
4399,16289861,"Uğur Dar ","2026-06-10 18:27:24",14.123,1,ugurdar
4400,16471123,Paul720810,"2026-07-28 08:45:20",14.127,86,paul720810
4401,16146477,aser189,"2026-06-02 09:33:35",14.130,2,aser189
4402,16367777,"Carlos Hideo Yamaguchi","2026-06-21 13:04:55",14.145,3,carloshy
4403,16321467,jjakimoto,"2026-06-13 20:59:41",14.146,2,jjakimoto
4404,16558943,"Uday Kiran646788","2026-07-23 11:47:45",14.150,18,udaykiran646788
4405,16435244,"Bulşah Keçici","2026-07-26 01:52:26",14.155,3,bulsahkecici
4406,16408855,"Chenghao Qian","2026-07-23 17:02:13",14.159,14,qch0918
4407,15868108,"Muhammad Firdaus","2026-05-06 14:11:19",14.168,1,ldausl
4408,16602259,"Giord Frank","2026-07-27 18:00:26",14.169,4,tangerinedog
4409,15868473,naoya_maro,"2026-05-08 04:30:04",14.171,1,naoyamaro
4410,16009792,"Gowri Shankar Penugonda","2026-06-19 01:24:56",14.172,2,gowrishankarp
4411,16443318,Josselin,"2026-06-29 11:27:35",14.172,4,izenko
4412,15869831,"Sharmi Nisha","2026-07-28 02:01:45",14.174,84,sharminisha
4413,15949366,darasty,"2026-06-06 14:14:32",14.176,2,darasty
4414,16069048,SDes,"2026-06-09 11:11:48",14.192,17,sndesilva
4415,16363919,"Syed Saad Hasan Emad","2026-06-18 17:14:07",14.192,1,syedsaadhasanemad
4416,15914756,"Jianzhou Liu","2026-05-14 04:35:21",14.192,2,jianzhouliu
4417,16278748,NAGA,"2026-06-12 17:04:39",14.194,10,hieutt0606
4418,16516033,"Jo-fai Chow","2026-07-11 17:13:11",14.195,3,jofaichow
4419,16398273,"Roman Mardones","2026-06-21 22:07:21",14.202,5,romanmardones
4420,16437920,"Ilias Abdouni","2026-06-26 13:20:04",14.210,1,iliasabdouni
4421,15986991,"Alex Lupu","2026-07-24 16:22:02",14.214,104,alexanderlupu
4422,16587197,"Sayandeep Ghosh","2026-07-24 13:18:41",14.215,12,sayandeepghosh
4423,16001523,"Toshiki Honda","2026-07-26 14:13:20",14.215,53,toshikihonda
4424,16310627,"Memduh Yusuf Duranlı","2026-06-13 19:10:28",14.215,1,memduhduranli
4425,16108739,Duo,"2026-05-29 10:24:23",14.232,1,sachin0910
4426,15863743,Wander991,"2026-06-19 14:20:36",14.234,16,wander991
4427,16466788,"Luis Umbides","2026-07-28 16:31:50",14.239,109,luisumbides
4428,16106182,"Arnav Kewalram","2026-06-10 23:13:30",14.245,35,arnavkewalram
4429,16553731,"Shaurya Singh","2026-07-28 15:00:38",14.246,30,justnshaurya
4430,16584012,joaopedrotocantins,"2026-07-22 17:30:01",14.248,2,joaopedrotocantins
4431,15866386,s23,"2026-05-22 16:10:39",14.252,17,jonesdl6
4432,16402188,mari,"2026-06-21 21:48:45",14.257,4,amarimuthu
4433,16558570,ECK,"2026-07-17 19:08:12",14.258,4,kekelicious
4434,16605113,"murat unsal","2026-07-27 13:23:52",14.260,1,skyulf
4435,16441040,"Abhishek Kaushal","2026-06-27 15:41:37",14.260,5,abhishekkaushal89
4436,16544539,"Francesco Vanella","2026-07-18 18:09:21",14.262,1,francescovanella
4437,15968308,Starp,"2026-05-15 02:39:36",14.263,6,starprecursor
4438,15867904,"R MAT","2026-05-12 04:14:33",14.266,9,rmat2014
4439,15879745,k',"2026-05-20 02:23:18",14.268,6,udadev
4440,16040343,skiyuki,"2026-07-28 15:26:12",14.271,40,skiyuki
4441,16465015,zengh,"2026-07-26 18:38:29",14.274,5,acelibra
4442,16436316,"AYAHM BARISH","2026-06-30 09:36:02",14.279,2,ayhampar
4443,15886222,CodeHacker,"2026-05-23 14:37:38",14.282,3,junhanzangai
4444,16306677,"saroj bono","2026-07-02 01:38:27",14.286,21,sarojbono197
4445,16368437,"Ilya Kolb","2026-06-16 08:47:29",14.289,3,ilyakolb
4446,15978461,"Alex Tito de Oliveira","2026-05-20 10:12:31",14.290,16,alextitodeoliveira
4447,15868243,Beyond,"2026-06-10 02:44:08",14.292,4,wangqingmeng
4448,15908397,Saivardhan98,"2026-05-16 11:05:39",14.300,6,saivardhan98
4449,16183730,Middle,"2026-07-14 06:27:51",14.301,19,aydagul
4450,16105938,Amit393,"2026-07-15 04:59:42",14.311,5,amit393
4451,15924804,Doraemon,"2026-07-19 09:57:02",14.312,29,"decrises,rahulmish"
4452,16584109,cwxcwxcwxcwx,"2026-07-22 05:34:28",14.317,1,cwxcwxcwxcwx
4453,15910945,"Yaroslav Chelombitko","2026-05-09 14:59:49",14.321,1,yaroslavchelombitko
4454,16108857,ChrisXie,"2026-06-02 10:30:37",14.322,4,chrisstan
4455,16465881,Yorix.um,"2026-07-02 11:18:43",14.336,3,yorixum
4456,15874432,Preaah05,"2026-05-06 15:31:02",14.336,2,preaah05
4457,15881302,hykunnnn,"2026-05-08 18:21:06",14.336,1,hykunnnn
4458,15921197,"Yunus Şahin","2026-05-12 19:38:00",14.336,5,ysahin1
4459,15867266,"Gautam Hazarika","2026-05-14 17:11:16",14.336,1,gautamhz
4460,16054969,"Hamid Momand","2026-05-25 07:03:34",14.336,5,hamidmomand
4461,16070657,ChrisMoe,"2026-05-25 11:03:41",14.336,2,chrismoe
4462,16073129,YutaroAtarashi,"2026-05-29 14:14:24",14.336,7,yutaroatarashi
4463,16229014,"Dinh Tan Loc","2026-06-04 16:26:16",14.336,1,dinhtanloc
4464,16243388,"Amir Ghazi","2026-06-25 22:05:17",14.336,4,amirghazi
4465,16383821,"Ali Barooni","2026-06-17 18:14:16",14.336,2,barooni
4466,16375105,"KNAI sztuntur","2026-06-17 22:00:48",14.336,7,stunter2
4467,16393934,Infty_gao,"2026-06-19 11:00:00",14.336,1,inftygao
4468,16031951,f--n,"2026-06-21 18:10:18",14.336,2,a17442473
4469,16425087,金穗辉辉,"2026-06-24 16:15:23",14.336,1,griswald0616
4470,15998429,rdn2k00,"2026-07-11 21:51:16",14.336,13,rdn2k00
4471,16450135,Ionu,"2026-06-29 12:53:24",14.336,3,ionubujor
4472,16239394,QuickSSS,"2026-07-06 08:40:49",14.336,1,quicksss
4473,16142935,"Deng Xianghuai","2026-07-06 13:21:03",14.336,2,dengxianghuai
4474,16510294,"Saj Patel","2026-07-09 13:52:51",14.337,3,sajpatel15
4475,16439832,Sugan,"2026-07-25 02:07:44",14.342,9,nsugan
4476,16595225,Movich,"2026-07-25 20:52:29",14.342,5,movich
4477,16074304,"Hitesh Ramteke","2026-06-04 11:47:07",14.343,3,hiteshramteke
4478,16512991,"Fernando Couto","2026-07-21 14:49:27",14.351,37,fernandocouto
4479,16531081,1116,"2026-07-28 19:26:30",14.352,6,"cooodecy,hirman"
4480,16208504,aiabc100,"2026-06-04 09:01:08",14.354,2,aiabc100
4481,15863831,"egor a","2026-06-02 03:49:54",14.358,6,egoregors
4482,16368985,"Prabhat Agnihotri","2026-07-23 17:30:04",14.362,24,pls1999
4483,16368408,Majkel1337,"2026-06-16 09:53:38",14.365,1,majkel1337
4484,16259180,Agens,"2026-06-09 06:26:04",14.379,10,sagargurav019
4485,16573578,"Turhan TAS","2026-07-28 11:06:29",14.396,19,turhantas
4486,16289436,"Venkatesh R3","2026-06-10 16:16:09",14.397,5,venkateshr3
4487,15944398,"Sushrut Shendre","2026-07-28 02:44:37",14.402,3,sushrut17
4488,16486319,FredYluu,"2026-07-06 23:23:20",14.416,2,fredyluu
4489,16300365,"David Mensah-Gbekor","2026-07-07 10:38:00",14.421,24,ravdave
4490,16039349,MMT,"2026-06-25 05:58:08",14.437,1,mohtishimtahir
4491,15939254,GoodYvesNing,"2026-05-15 14:26:05",14.440,5,goodyvesning
4492,16317235,KazukiNagahama,"2026-06-27 01:46:49",14.446,7,kazukinagahama
4493,16244380,JaigonRyu,"2026-06-08 02:14:09",14.448,7,jaigonryu
4494,16574663,"Per Schrufer","2026-07-23 12:37:43",14.457,1,perschrufer
4495,16483115,"Ping Zhi Tan","2026-07-26 09:03:06",14.459,9,pingzhitan
4496,16451156,Afordancja,"2026-07-01 20:27:29",14.459,3,afordancja
4497,15869616,"Xu Yizhi","2026-05-13 04:46:39",14.471,5,spalxyz13
4498,16119800,"Gyanam Modi","2026-06-14 04:14:52",14.471,12,gyanammodi
4499,15879140,"Sardor Sobirov","2026-07-03 20:39:15",14.472,14,sardorbsobirov
4500,16013056,MASADDPG,"2026-05-22 09:25:40",14.473,13,masaddpg
4501,15893300,"Lakhindar Pal","2026-05-08 13:17:39",14.479,2,lakhindarpal
4502,16244664,"Yazan Kbaili","2026-07-03 06:48:07",14.480,9,yazankbaili
4503,15867966,"Steve NOUATIN","2026-05-31 00:56:00",14.480,5,stevenouatin
4504,15982597,"Rishabh Jain","2026-06-02 05:47:19",14.482,21,rishabh15virgo
4505,16493696,Dumpling,"2026-07-06 13:17:07",14.485,1,dumplinggg
4506,16407109,legtso,"2026-06-22 09:20:28",14.490,1,samcaton
4507,16604385,"Bongani Bryan Dube","2026-07-28 07:19:43",14.491,4,bonganibryandube
4508,16320535,SmithyAlan,"2026-06-14 01:41:08",14.493,1,smithyalan
4509,15972516,Jack_Zhao1985,"2026-06-28 18:41:03",14.497,26,jackzhao1985
4510,16241339,Haakon,"2026-06-05 17:58:34",14.498,1,haakonandresen
4511,15900837,"Shunjun Gu","2026-05-18 11:54:08",14.504,28,shunjungu
4512,15863514,john,"2026-05-08 11:00:14",14.531,15,jaejohn
4513,15892143,"Kristof Anderson","2026-05-09 18:30:13",14.532,6,kristofanderson
4514,15935447,"Arum Puri ","2026-07-28 13:36:54",14.535,43,arumpuri
4515,16033697,LUKORITO,"2026-07-27 13:47:46",14.540,32,lukorito
4516,15865309,Disha,"2026-06-30 20:38:44",14.546,84,dishamotiramani
4517,16466651,K.Takahashi-1986,"2026-07-21 03:11:46",14.554,7,ktakahashi1986
4518,16138971,"DongHeon Shin","2026-06-01 07:35:03",14.558,2,dongheonshin
4519,16463831,eikichi,"2026-07-07 10:48:23",14.562,2,ekichi
4520,16466729,"Mustafa Sevindik","2026-07-18 18:52:46",14.564,7,mustafasevndk
4521,16535677,Demo_Model,"2026-07-13 15:36:10",14.564,5,chenyixing
4522,15895809,namanjoshi0313,"2026-05-08 17:49:31",14.569,4,namanjoshi0313
4523,15865069,aloneintokyo,"2026-05-14 10:29:46",14.572,3,aloneintokyo11
4524,16550698,Wanyi98,"2026-07-18 05:35:12",14.578,9,wanyi98
4525,16126566,"kurob asgari","2026-06-01 15:31:01",14.583,3,kurobasgari
4526,15865735,"Dr. T.","2026-05-07 00:00:10",14.599,6,jftripp
4527,16310819,zxy3217656660,"2026-06-25 08:51:56",14.600,19,zxy3217656660
4528,16286741,my,"2026-07-27 16:25:46",14.604,3,ryyymy
4529,16388582,"Dr. Mikholae Hutchinson","2026-07-05 23:23:17",14.615,8,drmikholaehutchinson
4530,16050818,tetsu2131,"2026-07-25 04:26:39",14.616,1,tetsutani
4531,16609376,最强扫地僧,"2026-07-28 16:06:41",14.621,5,"wwwdjj,yyx466005036"
4532,16370653,LoyceC521,"2026-07-22 16:18:37",14.624,57,loycec521
4533,16428909,AILuke,"2026-07-08 01:57:30",14.624,2,ailuke
4534,16396243,"Luca Lullo","2026-07-26 14:49:53",14.661,13,lucalullo
4535,16474033,Rook86,"2026-07-03 05:47:58",14.672,2,nabe02
4536,16379194,"Otsuka Naotsugu","2026-06-17 08:25:21",14.676,1,otsukanaotsugu
4537,16485227,"Nano Nani","2026-07-04 16:30:22",14.682,2,nanonani
4538,16239788,"Nicolas Monti","2026-07-07 09:49:39",14.685,18,nicolasmonti
4539,16381911,Fathima,"2026-07-23 17:32:19",14.690,32,fathimarahmatqadri
4540,15995226,"Shlok Kumar","2026-06-06 05:45:39",14.690,5,shlokkumar2303
4541,15970211,"Maaz Ali Khan","2026-06-24 12:33:23",14.692,3,maazalikhan92
4542,16534390,Anna,"2026-07-19 17:05:55",14.708,2,annafel
4543,15874106,aaaaa,"2026-05-10 09:26:06",14.714,2,muroyuu
4544,16430147,"Ahmed Abdelhmed","2026-07-23 18:44:39",14.718,17,ahmedabdelhmed
4545,15866276,"Max Halford","2026-05-10 20:04:56",14.725,7,maxhalford
4546,15961884,SOUMYA,"2026-07-12 15:14:43",14.726,32,"jyotiprakashlenka1,vjasqieash14256"
4547,15867118,"Felipe Alencar Lopes","2026-07-14 04:52:33",14.728,39,felipealencar
4548,16248372,hota39,"2026-06-07 02:35:03",14.728,7,hota39
4549,16049385,"saketh baddam","2026-05-25 01:58:32",14.734,2,sakethbaddam
4550,16276303,"Ibrahem Alyan","2026-06-11 19:37:34",14.749,5,ibrahemalyan01
4551,16120581,Fartoute,"2026-07-19 19:14:16",14.749,22,"abdonasser,alinasserali"
4552,16005635,"Rishi Divyakirti","2026-06-24 12:39:30",14.751,2,rishidivyakirti
4553,16405020,"Frank W","2026-06-24 11:17:15",14.753,7,frankwyq
4554,16603565,June_mk,"2026-07-27 09:40:25",14.765,2,jungoto
4555,16517966,zama,"2026-07-10 22:42:17",14.765,1,zamami
4556,16531776,"Yasin Mert Şahin","2026-07-18 09:29:56",14.767,3,ymertsahin
4557,15869364,"Chip Soldan","2026-07-28 05:11:18",14.767,58,chipsoldan
4558,16117294,"Ryan Myers","2026-07-08 02:33:51",14.773,1,ryanmyers03
4559,16206894,"Abdullah Jan","2026-06-09 00:38:01",14.780,3,omkbest
4560,16501828,lumen,"2026-07-07 23:29:19",14.782,1,lumenyuto
4561,16423899,MarvinTMB,"2026-07-06 07:44:36",14.788,18,marvintmb
4562,16441300,jack9352,"2026-06-28 13:15:20",14.811,5,jack9352
4563,16059169,PauloDmayra,"2026-06-16 21:59:18",14.814,40,paulodmayra
4564,16079848,Wqi876,"2026-06-30 11:28:00",14.815,30,wqi876
4565,16308419,CrazyDave111,"2026-07-28 14:03:11",14.819,7,crazydave111
4566,15875082,"George Onoh","2026-05-06 20:16:43",14.826,2,truekinggeorge
4567,16417766,skrxxi,"2026-06-23 15:17:11",14.834,1,skrxxi
4568,15888548,"Mohammed Arfath R","2026-05-16 15:34:11",14.838,5,mohammedarfathr
4569,16019389,yunseungmin0531,"2026-05-26 23:40:57",14.848,6,yunseungmin0531
4570,16152000,Timur,"2026-06-02 04:56:18",14.848,3,timkvarts
4571,16513340,northern_ray,"2026-07-27 21:06:03",14.853,10,kristinaemelianova
4572,15871258,BenAdamCole,"2026-05-09 18:24:06",14.858,2,benadamcole
4573,16532220,Henselian,"2026-07-12 07:08:55",14.859,2,akselfristrup
4574,16155587,"Khushi Badani","2026-07-14 12:51:01",14.860,11,khushibadani
4575,15899524,Zi,"2026-05-09 19:54:14",14.862,6,kaigaokaigao
4576,16425635,"L Zhang","2026-07-28 16:10:28",14.867,27,lzhangucb
4577,16264265,"Faizah Kureshi","2026-06-12 08:29:02",14.868,5,faizahkureshi
4578,16533947,takumi71,"2026-07-20 19:29:37",14.869,2,takumi71
4579,16131484,haagle,"2026-06-14 13:34:42",14.874,17,haagle
4580,16048645,WEi,"2026-07-27 15:24:04",14.878,3,chweiiiii0123
4581,16428235,"Raja T","2026-07-28 14:11:17",14.881,100,rajathiagaraj
4582,15865124,"Sunil Gautam","2026-05-30 05:04:44",14.882,8,sunilgautam
4583,15889451,"Jerod Harbor","2026-05-09 18:29:54",14.884,12,jerodharbor
4584,16587418,LuanVieira,"2026-07-23 02:27:01",14.885,4,luancvds
4585,15879665,"Feida Wei","2026-07-13 12:16:01",14.895,1,feidawei
4586,16546695,"Hitchhiker across the Galaxy","2026-07-17 22:32:24",14.895,2,spacehitchhiker
4587,16506351,"Taivanbat Bayarsaikhan","2026-07-21 03:35:48",14.898,1,taivnaaiwnl
4588,15866649,"Lazarus Odeny","2026-05-09 15:06:03",14.909,7,lazarusodeny
4589,15877298,"Muneera Mahjabeen","2026-07-16 07:58:07",14.917,10,muneeramahjabeen
4590,16544366,"Jinu Nyachhyon","2026-07-24 11:59:35",14.921,7,"nyachhyonjinu,suwubham,timilsinabimal"
4591,16584298,Fateyongheng,"2026-07-24 02:27:20",14.931,6,fateyongheng
4592,16160520,Yuya,"2026-07-21 22:23:05",14.937,19,yuyayuya
4593,16556876,Breaking1800,"2026-07-17 05:26:59",14.950,2,breaking1800
4594,15894796,"Anirudh Dhoot","2026-05-10 00:02:45",14.954,6,anirudhdhoot
4595,16542482,"Nirmani Nanayakkara01","2026-07-28 08:57:21",14.954,3,nirmaninanayakkara01
4596,15988909,SarahShams,"2026-06-03 00:17:43",14.962,13,sarahshams
4597,16313061,tensor_titan,"2026-06-13 17:53:15",14.964,4,"ragaraja14,udaken10"
4598,16232669,LymeRegis,"2026-06-12 16:31:55",14.970,8,lymeregis
4599,15920086,"Vivek Gaur","2026-07-11 18:11:09",14.972,16,vivekgaur9972
4600,15894637,"Rain Chew","2026-07-13 08:05:40",14.973,4,rainchewls
4601,15985479,"Savas Papadopoulos","2026-06-03 18:07:30",14.976,11,savasp
4602,16092521,"Mustafa Abdeali","2026-05-29 12:12:13",14.977,1,mustafaabdeali
4603,16313128,nhac43,"2026-06-17 13:31:58",14.978,2,nhac43
4604,16498143,QuackQuack,"2026-07-28 18:14:56",14.979,5,"bomaiq,cy45106501"
4605,16056669,"Pablo Lacentre","2026-07-27 15:02:53",14.979,16,pablolacentre
4606,16555274,hirofu23,"2026-07-27 13:37:38",14.994,1,hirofu23
4607,15863949,none00000,"2026-05-08 10:13:54",14.998,11,none00000
4608,16012229,"Chanon Tar","2026-05-22 12:47:12",15.006,2,chanonaup
4609,15873976,"Akshay Balaji","2026-05-09 13:49:10",15.008,4,mrakshaybalaji
4610,16229821,"Navjeet Singh","2026-06-07 13:42:30",15.011,6,navjeet1singh
4611,16484108,"Jothirmoy Sarker Shuvo","2026-07-04 04:06:33",15.014,1,jothirmoysarker001
4612,15868224,San1,"2026-05-16 01:44:28",15.016,7,sannakawettimuny
4613,16399173,khanna.rohit5,"2026-07-20 14:06:41",15.021,13,khannarohit5
4614,15898999,"Zoubair Kachri","2026-05-12 07:44:48",15.024,12,zoubairkachri
4615,15949089,"peixuan guo","2026-05-14 16:49:11",15.028,3,peixuanguo
4616,16391618,"Yue Lu","2026-07-07 09:45:03",15.037,33,yuelucn
4617,15864264,m-saber31,"2026-07-21 07:32:03",15.038,3,msaber31
4618,16266540,C0dez,"2026-06-18 11:46:53",15.048,15,minovkjomon
4619,15881271,"Mr. Bruce","2026-05-09 04:02:21",15.071,4,muhammaddanyalmalik
4620,16083501,YellwoJune083,"2026-05-27 04:01:43",15.074,10,yellwojune083
4621,16018466,"Anas Elkot","2026-07-05 14:07:01",15.076,188,anaselkot
4622,16488858,"Ahsaf Ahamed","2026-07-27 09:15:19",15.077,1,ahsafahamed
4623,16066544,AbbySh12,"2026-05-30 03:06:59",15.079,13,abbysh12
4624,16441213,"FranK yan","2026-07-02 10:33:16",15.080,4,erhankangyan
4625,16290513,EEkarot,"2026-06-12 11:29:50",15.086,1,eekarot
4626,16385168,"Ankur Chaudhari","2026-06-19 23:26:22",15.091,5,ace526
4627,16113175,"Błażej Radzik","2026-07-23 21:25:18",15.099,44,baejradzik
4628,16056938,waiwai0121,"2026-06-08 13:59:42",15.105,1,waiwai0121
4629,16222339,"ren soura","2026-06-05 12:25:38",15.106,2,rensoura
4630,15866024,noobhound,"2026-05-06 20:41:25",15.110,4,knowledgegrappler
4631,16444188,"Osman Varol_99","2026-07-20 14:14:08",15.120,12,osmanvarol99
4632,16542930,109550026,"2026-07-28 17:04:55",15.120,12,youngyunghsiang
4633,16399398,"Zakir Ali","2026-06-21 14:08:45",15.127,1,zakirali22
4634,16107191,"vinay chandwada","2026-05-29 07:36:03",15.145,2,vinaychandwada
4635,15986214,"ِِAmer Ziad","2026-05-22 17:27:40",15.150,15,amer2121
4636,15866632,"Omar Abdelfattah Atef","2026-06-09 01:42:20",15.151,84,omarabdelfattahatef
4637,16500359,"Sergei Martynov","2026-07-28 13:41:45",15.154,3,sergeimartynov
4638,15868200,josuebb,"2026-05-08 17:25:47",15.155,4,josuebb
4639,16254532,"Charbel Nehme","2026-07-06 06:43:55",15.159,2,charbelnehme
4640,16038204,zhuyurui,"2026-06-10 05:59:03",15.160,21,zhuyurui
4641,16234670,sanjay,"2026-06-05 15:21:03",15.166,3,sanjaynn
4642,16233968,Sparrow,"2026-06-19 00:38:37",15.168,4,sathiyaarumugam
4643,15888149,QATAR26,"2026-05-10 01:25:37",15.171,12,qatar26
4644,16012592,"Yu Saito","2026-06-11 04:28:49",15.172,2,yusaito0626
4645,16002927,"Mike Bai","2026-07-09 15:28:19",15.179,4,nasur0819k
4646,16267520,Khaled0001,"2026-06-24 21:15:28",15.183,14,khaled0001
4647,16487728,Leifson1337,"2026-07-06 09:33:44",15.184,9,leifson1337
4648,16313570,"Phat Tran","2026-06-28 10:37:19",15.187,4,ptran1203
4649,16024637,"saurav ghoshal","2026-07-23 14:16:58",15.191,1,ghoshalsaurav
4650,16421171,Jekasm19,"2026-06-24 03:25:19",15.193,4,jekasm19
4651,16298615,"Abdualla Nasser","2026-06-29 20:50:42",15.197,7,abdallanasserelsayed
4652,16508168,"X der X","2026-07-15 12:28:47",15.203,1,vix0159
4653,16217999,Blue781,"2026-06-19 17:41:46",15.203,23,blue781
4654,16437828,kekekk,"2026-07-18 08:28:29",15.206,2,kekekk
4655,16050279,sam,"2026-05-29 09:25:25",15.209,1,ka1010647987
4656,16479814,Dev049,"2026-07-11 07:45:21",15.219,2,dev049
4657,16458963,PRANAV140307,"2026-07-02 15:27:35",15.227,9,pranav140307
4658,15870065,"Ved Kantawala","2026-05-06 08:46:15",15.240,2,ved178
4659,15876933,"Denis Smyslov","2026-05-07 07:38:55",15.244,1,denslov
4660,16610802,minhtrix,"2026-07-28 19:14:56",15.268,1,minhtri93
4661,16233539,CandiceChen6,"2026-06-09 00:03:29",15.269,7,candicechen6
4662,16295745,"lurs lurs","2026-06-11 09:01:01",15.270,1,lurslurs
4663,16411107,"Thành Toàn Vương","2026-07-05 00:01:35",15.275,1,thnhtonvng
4664,15879804,"Py Begi","2026-05-13 11:49:42",15.275,20,konodera
4665,16422212,"Jepherson Sales","2026-07-07 20:36:54",15.286,26,jephersonsales
4666,16404527,"Vladimir Zvezdkin","2026-06-21 00:46:49",15.286,2,vladimirzvezdkin
4667,16561081,"Ayodeji Akinola","2026-07-28 07:35:48",15.293,10,ayodejiakinola
4668,15993672,dia,"2026-05-16 11:47:26",15.294,1,adkasd
4669,15950358,"Samer Attrah","2026-07-28 17:22:40",15.301,45,samerattrah
4670,15887470,assent,"2026-05-10 15:14:47",15.306,10,assent0817
4671,16402316,"Anshul Ekka","2026-07-15 08:03:10",15.307,3,anshulekka
4672,16100380,"Hernán D. Bardi","2026-07-23 20:03:58",15.312,10,hernndbardi
4673,16581962,rohitsharma8,"2026-07-21 18:33:16",15.319,1,rohitsharma8
4674,16474376,atom1231,"2026-07-03 02:10:19",15.322,2,atom1231
4675,15939454,herok0809,"2026-06-22 02:40:17",15.325,17,herok0809
4676,16032650,illusion_233,"2026-06-06 09:48:19",15.326,2,illusion233
4677,16566253,SwastikR,"2026-07-19 06:09:55",15.342,1,swastikr1001
4678,16001923,MarWenK,"2026-06-02 11:31:52",15.346,5,marwen027
4679,16207887,"Clawdy Huang (Andy's AI)","2026-06-24 05:31:22",15.347,10,clawdyhuang
4680,16600063,Remielle,"2026-07-28 15:52:20",15.348,3,remielle
4681,15921892,BalconesKeys,"2026-07-06 01:40:42",15.349,5,balconeskeys
4682,16099001,"Daniil Volkov","2026-06-03 13:05:48",15.351,2,gammafuncti0n
4683,16146573,"Obonyo Okech","2026-06-04 16:04:12",15.355,18,obonyookech
4684,16475429,scu_12400662,"2026-07-03 11:20:35",15.360,8,whatnews72
4685,16089762,"Paul Joseph","2026-06-18 13:50:13",15.363,20,paultechm
4686,16428714,Siel,"2026-06-28 21:37:29",15.372,10,aeshmadaeva
4687,15870963,"chiranjib patra","2026-05-09 08:37:57",15.374,2,chiranjibpatra123
4688,16590675,"JunHyung Kang","2026-07-25 14:28:14",15.375,1,junhyungkang
4689,16505720,cchang314,"2026-07-17 01:57:34",15.405,5,cchang314
4690,16277596,vinpro,"2026-06-28 07:17:51",15.407,31,vinprofessionalapps
4691,15876955,"Wendy Kuffel","2026-05-09 23:54:04",15.425,6,wendykuffel
4692,16486691,"Chethana Dilhari","2026-07-25 09:40:27",15.427,7,chethanadilhari
4693,15993823,"Bobby Kumar","2026-06-26 11:20:40",15.428,8,bobbyyadav1950
4694,16549935,AKIK,"2026-07-15 13:54:48",15.438,1,arielklein
4695,15990470,"Gautham Kaarthik","2026-07-11 10:42:46",15.439,27,gauthamkaarthik
4696,16002070,"Andrews OSEI","2026-05-18 06:59:07",15.447,1,andrews44
4697,16125237,"Yvan Richard","2026-06-19 21:48:23",15.447,3,yvanrichard1
4698,16142994,"Matt Dwyer","2026-07-28 19:36:37",15.451,24,user182827
4699,16607552,P34P3P,"2026-07-28 08:05:52",15.451,3,p34p3p
4700,16297904,cjcxyali,"2026-06-15 10:51:23",15.452,4,cjcxyali
4701,15883373,"Rahul singh000","2026-07-27 09:46:44",15.455,69,rahulsingh000
4702,15977703,"Oscar Mendez11","2026-07-03 11:16:01",15.464,22,oscarmendez11
4703,16448614,"Updated and Upgraded","2026-07-07 16:38:30",15.466,15,rohanhallur
4704,16007092,"Chii-Wha Hwang","2026-06-24 20:25:51",15.471,6,chiiwhahwang
4705,16162674,"Philippe REYNAUD","2026-07-16 15:58:48",15.484,6,philippereynaud
4706,16018305,"Archana Anandakrishnan","2026-05-21 02:16:13",15.484,7,renuk16
4707,16419583,"Blue Light","2026-06-30 01:14:03",15.486,3,bluelight22
4708,16030668,"khwaja Moula'Ali","2026-07-27 10:41:15",15.488,122,khwajamoulaali
4709,16366614,"Nabil Mansour","2026-06-17 22:40:05",15.491,10,nabilmansour
4710,16593470,DataSamuraiLab,"2026-07-27 09:49:04",15.495,2,datasamurailab
4711,16536211,xxlcxsh,"2026-07-12 21:41:31",15.497,1,aopsfapojfmvoiv
4712,15874757,"Elizio Cezarino","2026-05-20 00:13:08",15.506,25,eliziocezarino
4713,16447865,"Tarek Chehade","2026-06-28 20:12:46",15.508,3,tarekchehade
4714,16574643,ZhangLiuOvO,"2026-07-22 09:55:10",15.509,4,zhangliuovo
4715,16579932,AnnaPlugn,"2026-07-22 07:17:05",15.509,4,annaplugn
4716,16310995,gato_cassandra,"2026-07-03 11:39:03",15.517,3,wandererxun
4717,16269980,SN,"2026-07-10 22:24:49",15.518,4,pluvias
4718,15928411,"Kevin De Jesuss","2026-06-04 04:21:22",15.520,9,kevindejesuss
4719,16589938,goat23,"2026-07-24 00:22:35",15.524,1,goat23
4720,16337514,abhijitdalal@26,"2026-06-15 11:24:32",15.525,1,abhijitdalal26
4721,16363445,"fukuchi keita","2026-06-16 13:46:58",15.525,2,fukuchikeita
4722,15866377,"Dhairyasheel Patil","2026-05-25 00:19:32",15.526,7,dp3979
4723,16053202,"Katelyn Wong","2026-06-04 06:09:27",15.530,10,katelynkwong
4724,16586532,kwonj0815@gmail.com,"2026-07-22 18:21:12",15.538,1,kwonj0815gmailcom
4725,16464298,"xiang W","2026-07-27 12:26:02",15.543,9,xiangwaaaaa
4726,16121622,Winners,"2026-06-03 11:44:15",15.551,1,soumyacode8
4727,15900277,"Mathias Spurr","2026-05-16 13:04:41",15.553,10,scitus
4728,15868429,"bruno nanwo","2026-05-19 20:13:09",15.572,31,brunonanwo
4729,15970208,kusunoki_hi,"2026-05-18 07:16:28",15.576,4,kusunokihi
4730,16443144,Ararin_makoto,"2026-07-20 12:14:25",15.576,3,ararinmakoto
4731,16413946,Mimosa,"2026-06-23 13:34:20",15.576,5,leiyongjie
4732,16364511,"hamza khokhar890","2026-07-24 10:49:41",15.578,4,hamzakhokhar890
4733,16534001,"Y Le","2026-07-14 05:10:49",15.579,1,ylevan78
4734,15912794,teo,"2026-05-10 15:09:52",15.580,3,teodorflorinbutnaru
4735,15968671,"Mikhail Lebed","2026-06-19 14:20:44",15.588,6,swanml
4736,16144404,"Jeswin Tobias","2026-06-25 12:36:28",15.594,7,jeswintobias
4737,15869069,"Gururaj Masali","2026-05-14 03:13:14",15.595,15,gururaj10592
4738,15867568,"stathis maurog","2026-05-06 16:49:18",15.596,1,stathismaurog
4739,16236991,"ML Chumps","2026-06-22 20:23:22",15.597,14,lrdcmndrjonsnow
4740,16099638,"Mees Wierenga","2026-06-18 23:07:22",15.597,11,"meeswierenga,sanderkievits"
4741,16318928,"Hamza Mehyeddeen","2026-07-19 12:42:53",15.602,1,hamzamehyeddeen
4742,16319017,lovely_doggy_baron,"2026-06-21 09:01:31",15.610,1,baronchan
4743,15937977,Pratim,"2026-05-21 18:46:18",15.618,6,pratimukherjee
4744,16498153,"arthur fachel","2026-07-22 21:03:48",15.629,21,arthurfachel
4745,16056549,Noir,"2026-06-30 02:27:15",15.630,25,nuitnoir
4746,16538619,"Arnau Fàbregas Figueras","2026-07-19 11:12:42",15.630,1,arnaufbregasfigueras
4747,15926580,"Jiawei Zhao","2026-07-28 12:11:30",15.633,26,c789a123
4748,16190774,"zhan renyi","2026-06-04 10:28:15",15.633,10,zhanrenyi
4749,16396970,"Liew Keong Han","2026-07-23 12:27:48",15.635,17,farmountain
4750,15868869,"Jonny Hachi","2026-07-22 03:52:13",15.641,59,doihiro
4751,16445157,"Juan Cruz Rosales","2026-07-14 23:26:23",15.643,40,juancruzrosales
4752,16479731,"Lalo Chavez","2026-07-04 15:42:24",15.651,3,lalochavez6666
4753,16020929,俊宏野方,"2026-05-22 05:36:41",15.654,4,ncookie0123
4754,15876203,"Antony Alosanai Promilton","2026-05-07 08:38:05",15.657,9,geopromilton
4755,16136437,"Taylor S. Amarel","2026-07-23 13:22:27",15.658,11,taylorsamarel
4756,16387702,"Mingxian HAN","2026-06-24 09:00:57",15.663,6,mingxianhan618
4757,16257208,"Edwin Ruiz","2026-06-16 07:45:00",15.669,6,e1ruiz
4758,16558232,Sarthak,"2026-07-23 05:36:48",15.670,4,srthkdixit
4759,16557684,"Đức Hải Hà","2026-07-20 07:20:13",15.671,7,tankinguyen
4760,16412590,"İsmail Bilal Akbulut","2026-07-13 10:14:04",15.674,16,smailbilalakbulut
4761,16266582,"Luca Tamburrini","2026-07-28 14:56:15",15.679,25,lucatamburrini
4762,16545081,"Harsh Kaushik","2026-07-20 14:43:12",15.686,2,kaushikharsh99
4763,16531779,"futong Zhu","2026-07-18 03:52:55",15.689,7,futongzhu
4764,16083146,cg,"2026-05-29 12:22:54",15.699,14,chaitanyagarg2
4765,16488101,"Yuta Tomimasu","2026-07-06 23:05:48",15.704,3,yutatomimasu
4766,15976821,"Manurupan M","2026-06-08 17:39:31",15.704,7,manurupanm
4767,16252265,ariwori,"2026-06-07 02:31:02",15.705,1,ariwori
4768,16146655,"James Hinshaw","2026-07-27 12:57:58",15.707,17,jameshinshaw
4769,16208300,weiyi,"2026-06-04 03:11:20",15.709,5,txdywy
4770,16254108,sakusaku,"2026-06-13 18:42:16",15.710,4,sega1031
4771,16162250,"Jacob Stambaugh","2026-06-04 14:14:30",15.712,4,jacobstambaugh
4772,16498615,nsugar,"2026-07-08 02:32:38",15.715,6,nsugar7
4773,16549673,tkw_team,"2026-07-28 12:28:13",15.716,1,"cshunorhuni,davidcaraman,ilinamircea,maiervladalexandru"
4774,16399090,shu10038,"2026-07-19 11:56:47",15.718,51,shu10038
4775,15871059,"Nirmala Janakiraman","2026-06-08 17:43:39",15.726,16,nirmalajanakiraman
4776,16553622,justmayank,"2026-07-17 04:33:26",15.730,10,justmayank
4777,16118919,vashi1000,"2026-06-09 22:40:49",15.739,3,vashi1000
4778,16048023,"Ιωάννης Σταμελιάς","2026-07-28 15:39:32",15.739,64,giannhsstamelias
4779,15869404,NikolAiD153,"2026-05-06 03:38:20",15.744,1,nicholas33
4780,15913198,aletheia,"2026-05-09 23:36:54",15.744,1,aletheia
4781,15866564,Bubbles,"2026-05-08 19:33:39",15.744,5,nate1799
4782,16176313,hugo567,"2026-07-06 04:29:56",15.745,1,hugo567
4783,16215966,SEMHAQ,"2026-06-04 10:58:36",15.745,5,xsemhaq
4784,16516568,"Naga Bhanuja","2026-07-11 13:25:57",15.747,1,nagabhanuja
4785,16062450,SSquare,"2026-07-17 11:13:06",15.754,9,itsshardul
4786,16059786,Danish7x7,"2026-06-01 07:19:20",15.757,2,daxis0
4787,15869102,"Shashi Bhushan Ekka","2026-05-29 07:59:45",15.763,11,shashibhushanekka
4788,16341485,"Tuấn Lê Huỳnh Anh","2026-06-15 05:24:13",15.763,4,tunlhunhanh
4789,16068609,FourBytes,"2026-05-25 16:09:02",15.765,2,fourbytes
4790,16154106,"M.Harshavardhan Raju","2026-07-06 09:36:21",15.765,22,"gnanadeepthatavarthi,mharshavardhanraju"
4791,15892518,Neelgreev,"2026-07-12 20:26:21",15.768,2,neelgreev
4792,16278606,Yeeeke,"2026-06-14 15:11:55",15.769,17,yeeeke
4793,16230944,EDICTLAB,"2026-06-05 01:47:42",15.772,1,edictlab
4794,16084793,"Purit Chansilpa","2026-05-27 19:52:42",15.773,4,puritchansilpa
4795,16533569,"Timur Fazliev","2026-07-12 09:15:59",15.773,1,elenberg001
4796,16514347,"Ethan Zhang","2026-07-10 02:54:37",15.791,6,ethanzys
4797,16019244,"Shiv Akash S M","2026-06-07 06:52:09",15.798,2,shivakashsm
4798,16418555,"Muhammad Yassir Ramadhan","2026-06-23 06:57:30",15.798,1,yassirramadhan
4799,16075729,shivansh,"2026-05-29 12:05:25",15.799,7,skyduh
4800,16506594,Hacker's_Myth,"2026-07-16 07:53:35",15.803,11,"amrender429,anmol0071,ayushtripathi897898"
4801,16158761,"Sunain Dhingra","2026-06-24 07:25:59",15.809,6,sunaindhingra
4802,16266691,"Milanto FR","2026-06-08 15:49:43",15.820,4,milantofr
4803,15975730,"Adolfo Olea","2026-05-16 20:29:34",15.822,4,oleaguta
4804,16148585,"Gil Sanchez Ramirez","2026-06-18 06:27:51",15.823,13,gilsanchezramirez
4805,16510020,DeepakGeorge02,"2026-07-15 22:29:42",15.826,1,deepakgeorge02
4806,15972063,"Black Panthers","2026-06-29 11:36:36",15.833,64,"harsha1215,tarun71"
4807,16321840,"Anish Patnaik","2026-06-13 06:03:41",15.837,2,anishpatnaik
4808,16032748,on1122finish,"2026-07-08 22:31:20",15.837,2,on1122finish
4809,16054331,yusuke.hata0801,"2026-05-24 05:28:04",15.838,5,yusukehata0801
4810,15947316,"Daujohn [dsml.kz]","2026-05-28 21:08:59",15.841,3,aithbb
4811,16539846,"ASDM HUB","2026-07-16 18:19:16",15.845,6,jesushechavarria
4812,16019092,"yuktha bodepudi","2026-07-21 01:53:55",15.847,3,yukthabodepudi
4813,16259278,"Mikhail Bovt","2026-06-21 05:34:26",15.850,5,mikhailsovab
4814,16541353,mayukistarry,"2026-07-19 12:26:11",15.852,6,mayukistarry
4815,15865001,CLOKOIHUE,"2026-07-20 11:11:27",15.852,170,clokoihue
4816,16089795,"Andrew Uhle","2026-05-27 23:35:43",15.853,4,andrewuhle
4817,16074709,"Klim Novikov","2026-05-27 07:57:37",15.859,9,klimnovikov
4818,15945361,"Yeshwanth Balaji #2","2026-05-13 08:43:32",15.863,1,yeshwanthbalaji
4819,15871360,"BigDataAnalysis Teamm","2026-05-23 07:54:30",15.871,32,"bugkimjongho,hyunno,jaehyeok328,kimjunheeeee,seungbaekleeee"
4820,16051743,"Hugo F Valdez","2026-06-12 01:28:16",15.874,11,hugofvaldez
4821,15865439,bzg2007,"2026-05-11 08:52:48",15.875,14,bzg2007
4822,16070274,zzzzz,"2026-05-30 09:14:24",15.876,6,huangzchao
4823,16251038,"Jin ziru_king","2026-06-18 08:07:07",15.877,1,jinziruking
4824,15947299,"Vishwas Kant","2026-05-14 13:13:47",15.882,4,vishwaskant786
4825,15870197,"Prantik Chandra","2026-05-08 10:26:40",15.883,7,prantikchandra
4826,15864123,hondana29,"2026-05-25 15:08:11",15.883,2,tanadaaa
4827,16590069,Yusuf,"2026-07-24 07:02:12",15.883,2,yusufsadpc
4828,16281610,"Mr BehPa","2026-06-30 17:19:36",15.883,8,mrbehpa
4829,15950919,Mohamed_Ali_Mohamed_84,"2026-06-24 14:24:38",15.883,17,mohamedalimohamed84
4830,15867932,FAGZ,"2026-05-09 01:27:43",15.883,1,furqanalghifari
4831,15868853,scroogeyan,"2026-05-14 13:44:52",15.883,24,scroogeyan
4832,16033065,"Firman Imam","2026-05-22 10:46:18",15.883,3,piririp
4833,16054111,"Yusuke Takeuchi","2026-06-24 01:00:28",15.883,15,yusuketakeuchi828
4834,16115496,Batmobil,"2026-06-01 02:45:58",15.883,3,batmobil
4835,16245317,"Princess Posse","2026-06-09 22:04:54",15.883,1,samuellanthaler
4836,16302211,RickPack,"2026-07-12 21:03:06",15.883,22,rickpack
4837,15869054,"Minal kharat123","2026-07-06 06:48:26",15.883,1,minalkharat123
4838,16492668,"Aman #2","2026-07-07 20:24:31",15.883,1,amank95amank95
4839,16574995,"DEHAI WANG","2026-07-28 05:59:00",15.883,44,dehaiwang
4840,15868510,ChocolateSerotonin,"2026-05-06 03:25:45",15.883,4,chocolateserotonin
4841,15871424,"Shiro Kawakita","2026-05-06 06:36:36",15.883,1,nigo1973
4842,15865723,"Stas Chereshkevich","2026-05-06 07:41:07",15.883,1,staschereshkevich
4843,15867257,"Shivnath Tathe","2026-05-06 17:06:05",15.883,3,shivnathtathe
4844,15864872,"Michael Clancy","2026-05-06 18:15:55",15.883,4,michaelclancy112
4845,15880450,Nephorion,"2026-05-07 10:10:25",15.883,5,museofnephorion
4846,15867803,Howard（ホワルド）,"2026-05-07 08:25:41",15.883,5,howarudo
4847,15874091,AkshatNegi121,"2026-05-08 10:54:29",15.883,7,akshatnegi121
4848,15869647,Bhaskar,"2026-05-07 15:44:34",15.883,1,csbenk
4849,15885349,"Gregory Cornell Johnson Jr","2026-05-20 02:40:05",15.883,61,axiomepmhm
4850,15868622,AthulJenson,"2026-05-09 14:35:39",15.883,1,athuljenson
4851,15868216,"kitory Yeah やきとり","2026-05-10 05:10:48",15.883,5,kitoryyeah
4852,15898552,"Chris Usoroh","2026-05-11 06:26:38",15.883,10,christianusoro
4853,15931551,"Yutao Sunn","2026-05-11 21:03:51",15.883,5,yutaosunn
4854,15927851,"marco bortolotti","2026-05-23 17:54:10",15.883,7,marcobortolotti
4855,15944911,"Vahram Martirosyan","2026-05-15 06:14:30",15.883,5,vahrammartirosyan
4856,15866794,"Kevin Román","2026-05-21 06:20:40",15.883,23,elo2095
4857,15867193,Juanky_too,"2026-06-03 23:46:44",15.883,9,juankytoo
4858,15947941,"Sunitha Anjali Bai Nenavath","2026-06-16 19:05:59",15.883,14,sunithaanjali
4859,15999296,"Ryan Tolone","2026-05-17 07:26:19",15.883,2,ryantolone
4860,16002598,"Thibaut Forest","2026-05-19 12:11:37",15.883,3,thibautforest
4861,15895369,"Tim Neel","2026-05-18 15:16:47",15.883,1,timneel
4862,15884709,"huc oolz","2026-05-18 16:31:30",15.883,1,hucoolz
4863,15867366,"Yisak Birhanu Bule","2026-05-18 17:07:19",15.883,1,yisberh
4864,16009227,ExMachina,"2026-06-06 07:34:22",15.883,9,robinschmidt
4865,15905664,"Samuel Doyon","2026-05-18 22:32:10",15.883,1,samueldoyon
4866,15975727,Nora,"2026-05-19 21:09:55",15.883,1,a906842455
4867,16028493,JYXXXX,"2026-05-21 07:50:51",15.883,6,jyxxxx
4868,15875958,Prakash,"2026-06-07 15:56:27",15.883,39,mlkash
4869,15886938,"Ogheneruona Egueke","2026-05-27 02:14:46",15.883,15,ogheneruonaegueke
4870,16036805,"Greg Partin","2026-05-21 01:50:00",15.883,6,emergentphysicslab
4871,16041737,"Yaotong Niu","2026-05-25 04:59:36",15.883,6,yaotongniu
4872,16043506,"Francois Carre","2026-05-21 18:54:25",15.883,2,francoiscarre
4873,15962559,"Spam Izra","2026-05-23 11:26:37",15.883,14,spamizra
4874,16022557,Martyanov_ivan,"2026-05-23 11:06:33",15.883,5,martyanovivan
4875,15937582,komo,"2026-05-23 08:59:58",15.883,1,komodata
4876,16079648,ASetiawan,"2026-05-26 06:27:22",15.883,1,aderiannovito
4877,15892828,shige,"2026-05-26 13:11:04",15.883,1,shimishige
4878,15868964,CitizenKorea,"2026-06-10 08:45:48",15.883,118,citizenkorea
4879,15872105,"Pedro FG Soares","2026-05-28 09:10:11",15.883,2,pedrofgsoares
4880,15886742,parseltung,"2026-05-29 05:23:29",15.883,2,parselt
4881,16108196,"Mohit #2","2026-05-29 08:46:25",15.883,1,mohitlikestocode
4882,16065849,"Dr-Deljo Davis","2026-05-30 11:58:14",15.883,5,deljodavis
4883,16105915,"Wesley H","2026-06-01 15:45:49",15.883,5,notsure20099
4884,15867816,"Vanjunn “MAVY” Pongasi","2026-07-25 09:55:02",15.883,62,vanjunnmavypongasi
4885,15888341,JamshaidSohail,"2026-05-31 19:46:40",15.883,1,jamshaidsohail5
4886,16137247,"Matthew J","2026-05-31 23:40:20",15.883,1,incheonkirin
4887,16048024,philsing2001,"2026-06-01 07:59:00",15.883,1,philsing2001
4888,16149603,"Alexander Dickbauer","2026-06-01 22:38:19",15.883,1,alexanderdickbauer
4889,15988660,"MAKWELE WISHBERT","2026-06-02 07:32:59",15.883,1,makwelewishbert
4890,16161560,"Ashish naik","2026-06-02 17:51:00",15.883,1,ashunaik
4891,16190685,Sruthijha,"2026-06-03 10:17:08",15.883,1,sruthijha
4892,16067669,"Hayato Komiya","2026-06-04 02:20:23",15.883,4,hayatokomiya
4893,16202582,CleAAAAAA,"2026-06-04 08:36:50",15.883,5,sunning11
4894,16215267,"Nika U","2026-06-05 06:28:20",15.883,8,nikauiokasd
4895,15876342,"Sanyam Vasan","2026-06-05 07:27:51",15.883,1,werewolff
4896,15868046,fura2AM,"2026-06-07 17:51:53",15.883,10,kruskal
4897,16233414,"[Deleted] 3776f322-7c40-4bc4-bc33-2608e41a40d0","2026-06-08 09:52:23",15.883,14,del=98c4f34b594e233d
4898,16216779,kasagon4747,"2026-06-20 07:27:17",15.883,2,kasagon4747
4899,16207455,_.tushhaaarrrr,"2026-06-14 13:28:03",15.883,12,tushhaaarrrr
4900,16267319,El_Hassan_79,"2026-06-09 15:00:33",15.883,6,elhassan79
4901,16245819,"Franklin Felix","2026-06-09 00:01:15",15.883,1,franklinfelix
4902,15993647,"haidar ali","2026-06-29 03:50:58",15.883,12,haidarali1
4903,16274417,YaoXiaoming,"2026-06-09 10:15:46",15.883,2,yaoxiaoming
4904,16276027,reasonofmoon,"2026-06-09 08:47:22",15.883,1,reasonofmoon
4905,16276728,"Toqi Tahamid","2026-06-09 11:02:07",15.883,1,toqitahamid
4906,16278826,"Rakhi Goud","2026-06-12 10:03:57",15.883,2,rakhigoud
4907,16270493,"Burçak Demirel #2","2026-06-09 17:57:03",15.883,6,burcidem
4908,16270766,abacuss85628,"2026-07-28 15:52:04",15.883,2,abacuss85628
4909,15924236,blousy,"2026-06-10 06:47:07",15.883,1,blousy
4910,16287592,"Shankar Lal","2026-06-10 11:28:11",15.883,2,ershankar
4911,15948796,Kaz,"2026-06-10 15:16:58",15.883,1,kazuhikoariyoshi
4912,16248448,Iambruce,"2026-07-28 10:45:17",15.883,35,mahboobbiswas
4913,16280681,Phoo,"2026-06-11 18:41:46",15.883,2,phoochit
4914,16103641,"Norberto Jarmoluk","2026-06-11 18:46:39",15.883,17,norbertojarmoluk
4915,15947927,"J. Jung","2026-06-12 21:40:48",15.883,1,jjung32
4916,16306039,"David BU","2026-06-13 03:07:29",15.883,4,davidusta
4917,16216902,"Anuj Saha","2026-06-14 06:30:13",15.883,15,anujsaha0123456789
4918,16322810,"Kazi Almuqtadir","2026-06-15 09:16:00",15.883,5,kazialmuqtadir
4919,16145182,パンダペンギン,"2026-06-13 17:04:57",15.883,1,inarin18
4920,16238450,Mikhail,"2026-06-13 18:13:07",15.883,1,mikhailrudenk000
4921,16282610,"game bb","2026-06-13 22:47:17",15.883,3,gamebb
4922,16327682,"Metehan Küçük","2026-06-13 23:14:36",15.883,2,aideveloper2024
4923,16090228,franticXu,"2026-07-15 02:10:47",15.883,10,franticxu
4924,16276845,"Yongbum Kim","2026-06-16 09:23:40",15.883,3,aioptic
4925,16145338,tonlien,"2026-06-14 11:19:22",15.883,2,tonlien
4926,16341562,Tigger77,"2026-06-14 17:32:00",15.883,1,tigger77
4927,16356593,scadobe,"2026-06-15 16:35:28",15.883,2,scadobe
4928,16086493,a.koyanagi,"2026-06-15 20:33:10",15.883,2,koyanagi
4929,16087888,HABP,"2026-06-16 00:57:29",15.883,1,henriqueabpassos
4930,16369043,"Manoj Pawar","2026-06-17 10:23:34",15.883,6,manojpawar24
4931,15878776,"Khayrul Islam","2026-06-24 23:25:04",15.883,5,khayrulbuet13
4932,16206724,IDDavidson,"2026-06-24 18:19:42",15.883,7,iddavidson
4933,16324045,Minachill,"2026-06-19 04:49:10",15.883,3,minachill
4934,16389938,jalFaizy,"2026-06-19 07:11:01",15.883,2,jalfaizy
4935,15915087,randyzhang666,"2026-06-19 09:25:34",15.883,1,randyzhang666
4936,16355571,"Golozhopiki corp.","2026-06-19 10:28:45",15.883,5,"hira0mi,inker1nmaa,neverexz"
4937,15938907,dekaineko,"2026-06-28 08:01:12",15.883,2,dekaineko
4938,16391212,Yipeee,"2026-06-20 12:25:08",15.883,1,harrishayy21
4939,15946400,"vijay thurimella","2026-07-04 11:13:22",15.883,90,vijaythurimella
4940,16388323,shniubobo,"2026-06-20 13:57:21",15.883,2,shniubobo
4941,16390784,rrc1052,"2026-06-20 23:20:57",15.883,1,rrc1052
4942,16117977,blablaSpirit,"2026-06-22 15:35:30",15.883,4,blablaspirit
4943,15907912,Archit,"2026-06-21 12:22:11",15.883,1,archit6t5t
4944,16410814,"Ryan Culligan","2026-06-22 00:42:10",15.883,1,theculliganman
4945,16289282,SergiejZardecki,"2026-06-22 11:10:04",15.883,1,sergiejzardecki
4946,16416868,TheWantedSHI,"2026-06-25 14:29:50",15.883,15,thewantedshi
4947,15864612,takaito,"2026-06-24 15:28:18",15.883,3,takaito
4948,16430884,"Maven YC Kim","2026-06-26 09:59:53",15.883,8,mavenyechankim
4949,16431709,Suyash,"2026-06-26 04:43:45",15.883,3,suyashviraaj
4950,15987031,"JAYA SANDEEP NARASIMHA CHOWDHARY NADIPALLI","2026-06-25 11:12:33",15.883,3,sandeepnadipalli
4951,16432197,"wen murohy","2026-06-25 10:48:47",15.883,1,wenmurohy
4952,16434959,abozten,"2026-06-26 08:00:56",15.883,1,abozten
4953,16432558,KangYeonCC,"2026-06-28 06:36:53",15.883,3,kangyeoncc
4954,16442595,"Selçuk Özkurt","2026-06-27 10:52:21",15.883,5,selukzkurt
4955,16443834,"Hanxiang Li","2026-06-27 16:45:30",15.883,1,hanxiangjames
4956,16443179,"Mohamed Hassan","2026-06-27 20:41:54",15.883,2,mohamedhassan77
4957,16445514,"Shravan Yoagentharan","2026-06-28 07:46:34",15.883,5,shravanyoagentharan
4958,16117731,"Wafiq Razy38","2026-06-28 09:46:26",15.883,10,wafiqrazy38
4959,16445688,Ryochinbo,"2026-06-29 03:53:49",15.883,10,ryoichiinoue
4960,16438889,ilPresidente26,"2026-06-28 15:40:56",15.883,3,ilpresidente26
4961,16438372,Güven,"2026-06-29 19:48:34",15.883,5,gvnalaca
4962,16330048,"Surekha Ramireddy","2026-07-03 08:35:18",15.883,15,surekharamireddy
4963,16451129,"Tikhon Vodyanov","2026-07-06 13:04:59",15.883,3,tikhonvodyanov
4964,16440516,"Djenk Ivanov","2026-06-30 19:46:01",15.883,5,djenkivanov
4965,16463669,"Turgut Nasrullayev","2026-07-01 07:07:39",15.883,2,turgutnasrullayev
4966,16464713,"Sophie Nguyen Thu Thuy","2026-07-01 09:06:07",15.883,1,sophienguyenthuthuy
4967,16243508,"AHMET YILMAZ","2026-07-02 14:30:47",15.883,10,ahmetyilmaz2579
4968,16470531,Nesryyyne,"2026-07-02 16:28:59",15.883,4,nesryyyne
4969,15924518,AshishSinghRawat,"2026-07-03 06:34:29",15.883,3,rawashishsin
4970,16428535,"Sergey Tkachenko","2026-07-04 14:09:27",15.883,2,sergeytkachenko61
4971,16481474,"Debasree Nanda","2026-07-06 00:09:44",15.883,4,debasreenanda
4972,16448959,PrakashGuru,"2026-07-04 07:17:18",15.883,4,prakgmrty
4973,16484241,Williamtime,"2026-07-04 08:30:44",15.883,1,williamtime
4974,16383713,"harsha varun m","2026-07-04 20:54:51",15.883,6,harshavarunm
4975,16459430,Akshatjhawar777,"2026-07-04 13:42:51",15.883,1,akshatjhawar777
4976,16376093,"Kayce Lancephil","2026-07-10 07:59:02",15.883,6,keithlancephil
4977,16466573,"Ramazan Turan","2026-07-07 00:10:40",15.883,9,ramazanturann
4978,16464432,1440minutes,"2026-07-07 14:01:18",15.883,2,chen2yoimiya
4979,15871110,OneBit,"2026-07-06 09:07:48",15.883,1,muhammadoaun
4980,16451785,SimKos17,"2026-07-06 13:32:26",15.883,1,simkos17
4981,16493310,CloudHolic,"2026-07-06 13:38:51",15.883,1,cloudholic
4982,16149745,"Kritika Benjwal","2026-07-06 21:28:55",15.883,1,kritikabenjwal
4983,16497805,"Mark Susol","2026-07-07 03:28:52",15.883,1,gdataranger
4984,16504509,ParkYeonggon,"2026-07-08 01:49:40",15.883,6,yeonggon
4985,16147753,N4k4nnur45h0h31,"2026-07-10 03:12:51",15.883,9,n4k4nnur45h0h31
4986,16573939,Stable,"2026-07-28 03:42:35",15.883,198,"dai1tong2yu3,lannuo,rong414,xichangwang317,zhaoqingyang2005"
4987,16481124,Moon,"2026-07-10 09:37:41",15.883,1,capybaralvu
4988,16384850,Yeesmodel,"2026-07-11 00:46:41",15.883,1,yeesmodel
4989,16368429,Nakami,"2026-07-11 09:24:04",15.883,1,natsukink
4990,16516633,"Alexander Nyongesa","2026-07-11 10:34:31",15.883,1,alexandernyongesa
4991,16534046,masakinoda111,"2026-07-12 16:04:41",15.883,5,masakinoda111
4992,16539612,SoraGinko,"2026-07-13 15:34:23",15.883,1,terrywuu
4993,16270446,"Collins Egyir","2026-07-14 04:42:30",15.883,2,cegyir
4994,15888675,"AHMAD HANIF MUGHAL","2026-07-14 09:09:59",15.883,5,ahmadhanifmughal
4995,16536964,"Samuels Winstons","2026-07-14 07:12:31",15.883,1,samuelswinstons
4996,16542678,"Mari Kitatani","2026-07-14 07:53:31",15.883,1,marikitatani
4997,16539597,"Zhixun Li","2026-07-14 19:12:30",15.883,5,superzhixunli
4998,16542047,SatoGo,"2026-07-15 08:33:05",15.883,1,satogo
4999,15870032,"Dhananjay bopche","2026-07-17 10:05:26",15.883,7,dhananjaybopche
5000,16553169,"Haruto ","2026-07-17 04:33:52",15.883,1,jdhchsifj
5001,15867383,"Md Boktiar Mahbub Murad","2026-07-18 05:20:58",15.883,4,mbmmurad
5002,16508297,"Dhanashri Shirtode","2026-07-20 10:35:08",15.883,4,dhanashrishirtode
5003,16559896,"Alem Rayane","2026-07-25 19:30:51",15.883,9,alemrayane
5004,15913002,"Trần Ngọc Các Uyên","2026-07-19 15:29:21",15.883,2,trnngcccuyn
5005,16577152,"Paul Marin","2026-07-21 09:18:21",15.883,1,paulmarinecl
5006,16537592,"Bukola Oke","2026-07-23 19:40:48",15.883,17,bukolaoke
5007,15873498,dexterxin,"2026-07-22 15:58:14",15.883,2,dexterxin
5008,16357667,"Pengchao Zheng","2026-07-22 16:36:58",15.883,1,pengchaozheng
5009,16569556,"Hữu Trung Lê","2026-07-25 18:16:32",15.883,4,huutrungle2001
5010,16588755,ohmahler93,"2026-07-23 07:28:55",15.883,1,ohmahler93
5011,16507796,"Arun #2","2026-07-23 16:48:55",15.883,1,arunbonagiri
5012,16463128,"Hamidun Nafi S","2026-07-24 04:13:17",15.883,1,ptpmansara1
5013,16021747,zyvren,"2026-07-24 10:21:17",15.883,2,sharif485
5014,16593108,hegelian-hippy,"2026-07-24 20:39:27",15.883,1,hamierdembozkaya
5015,16596650,liujieyou,"2026-07-25 04:18:42",15.883,4,liujieyou
5016,16598932,"Yong Ming-Jia","2026-07-27 10:19:08",15.883,10,ymingj
5017,16602713,"imnot xuanan","2026-07-27 04:09:28",15.883,2,imnotxuanan
5018,15910765,elmafia,"2026-07-27 04:38:29",15.883,68,tumbarell
5019,16600283,testofschool,"2026-07-27 07:35:04",15.883,1,testofschool
5020,16538875,"Gabriello Lombardi","2026-07-27 12:00:44",15.883,1,gabriellolombardi
5021,16600519,"Jayden Saji","2026-07-27 16:45:12",15.883,4,jaydensaji
5022,16603238,"Aleix López","2026-07-27 23:44:46",15.883,1,aleixlopez
5023,16515406,Anand___10,"2026-07-28 04:43:10",15.883,4,"anand252006,avishkardinde16"
5024,16605736,"LawrenceF Gao","2026-07-28 09:59:53",15.883,2,lawrencefgao
5025,16447406,"Mir Murtaza","2026-07-28 06:28:29",15.883,1,mathifydata
5026,16158317,naphthalene,"2026-07-28 07:12:08",15.883,1,"aaa0342,minjek"
5027,16588449,Heniath,"2026-07-28 13:17:52",15.883,1,ohmahler91
5028,16605049,@mldsdev,"2026-07-28 14:18:43",15.883,1,lan1mel
5029,16608588,"Liao Zixu","2026-07-28 17:27:48",15.883,1,liaozixu
5030,16531144,"Ahmed Mostafa","2026-07-28 18:17:02",15.883,1,republic966
5031,16331731,Taisei,"2026-07-14 15:12:27",15.883,2,taikiara
5032,16250193,"Steve Austin 124","2026-06-06 18:04:41",15.883,1,steveaustin124
5033,16270122,"Yashika Tulsani","2026-06-08 17:22:59",15.912,1,yashikatulsani
5034,15864525,"Ayush Tiwari","2026-07-06 15:11:45",15.914,6,ayushtiwariiitg
5035,15876474,"Vinicius Serra Vianna","2026-05-19 12:21:24",15.918,17,viniciusserravianna
5036,15868203,Shanku_x,"2026-05-26 11:37:50",15.925,14,shankux
5037,16426964,"shrenik sakla","2026-07-23 21:00:15",15.934,5,shreniksakla
5038,16410963,"Michael Kim","2026-06-21 23:50:27",15.940,2,michaelkim2025
5039,15869779,"Yang Wei Hao","2026-06-22 14:17:28",15.949,1,aichangeworld
5040,15999922,wangshushushu,"2026-05-18 08:54:08",15.951,1,wangshushushu
5041,16137874,IshT,"2026-06-18 19:14:08",15.955,8,someoneknows
5042,15917130,"Zhong Shenshi","2026-06-04 06:41:50",15.966,1,dezhizhang
5043,15976074,َGenuine,"2026-05-18 13:46:23",15.979,8,fatma91
5044,16241095,edgar000,"2026-07-28 06:27:02",15.981,4,edgar000
5045,16456372,"Nihar Salvi","2026-06-30 09:57:41",15.996,5,niharsalvi
5046,16487309,JL2306,"2026-07-20 18:19:00",15.998,3,jl2306
5047,16432053,durin2333,"2026-06-29 02:09:43",15.998,1,durin2333
5048,15872104,"Selim Halykov","2026-05-13 18:28:31",15.999,1,selimhalykov
5049,16533753,"XIE Jintao","2026-07-13 04:01:40",16.006,10,xiejintao
5050,16141895,"Stanislav Chistyakov","2026-07-13 09:39:22",16.014,6,chistyakov
5051,16436479,PoydenkoV,"2026-06-30 18:56:11",16.019,4,poydenkov
5052,15929237,Shreyas_S_Gunari,"2026-07-05 10:35:27",16.022,2,"aniruddhnaik13,sagarnarasannavar,shreyassgunari,siddarthkadat123,sudhanvsk"
5053,16241219,"Alvin Liu","2026-06-05 15:32:10",16.026,1,alvinliu0923
5054,16449365,"Kento Arakawa","2026-07-04 07:37:45",16.040,1,kentoarakawa
5055,16031644,Broccauli,"2026-05-23 19:29:06",16.055,3,broccauli
5056,16448577,"Sripad Joshi","2026-06-30 01:28:48",16.071,2,sripadj
5057,16495003,MathIsHard2,"2026-07-10 13:22:37",16.073,3,mathishard2
5058,16534504,"Aiden Hopkins","2026-07-16 13:53:13",16.074,3,aidenhopkins
5059,16083071,"Aryo Bagus KT","2026-05-28 14:38:21",16.097,1,aryobaguskt
5060,15867164,"Rahil Prakash Ram","2026-05-12 01:13:20",16.099,9,rahilprakashram
5061,16372346,Markrvtx,"2026-06-17 15:24:24",16.102,3,markrovotix
5062,16313730,wander6,"2026-06-15 06:33:54",16.122,10,wander6
5063,16141663,"Animesh Ratna","2026-06-04 07:26:45",16.127,9,animeshratna
5064,16504330,"Ethan J. Schauder","2026-07-20 21:09:02",16.137,12,ethanjschauder
5065,16430989,"Timothy Dillan","2026-06-25 08:32:56",16.138,1,timothydillan
5066,16097470,Abhishekbrp,"2026-06-22 08:49:07",16.138,2,abhishekbrp
5067,16139355,Hello39,"2026-07-15 02:05:05",16.152,16,hello39
5068,16128858,LiquiditySheepLynx,"2026-06-01 05:55:01",16.152,1,liquiditysheeplynx
5069,15889270,"Karl Steiner","2026-06-10 20:32:15",16.161,5,karlsteiner
5070,16249326,DeepMind,"2026-07-25 05:21:58",16.163,12,deepthink123
5071,16470987,yagihi,"2026-07-08 04:10:45",16.185,1,yagihi
5072,16442304,"Luck is all you need","2026-07-20 16:25:06",16.190,1,yxw666
5073,16114093,Robin,"2026-06-06 14:39:09",16.197,1,robinonsay1
5074,15964881,"Tudor Beloiu","2026-05-16 12:22:37",16.200,6,tudorbeloiu
5075,15889649,oriolgalceran,"2026-05-13 12:53:21",16.202,11,oriolgalceran
5076,16548596,Garv88,"2026-07-15 16:13:51",16.211,1,garv88
5077,16315380,"Florencia Strada","2026-06-26 23:01:46",16.216,2,florenciastrada
5078,15930211,"Jude Ogene","2026-05-18 18:35:50",16.236,4,judeogene
5079,16270090,"Sigurd Kleiven Torsnes","2026-06-09 20:15:17",16.237,5,sigurdkleiventorsnes
5080,15998308,"Tlotlo Oepeng","2026-05-23 15:34:49",16.258,6,tlotlooepeng
5081,16083694,"Thippeswamy H U","2026-05-31 12:05:51",16.277,5,thippeswamyhu
5082,15865076,"Abir Saha","2026-05-14 20:06:54",16.349,5,abirsaha2307
5083,16497152,"Ali Guerrero","2026-07-13 13:14:06",16.360,4,aliguerrero24
5084,16514475,"Josh Elberg","2026-07-23 04:54:22",16.369,1,joshelberg
5085,16090528,280,"2026-05-28 11:40:51",16.372,6,"glake8,leonardostoppani"
5086,16606984,AgentSnorlax,"2026-07-28 13:07:57",16.375,1,agentsnorlax
5087,16051955,"AMRIT Lahari","2026-05-24 06:02:43",16.379,3,amritlahari
5088,16211786,MillanH,"2026-06-04 07:45:02",16.385,2,millanh
5089,16127507,"Joao gabriel alves g","2026-06-10 18:48:41",16.392,5,joaogabrielalvesg
5090,16428355,"Nguyễn Đăng Khoa","2026-07-28 05:24:29",16.410,40,nguynngkhoawedrt
5091,15973265,"mar lec","2026-05-16 20:14:57",16.414,4,martinleclercq
5092,16545613,"Bhavesh Goel","2026-07-16 15:30:03",16.481,1,bhaveshgoel
5093,16380116,"Shashwat Parikh","2026-06-30 23:16:30",16.493,1,shashwatparikh
5094,15897017,chanKonabe,"2026-05-30 08:30:52",16.510,2,chankonabe
5095,16454636,"Beatriz Farias","2026-07-15 05:32:14",16.519,7,"beatrizfarias,caiopeixotogaldino,natanazevedogomes"
5096,15866486,"Osheen Kaur","2026-05-17 22:55:04",16.523,25,osheenkaur
5097,16087788,yoshitown,"2026-06-10 13:00:54",16.525,1,yoshitown
5098,16384674,SaranyaBalu,"2026-06-30 18:27:08",16.535,3,saranyabalu08
5099,15911506,"Dhruv Pai Dukle","2026-06-07 08:45:51",16.543,3,dhruvpaidukle
5100,15908019,"Antonio Avella","2026-05-11 13:48:30",16.549,2,hetman70
5101,16086646,"Paul Conrad","2026-05-31 12:21:47",16.550,8,paulconrad21
5102,16041438,January,"2026-07-08 08:58:25",16.579,30,januaryfined
5103,16601950,Vishwajit,"2026-07-26 17:09:34",16.590,1,vishwajit1999
5104,15884372,"Rabeya Noor","2026-05-09 05:17:11",16.611,9,rabeya100x
5105,16507866,"Yash Jadhav","2026-07-09 11:52:23",16.625,1,iamyashjadhav
5106,15868020,"dr.Kaouther SELMI","2026-05-10 19:08:13",16.626,13,kaoutherselmi
5107,16598767,"Ranjan Mishra","2026-07-26 13:48:28",16.635,1,rjmishra
5108,15866997,"Juan luis Garcia fuenmayor","2026-06-04 14:27:39",16.650,63,juan222200
5109,15926001,"chen rui6667","2026-05-14 09:16:40",16.679,9,chenrui6667
5110,15935880,"Ruhul Amin","2026-05-23 02:21:11",16.680,11,ruhul20
5111,15906542,Don,"2026-05-22 15:56:56",16.683,1,edonisraci
5112,16544720,"Josh Berry","2026-07-16 14:20:25",16.689,2,joshby
5113,16251583,oneesh00t,"2026-06-12 07:17:10",16.695,2,albertpitkowski
5114,15869443,"Made a Beautiful Bouquet","2026-07-23 08:04:51",16.751,2,zaiwubian
5115,15878157,"John Doe","2026-05-12 13:56:12",16.760,5,icyops
5116,15873475,"Irina Fayzrakhmanova","2026-07-20 11:09:20",16.819,55,irinafayzrakhmanova
5117,16082980,"AVINASH SHRIVASTAVA","2026-05-29 17:42:08",16.859,2,avinashiitm
5118,16446293,"bincheng liu","2026-07-06 06:23:58",16.878,2,binchengliu
5119,16484052,freshwood,"2026-07-06 05:34:34",16.878,1,freshwood
5120,16595437,karo.txs,"2026-07-26 00:58:39",16.886,8,karotxs
5121,16027616,"Nishant Iyer","2026-05-20 05:35:49",16.894,5,nustanishant
5122,15952709,"Yoshiyuki Hongoh","2026-05-15 00:18:04",16.910,1,yoshiyukihongoh
5123,16214901,BHOS,"2026-06-11 00:19:28",16.938,8,kchanis
5124,16244315,"Nikhil Sharma","2026-06-12 22:32:49",16.956,2,moodoxyy
5125,16552755,Bingo,"2026-07-16 14:58:09",16.978,2,bingoko
5126,16198192,pokabu1104,"2026-07-05 14:12:10",17.014,9,pokabu1104
5127,16551883,"Bibhasindhu Pradhan","2026-07-17 16:08:36",17.024,3,bibhasindhupradhan
5128,15950562,Zach,"2026-05-19 15:00:25",17.049,7,datumz
5129,16156456,Jormungand,"2026-06-13 11:02:45",17.059,1,yukuanzou
5130,16098363,"James Ogaja","2026-06-20 03:21:29",17.092,10,jamesogaja
5131,16358438,"Joel Seff","2026-06-17 08:57:26",17.104,8,joelseff
5132,15887135,"Hafida Belayd","2026-07-19 11:16:51",17.118,11,hafidabelayd
5133,16579859,lyf5201133,"2026-07-21 11:19:16",17.122,3,lyf5201133
5134,16450049,Rindge,"2026-07-06 06:49:27",17.142,5,rindge
5135,15871436,"JAKKA BALAKRISHNA","2026-05-12 11:10:42",17.153,5,jakkabalakrishna
5136,16386979,"Sujeet Singh 77","2026-06-22 12:39:37",17.162,7,sujeetsingh77
5137,16238835,Infrared,"2026-06-15 08:06:17",17.168,26,infraredfall
5138,16484557,"Anuraj KTK","2026-07-06 12:27:27",17.232,2,anurajktk
5139,16252757,"Burçak Demirel","2026-06-09 11:57:57",17.251,11,burcakdemmirel
5140,16278172,"Elif Yavuz","2026-06-09 21:57:21",17.251,4,kelifyavuz
5141,16478113,lshddd,"2026-07-03 07:59:21",17.297,3,lshddd
5142,15915119,"Mongkhon Hatit","2026-05-12 08:04:08",17.298,2,mongkolhatit
5143,15874557,"Luis Diambra","2026-07-17 19:21:03",17.343,18,luisdiambra
5144,16590148,"YiHao Ma","2026-07-28 07:41:46",17.377,9,myheeer
5145,16493639,Hellucigen,"2026-07-07 04:00:17",17.377,3,hellucigen
5146,16243745,"Alexander Osorio","2026-06-10 13:59:43",17.403,8,alexanderosorioh
5147,16538506,broccoli,"2026-07-24 07:19:04",17.409,2,norihori0917
5148,15865248,fingoldo,"2026-05-06 00:37:56",17.423,4,fingoldo
5149,15912118,"Mohamed Abbas","2026-06-04 09:54:00",17.497,4,mohamedsalamh
5150,15866498,Mikhail_Komkin,"2026-06-19 23:26:40",17.535,6,mikhailkomkin
5151,16148939,MLSurfer,"2026-07-22 21:02:57",17.566,39,massyalexandre
5152,15927590,"Corentin Lespagnol","2026-05-13 12:55:34",17.580,1,lespagnolcorentin
5153,15874756,Aurorcys,"2026-05-10 03:18:15",17.588,3,aurorcys
5154,16575710,"Arnav Kumar","2026-07-27 15:34:21",17.622,3,arnavvv2706
5155,16043327,ZhuangLihao,"2026-05-23 10:18:26",17.633,5,zhuanglihao
5156,16553233,"ander huang","2026-07-18 12:59:21",17.652,1,anderhuang
5157,16187916,PaulLai0111,"2026-06-04 09:57:07",17.659,2,paullai0111
5158,16106464,kminh712,"2026-06-19 15:47:01",17.669,8,hanashiroanzu
5159,16419781,ORION,"2026-06-25 14:10:01",17.673,10,ljs2546
5160,16511561,"Rakshit Sharma","2026-07-10 04:18:13",17.679,4,sharraks
5161,16116454,"Ayan Maity08","2026-05-31 05:01:42",17.724,1,"ayanmaity08,rajchakraborty1024"
5162,16252884,GoodFit,"2026-07-04 09:05:54",17.759,3,apteanand
5163,15913636,"Daniel D Furness","2026-05-11 15:52:25",17.793,1,danieldfurness
5164,15867507,Muhammad,"2026-07-28 17:17:24",17.806,49,hark99
5165,15905831,YuxueLiu_Dufe,"2026-05-11 00:40:05",17.812,2,yuxueliudufe
5166,16388726,"Guy Nachshon","2026-06-21 10:11:00",17.858,7,guynachshon
5167,16514180,"Owais Mujtaba","2026-07-10 10:05:34",17.865,3,owaismujtabakhanday
5168,16531348,elrapido,"2026-07-16 06:55:11",17.865,20,elrapido
5169,16135428,"Peter Morozov","2026-06-04 15:10:24",17.897,12,bigbagbaloo
5170,16073442,TensorFlower,"2026-05-26 14:17:11",17.935,5,dzdatasci
5171,16433551,thegenerativeworld,"2026-06-30 14:04:11",17.940,3,thegenerativeworld
5172,16051520,"Abdullah Khan Sherwani","2026-05-22 19:02:01",17.950,1,abdullahkhansherwani
5173,16586471,"Ansh Agarwal","2026-07-27 19:21:27",18.002,2,anshagarwal2616
5174,16044702,"Ricardo Serrano #2","2026-05-30 19:54:16",18.008,1,ricsam
5175,16415372,"buddhi withanage","2026-07-24 12:04:00",18.014,9,buddhiwithanage
5176,16532800,"JEREMY HOWE","2026-07-11 23:56:39",18.015,2,jeremyhowe
5177,15874479,"Phillip Ssempeebwa","2026-06-30 11:09:28",18.042,1,phillipssempeebwa
5178,15866636,"Filip Miljevic","2026-05-06 17:37:00",18.160,5,"anaclaraalvez,filipmiljevic"
5179,16229595,Bhanodai,"2026-06-10 04:41:39",18.168,2,hkjkhl
5180,16474730,"B. Mohamed El Amine","2026-07-04 19:16:37",18.169,1,bmohamedelamine
5181,16221175,sunrise01,"2026-06-04 13:01:58",18.235,1,sunrise01
5182,15865257,"Akshay Jain_RB","2026-06-04 19:19:09",18.268,5,akshayjainrb
5183,16444643,"Abdo Sharaf","2026-07-01 18:19:04",18.328,6,asharfal
5184,16487619,SkanX7,"2026-07-06 01:32:51",18.334,2,skanx7
5185,15867883,"Ohene A","2026-05-06 01:51:45",18.382,1,pamo12
5186,15873232,LinyanLuo0117_Maxine,"2026-07-10 11:47:49",18.389,1,linyanluo0117
5187,15936636,TctFPL,"2026-05-13 12:53:03",18.434,1,tctfpl
5188,16306714,"Alex Tatarinov","2026-07-13 04:58:59",18.465,24,alextatarinoff
5189,15889348,"Miguel Muñoz","2026-06-13 14:59:40",18.473,8,miguelmuozma
5190,16252130,Charan_S,"2026-07-07 07:29:22",18.505,13,charans007
5191,16310789,"Abdel Rodriguez","2026-06-17 12:55:50",18.507,14,abdelrodriguez
5192,15947074,"senthil kumaran T","2026-05-15 01:55:45",18.519,2,"senthilkvggbn,sudharsan666"
5193,16356738,qinggedada,"2026-06-17 16:13:05",18.548,9,qinggedada
5194,15949239,"Jacopo Binati","2026-06-01 14:46:45",18.618,6,jacopobinati
5195,16554751,senbataichi,"2026-07-17 07:17:23",18.662,2,senbataichi
5196,16048496,Mint120,"2026-05-23 05:59:57",18.772,1,mint120
5197,16429156,Olivier,"2026-06-25 15:03:22",18.810,7,oliviety
5198,16532177,"Siva Kumar","2026-07-28 16:16:52",18.814,24,sivapnlr80
5199,15868636,SAMEyujher,"2026-05-22 00:32:12",18.817,12,sameyujher
5200,16413939,"Canberk ","2026-06-30 08:07:48",18.819,3,kralathena
5201,15877274,"Reymark Garcia","2026-07-15 20:16:30",18.830,3,reymarkgarcia
5202,15899451,BarbieIphone,"2026-05-26 17:13:56",18.895,13,ashimtom
5203,16431451,"Sam Robin Singh E","2026-06-28 07:13:42",18.912,1,samrobinsinghe
5204,16012168,chibarie,"2026-05-18 14:04:51",18.945,1,chibarie
5205,16275039,"Jun Liu","2026-07-18 05:37:14",18.947,10,chrisluu
5206,16362211,DATAYIER,"2026-07-28 13:52:17",18.997,24,datayier
5207,16053605,"Bing Li","2026-05-30 09:55:40",19.005,7,bingli0617
5208,16207966,iwamoiwamo,"2026-07-03 04:47:36",19.017,10,iwamoiwamo
5209,16197334,kenchanhodgkin,"2026-06-19 13:28:08",19.019,2,kenchanhodgkin
5210,15871294,"HRIDAY PATNEY","2026-05-10 10:03:23",19.021,2,hridaypatney05
5211,15999064,"Julien Kuhn de Chizelle","2026-07-24 03:58:48",19.023,45,julienkdc
5212,15879681,Fizachi,"2026-07-07 22:00:40",19.025,2,fizachi
5213,16532362,"Alan Jolly","2026-07-28 15:53:11",19.025,1,nova4rip
5214,15867800,"Md Mahfuz Sumon","2026-05-06 00:24:12",19.047,1,mdmahfuzsumon
5215,15869346,YangjieFu,"2026-05-06 07:23:18",19.047,3,yangjiefu
5216,16254305,Anivia,"2026-06-27 19:29:31",19.060,6,anivia
5217,15868883,"Muhammad Hamim Islam","2026-05-07 02:24:45",19.084,2,odvut1
5218,15991947,MikikoKizawa,"2026-06-05 21:58:21",19.107,1,mikikokizawa
5219,16086772,Sean,"2026-06-15 16:59:23",19.173,11,seanitoo
5220,16292569,ElusiveElephant,"2026-06-13 15:14:07",19.189,5,elusiveelephant
5221,15868872,Talha_Karim_TK,"2026-05-22 19:20:32",19.202,3,talhakarimtk
5222,16428870,VasixG,"2026-06-24 22:15:18",19.245,1,vasiliygorelov
5223,16257196,"Taha ASLAN","2026-06-09 17:09:11",19.297,7,tahaas
5224,16008091,"Alejandro Velazquez","2026-06-01 03:32:45",19.306,3,alejandrovelazquez1
5225,16481877,"Fitsum Mesfin","2026-07-09 09:32:41",19.389,13,fitsummesfin
5226,15865661,"KAMLESH KUMAR","2026-05-06 09:05:45",19.406,3,kam1114
5227,15867150,"NIKHIL YADAV","2026-07-26 18:02:47",19.436,7,nikhilyadav232223
5228,16161886,Quant,"2026-07-08 11:44:12",19.516,8,gravitonastro
5229,16425323,"Gashaw Goshu","2026-07-03 22:49:11",19.597,15,gashawmg
5230,16349393,"MYUNGKWAN JI","2026-06-15 05:08:20",19.633,2,myungkwanji
5231,16459820,crabxmz,"2026-07-09 15:32:50",19.708,4,crabxmz
5232,15867059,"Shiva Kintali","2026-05-09 00:14:56",19.713,12,shivakintali
5233,16433183,"Masahiro Tanaka","2026-07-01 15:41:23",19.730,3,ninben5361
5234,16086123,JackLX,"2026-05-27 11:30:09",19.883,2,jacklx
5235,16109718,Nisarg_Shah_2003,"2026-06-06 18:38:29",19.892,2,nisargshah2003
5236,16435862,"egon alexander","2026-06-27 10:06:35",19.919,4,egonalexander
5237,15913245,"Code by khan","2026-05-15 18:12:45",19.971,6,codebykhan
5238,16516046,UniverseAwaken,"2026-07-15 01:25:36",20.033,24,universeawaken
5239,16428397,"FARHAN SAYYAD","2026-07-04 12:10:08",20.094,3,farhansayyad
5240,15866008,"Issa Mansour","2026-05-13 07:41:47",20.121,1,issamansour
5241,16254168,DocCandyman,"2026-06-12 21:48:16",20.159,1,doccandyman
5242,16404990,HongTaeYang,"2026-06-22 01:07:45",20.313,2,hongtaeyang
5243,15866874,"Leandro Daniel Lau Alfonso","2026-07-04 13:54:36",20.339,39,leandrolau
5244,15869699,"Mohammed Enan","2026-05-06 15:16:09",20.341,3,mohammedenan
5245,15871747,"Mirangga Jakti","2026-05-10 11:47:21",20.343,1,miranggajakti
5246,16234053,"Tiago Soares","2026-07-21 06:01:32",20.475,5,tiagosoares
5247,15876284,"Wilfred maillot","2026-05-07 07:00:32",20.492,10,wilfredmaillot
5248,16274197,Mantis,"2026-06-09 08:19:47",20.505,5,orchidmantis
5249,16422054,alakkur435,"2026-06-25 03:48:23",20.544,3,alakkur435
5250,16041355,"Cristiano Rotunno","2026-05-23 19:35:54",20.547,1,cristianorotunno
5251,16063995,Laksamada,"2026-05-24 17:02:55",20.582,4,fachri00
5252,16584025,Boxy,"2026-07-22 20:07:33",20.606,3,boxyml
5253,16269956,"Sudharsan Velumani","2026-06-12 12:19:38",20.759,1,sudharsanvelumani
5254,16554403,"Zafer Liu","2026-07-21 05:28:49",20.762,8,zaferliu
5255,15923697,"Saiteja M","2026-05-28 13:51:26",20.808,4,kaggler994
5256,15868477,"KOUSHIK KUMAR DINDA","2026-07-28 08:10:14",20.879,17,koushikkumardinda
5257,16407778,"Anton Kisilishyn","2026-06-21 14:54:55",20.916,2,antonius42
5258,15901697,Xun.331,"2026-05-09 17:21:18",20.951,2,xun331
5259,16569233,BloodCoder,"2026-07-23 09:54:48",20.966,11,mdhabibullamisba
5260,16373060,"Srishanth Sriramula","2026-06-17 02:59:07",20.999,1,srishanthsriramula
5261,15913157,"Aditya Singh","2026-06-19 17:37:25",21.152,7,adityasingh157735
5262,15866743,"Bektur Bekboev","2026-06-13 05:09:24",21.160,34,bekturbekboev
5263,16462191,"Guillermo Gallo Garcia","2026-07-02 11:36:14",21.168,10,guillermogallogarcia
5264,16233435,"Yuguo Du","2026-06-08 05:07:49",21.179,4,yuguodu
5265,16396494,"Yousef Abdelhady","2026-06-30 00:46:03",21.375,6,useifabdelhady
5266,15948293,kamranmunawar1,"2026-07-07 22:17:10",21.412,22,kamranmunawar1
5267,16210329,"Chris Chen","2026-06-04 18:54:17",21.444,3,sofunnyhaha
5268,15865757,"Dr. Ahmed M Abdelsalam","2026-05-19 19:34:02",21.458,5,drahmedmabdelsalam33
5269,16510706,yoooosda,"2026-07-16 05:41:47",21.532,6,yoooosda
5270,16331487,Sophie555,"2026-07-27 11:02:09",21.538,3,sophie555
5271,16400672,Kekicake,"2026-06-20 10:21:06",21.620,5,kekicake
5272,16465780,"Thian Liang","2026-07-03 18:18:20",21.689,8,cheowthianliang
5273,16318686,"Rafael Condé","2026-06-13 03:33:40",21.746,1,rafaelcond
5274,16101673,SK,"2026-06-25 12:00:32",21.780,2,cooker333
5275,16327347,"Jhonny EL NASHEF","2026-06-13 15:57:42",21.814,1,jhonnyelnashef
5276,16472791,xkkkkc,"2026-07-13 06:27:32",21.991,5,xkkkkc
5277,16371111,"Oliver F.","2026-06-19 08:54:50",22.026,3,olivrf
5278,16272971,"Jagrat Patel","2026-06-09 04:29:22",22.036,4,jagratblenderrender
5279,15876055,"Leonard Benson","2026-06-05 14:34:05",22.112,6,leonardbenson
5280,15890429,"Aditya Kashyap","2026-05-15 04:24:22",22.146,7,adityakashyap1111
5281,16291144,"Bulat Gabitovv","2026-06-14 00:25:23",22.191,4,bulatgabitovv
5282,15936415,cgrlkc,"2026-05-29 03:25:40",22.198,5,cgrlkc
5283,16308315,The_Newbies,"2026-07-06 06:16:05",22.256,5,"fruitchen,hcabr1,henryszy,lifeis114514,lmeyolo"
5284,16250722,depressionkid,"2026-06-27 08:01:22",22.349,4,maksimryndenko
5285,16374830,Kawa_pt,"2026-07-05 14:55:06",22.355,2,kawapt
5286,16128960,"Team Binary","2026-07-24 16:30:55",22.454,32,"codehendrix,motamarritejaswini"
5287,16600326,just_calculate,"2026-07-26 15:47:14",22.467,2,justcalculate
5288,15872825,Smarth_coder,"2026-06-30 10:58:29",22.505,10,smarthcoder
5289,15939420,"Prahit viraaj Reddy ","2026-05-21 10:31:39",22.542,17,prahitviraajreddy
5290,16543903,"Salih Erdem Kaymak","2026-07-25 21:46:38",22.727,3,saliherdemkaymak
5291,16451075,HuayuanTu,"2026-06-30 02:54:33",22.746,1,tuhuayuan
5292,15929596,"Manny Peiso","2026-05-19 02:01:57",22.876,3,mannypeiso
5293,15936262,"Masaki Koike","2026-05-18 04:38:20",22.890,13,masakikoike
5294,16035256,AbrarFahadthe1,"2026-05-22 09:09:19",22.929,6,abrarfahadthe1
5295,16537842,"shubham kumar","2026-07-23 08:00:04",23.030,1,shubzk17
5296,16389907,Hackrband,"2026-06-23 02:15:07",23.053,2,hackrband
5297,15915629,"Sameer Rawat","2026-06-01 00:32:45",23.211,4,sameerrawat1904
5298,15969705,"Shankha Subhra Saha","2026-06-17 06:03:01",23.359,9,shanks905
5299,16577414,Shun,"2026-07-27 23:15:33",23.514,2,shunsuketoda
5300,15870873,HarshitShah004,"2026-05-15 13:55:39",23.523,18,harshitshah0004
5301,15874972,"Kavyanshu Singh","2026-05-29 12:16:26",23.700,5,kavyanshusingh
5302,15898827,AHOIA21,"2026-05-10 14:01:03",23.701,1,ahoia21
5303,16501396,"Ahmet Emir Kara","2026-07-10 21:19:48",23.741,6,loxxy46
5304,16036205,Marcusmac,"2026-05-22 23:24:38",23.814,2,marcusmac
5305,15932777,Druson0,"2026-06-01 13:22:29",23.857,9,druson0
5306,16328854,"Dhe Yeong","2026-06-28 02:37:33",23.893,4,dheyeong
5307,15873289,"Mannlich Tankeng","2026-05-15 09:26:31",23.927,16,mannlichtankeng
5308,15892597,ikki1111,"2026-06-27 12:45:21",23.999,1,kani23
5309,15967958,K.Nagase,"2026-05-27 00:18:10",24.066,5,kntkjtr
5310,16392323,600505-ศิวกร,"2026-06-19 07:01:34",24.195,3,siwakornseeswan
5311,15976053,Gabous_Johnson,"2026-05-21 20:30:50",24.271,2,gabousjohnson
5312,16448526,"Ilya Mana","2026-07-02 14:20:28",24.854,3,ilyamana
5313,16247550,JixuanZhang,"2026-07-10 05:30:51",24.890,3,jixuanzhang1999
5314,16512459,"H vv sathwik","2026-07-21 04:47:14",24.923,23,hvvsathwik
5315,15920554,"Magdi El-Sharkawy","2026-06-06 09:04:17",25.091,28,magdielsharkawy
5316,15909315,"Suneet Saini","2026-06-01 12:10:51",25.091,6,suneetsaini
5317,16328548,"sherif atef","2026-06-14 03:19:29",25.323,8,devs69
5318,15865640,"Avik Das","2026-06-28 08:37:16",25.782,2,avikdas567
5319,16286757,Dmitriy,"2026-06-10 11:11:34",26.140,3,dmitriybty
5320,16022295,"Nanda Kumar","2026-05-19 11:19:58",26.171,2,nanda23f3001984
5321,15918579,AWisteria,"2026-05-25 14:58:23",26.391,1,awisteria
5322,16239281,"Ankit Choudhary","2026-06-10 07:43:00",26.445,6,ankitchoudhary2006
5323,16419652,"Kinza Umar","2026-06-26 10:33:51",26.483,7,kinzaumar
5324,16465187,孙笑川,"2026-07-04 08:55:41",26.648,2,liirrr
5325,16596358,"zaheer abbas","2026-07-27 14:26:43",26.748,2,zaheerabbasorakzai
5326,16138042,Gcaputo,"2026-06-08 19:44:46",26.911,16,gcaputo
5327,15866883,"Bashar Mohamed","2026-07-26 03:10:59",27.042,28,pasharmohamed
5328,16260573,"ARNAV PANDEY","2026-06-13 15:57:06",27.128,1,arnavsuiiiiiiiiiiii
5329,16505212,JunL22,"2026-07-10 01:35:50",27.212,2,junl22
5330,16413772,"Suneeth reddy","2026-06-22 13:34:53",27.252,3,suneethreddy
5331,16410265,ModelCrashers,"2026-07-11 05:09:55",27.289,12,"anastasiiayuzikova,hannako2025,yehorkovalenko"
5332,16367676,"transformer high-freq","2026-06-15 19:58:40",27.315,2,transformerhighfreq
5333,15870480,"Avula Puneeth Kumar Reddy","2026-05-27 17:20:46",27.572,2,puneethkumarreddy
5334,16309040,"Ahmed Almustafa","2026-06-30 21:28:34",27.660,4,nactch
5335,16053400,"Jim Appiah","2026-05-25 08:29:28",27.762,5,jimappiah
5336,15919724,"guang hua","2026-05-12 11:50:08",27.975,9,guanghuaasfe
5337,16133635,"George Ananda","2026-07-20 03:47:20",28.272,1,georgeanandaaa
5338,16514381,"Matvei Anoshin","2026-07-12 05:09:14",28.380,3,matthewanoshin
5339,15895451,"Zhang Yn","2026-06-17 10:31:44",28.474,3,zhangyn111
5340,16327020,JasonRay,"2026-06-15 05:39:04",28.785,6,jasonray15136
5341,15993729,"Priyanshu Pandey","2026-05-16 14:48:08",28.907,1,priyanshu00
5342,16394618,"Ssneaky Nasten'ka","2026-07-15 15:21:17",28.939,2,wkaop4ek
5343,16384252,"carlos starling","2026-07-28 00:17:16",28.990,37,carlosstarling
5344,15868996,"Ashish Kuru","2026-05-23 18:26:20",29.176,1,ashishkuru
5345,15892079,ChenXiaoLin04,"2026-05-13 03:11:00",29.280,1,chenxiaolin04
5346,15890827,"Alexander Kwesi","2026-07-20 12:59:46",29.402,17,alexanderkwesi
5347,15888781,"CHEN YANGYANG","2026-05-21 15:37:53",29.676,3,yangyang1111111
5348,15946511,DKerryyyy,"2026-06-09 09:47:30",29.765,4,dkerryyyy
5349,16023506,Pradyum#7,"2026-06-10 07:08:49",30.016,12,pradyum7
5350,16048881,"Emmanuel Duke","2026-05-23 06:15:41",30.032,1,emmanueldukeq
5351,16028882,Srihari_2237,"2026-05-21 18:43:23",30.155,6,"booleanvalues,muthurajeshv,srihari2237"
5352,15925643,"ENGR. EESHA KHAN","2026-07-25 14:34:54",30.311,9,eeshakhanzadi
5353,16334336,"Ritvik Sharma","2026-07-08 09:50:51",30.358,16,cipherdoge
5354,16274925,"Chetan Sahney","2026-06-09 07:15:25",30.465,2,chetansahney
5355,16559306,"Kuanash Erzhanov","2026-07-17 18:53:41",30.556,1,kifirchik449
5356,15872855,"Fadi El Hassan","2026-06-13 11:59:41",30.559,21,fadielhassan
5357,16279201,Lucky,"2026-06-23 15:42:58",30.571,8,lucky726
5358,16400398,AIAIAIAI,"2026-07-28 13:53:48",30.618,3,"anhtunnguyen,phmtin1306"
5359,16132244,kotaku,"2026-06-08 06:31:27",30.984,4,kotaku
5360,16574723,Quasars,"2026-07-23 10:11:33",31.262,4,ganiesenov
5361,15876423,"Talha Umar","2026-06-02 20:40:03",31.362,4,talhaumar
5362,16553532,Damitha,"2026-07-19 02:54:53",31.392,2,damithabh
5363,16278467,rrrrrrarrrrrr,"2026-06-23 15:00:34",31.414,24,rrrrrrarrrrrr
5364,16605287,"Mohammad Ragab","2026-07-28 06:46:35",31.591,1,mr0106
5365,16570049,Arn2011,"2026-07-28 18:19:14",31.599,23,arnelperezposadas
5366,16207207,"Arpit Kumar","2026-06-03 23:09:28",31.616,3,katakuri004
5367,16115664,mifnkst,"2026-07-23 14:01:39",31.838,3,mifnkst
5368,15877952,"Sainatha Reddy Yatham","2026-05-07 07:48:43",31.891,6,sainathareddyyatham
5369,16603218,"Grzegorz Zawadzki","2026-07-26 23:17:26",31.891,3,grzegorzzawadzki
5370,16532057,Samuel1212,"2026-07-13 21:53:06",32.024,4,samuel1212
5371,16065249,"Evgeni Gavrilovi","2026-07-01 05:11:57",32.095,5,evgenigavrilovi
5372,16582373,cube,"2026-07-21 18:43:47",32.153,2,cube0x24
5373,16444183,"Shoroogh Ahmadi","2026-07-12 16:30:10",32.182,2,shorooghahmadi
5374,16046897,str(LJ),"2026-05-22 14:26:29",32.296,1,ljamoosian
5375,15866301,"Chrysovalantis Constantinou","2026-05-20 18:38:08",32.654,3,cconsta1
5376,15940193,"Rehaan Ahmad Khan","2026-05-12 19:12:58",32.823,1,rehaanahmadkhan
5377,16203500,"Kumar Vivek","2026-06-04 18:30:06",33.002,3,kumar1234567vivek
5378,15875185,woni225,"2026-05-08 09:51:38",33.183,2,woni225
5379,15864830,Ajsal_ali,"2026-05-13 11:25:10",33.321,8,ajsalali
5380,15868520,wonikjang,"2026-05-21 08:16:47",33.335,7,wonikjang
5381,16139083,ajayvenkat1947,"2026-06-03 14:05:56",33.464,5,ajayvenkat1947
5382,15934307,"seyed esmaeil sadat najafi","2026-05-13 07:44:37",33.630,7,afmobile49
5383,16295848,"Isaac Caton","2026-06-13 12:34:32",33.919,6,isaaccaton
5384,15869644,iathar,"2026-05-07 10:20:09",34.070,3,iathar
5385,16415026,"Deniz Durgan","2026-06-24 09:29:32",34.151,6,denizdurgan
5386,16227866,"Natalia Pavlovskaia","2026-06-13 19:57:37",34.504,7,nebo86
5387,16092696,MShariati,"2026-07-05 16:32:52",35.078,4,mrshariati
5388,15867483,"Sandeep Reddy Venna","2026-05-07 01:29:44",35.264,6,vennasan
5389,15873941,"MULI KALYAN KUMAR REDDY ","2026-05-11 07:56:17",35.416,6,mulikalyankumarreddy
5390,15891682,ThuggieBear,"2026-05-24 21:54:53",35.468,14,davidgoodrich
5391,16393342,CatPurrgramming,"2026-06-22 02:54:31",35.775,1,catpurrgramming
5392,16346845,Wenhan,"2026-07-24 00:22:19",35.928,1,blackycat
5393,16550049,"Shyhoon Moontaka","2026-07-15 11:07:36",35.956,1,shyhoon123
5394,15876581,"Md. Thoukir Hasan Ha-Mim","2026-05-14 20:21:07",35.987,5,mdthoukirhasanhamim
5395,16555791,"Jolvin James","2026-07-24 15:06:55",36.117,2,jolvinjames
5396,16040632,"Abhisek Dash","2026-07-15 06:48:25",36.315,26,abhisekdash37
5397,16205291,blckvia,"2026-06-08 08:04:06",36.492,3,blckvia
5398,16583356,Christina,"2026-07-26 22:11:50",36.771,1,geekycb
5399,15878388,"Vaibhavi Kariya","2026-07-14 12:11:05",37.043,3,vaibhavikariya
5400,16434176,"Arsenii Pavlov","2026-06-27 20:45:39",37.575,1,arsenii
5401,16557014,"AKASH MITTAL","2026-07-18 16:35:50",37.656,8,thecielo
5402,16041198,sti11er,"2026-05-26 15:45:10",37.708,1,sti11er
5403,16277497,"Pranav sai Madala","2026-06-10 06:45:17",38.124,5,pranavsaimadala
5404,15931343,"Muhammad Sudais AI","2026-05-23 17:59:48",38.210,1,muhammadsudaisai
5405,16134282,xiqwqxi,"2026-06-06 14:55:47",38.222,2,xiqwqxi
5406,16465759,kappa,"2026-07-26 23:14:01",38.249,4,tomoyau
5407,15863975,"Pengnan Chee","2026-05-23 22:45:50",38.344,1,pengnanchee
5408,16515026,竹内奏楽,"2026-07-13 00:04:05",38.359,1,soratakeuch
5409,15895042,Invincible,"2026-07-10 10:15:18",38.422,1,"chiragsharma8222,satyamk1234,tushantrao0007"
5410,16153747,"Rizal Dicky","2026-07-05 13:15:38",38.777,26,rizaldicky
5411,16445512,"Jossian Brito","2026-06-29 00:53:38",39.079,2,jossianbrito
5412,15871113,"sreenithi venkatesan","2026-05-16 10:08:40",39.229,18,sreenithivenkatesan
5413,16556948,Shivangoudaa,"2026-07-27 05:59:31",39.261,10,ishivapatil
5414,16491485,"Adeel Memon","2026-07-27 04:32:45",39.270,3,adeeldev32
5415,16597173,"PREM GAIKWAD","2026-07-25 07:35:52",39.571,1,premgaikwad07
5416,16556325,"Shawn Z","2026-07-16 19:10:16",39.590,1,shownz
5417,15980391,sellcrows,"2026-06-23 03:36:53",39.784,8,sellcrows
5418,16090746,"Huang Jiaxu","2026-05-28 03:52:09",39.926,1,huangjiaxu
5419,16202896,"Md. Ajwad Hossain","2026-06-17 07:30:48",40.108,7,mdajwadhossain
5420,16424777,d3ed0c,"2026-06-24 05:35:16",40.153,5,d3ed0c
5421,15871375,"Varshitha Manchikatla","2026-05-06 10:12:44",40.472,4,varshithamanchikatla
5422,15874785,"Sharad Garg","2026-05-15 07:59:11",40.622,5,sharadgarg
5423,16582928,Shubhamo0o,"2026-07-28 17:51:06",41.032,21,shubhamo0o
5424,16264772,huyuim,"2026-06-18 12:07:03",41.082,1,huyuim
5425,16035425,maxim_berezov,"2026-05-20 19:03:28",41.274,1,maximka888
5426,16042504,"36.Nguyễn Thành Thái","2026-05-21 14:56:14",41.940,1,tthaii
5427,15868959,"AYUSH SONI","2026-05-06 16:11:16",42.107,4,"ayushsoni007,developerx64,divyanshuchouhan123"
5428,16021828,not.nam.14,"2026-05-22 10:53:19",43.975,9,notnam14
5429,16199327,"Hervé Irakiza","2026-06-10 15:49:12",44.035,4,hervirakiza
5430,16579111,Pratikp02,"2026-07-27 15:28:40",44.040,21,pratikp02
5431,15927294,"table spoonful","2026-05-11 12:01:38",44.069,1,tablespoonful
5432,16576067,"CJ Sanchez","2026-07-23 19:27:18",44.197,1,cjchez
5433,15897500,"PRIYANSHU PRAJAPATI","2026-07-19 11:20:31",44.380,1,pentesterpriyanshu
5434,16108341,homeward,"2026-05-30 11:14:22",44.943,7,homeward
5435,16452792,"Quentin Frugier","2026-07-27 08:03:29",45.119,18,quentinfrugier
5436,16537092,"WangQ Mr","2026-07-22 06:03:35",45.190,2,wangqmr
5437,16540367,"JJ Espinoza","2026-07-15 05:14:13",45.196,7,jjespinoza
5438,16062481,"Arun R.noa","2026-07-28 08:03:40",45.204,5,zorornoa
5439,16484374,Fernando,"2026-07-05 13:07:15",45.601,2,fer8fer8
5440,16404758,"Ian Oatis","2026-06-21 15:24:54",45.950,2,ianoatis17
5441,15880444,IhsanulRizky,"2026-05-09 11:20:23",46.135,1,ihsanulrizky
5442,16494795,"sheng zhenyu","2026-07-13 14:41:44",46.663,21,shengzhenyu
5443,16506945,Yuki-K,"2026-07-13 23:05:54",46.663,8,habimaina
5444,16353204,YINZUAN,"2026-07-06 05:46:29",46.829,10,yinzuan
5445,16287663,"DIVYAM GOYAL","2026-06-11 19:52:07",47.124,7,mrm901
5446,16579207,ivoidz,"2026-07-23 12:45:00",47.914,9,ivoidz
5447,15900377,"RISHI JOSHI","2026-05-17 03:53:57",48.141,5,tangorishiiiii
5448,15990278,"Shubhanker Thapa","2026-07-08 13:50:12",48.406,18,shubhanker1909
5449,16070368,"Pablo G Contreras","2026-06-11 03:21:51",49.352,2,pablety
5450,16287210,"Rishabh Verma","2026-07-13 20:50:15",49.737,7,rishabh0923
5451,16139945,"Peter Findley","2026-06-01 06:32:51",49.893,2,raist321
5452,16247789,hwiankim,"2026-07-28 07:06:00",50.052,1,"hwiankim,kst9442"
5453,15880087,"Benjamin Woodson","2026-05-07 05:48:22",50.130,1,benjaminwoodson
5454,16040115,"Sven Krummen","2026-07-05 15:39:36",50.165,5,svenkrummen
5455,15865747,MuskMoon1909,"2026-06-03 20:42:14",50.186,14,muskmoon1909
5456,16256117,sadbody123,"2026-06-11 08:35:27",50.390,9,sadbody123
5457,15874041,"Aman Jain","2026-05-13 05:21:27",51.380,3,amanjain1008
5458,15985614,"Syukur Daulay","2026-06-25 17:19:46",51.444,73,syukurdaulay
5459,16436377,tofu,"2026-07-01 14:29:38",51.552,6,"manishr0411,rushikareddykuthuru"
5460,16497880,"Gustavo Vicente","2026-07-28 16:35:17",51.701,2,bustavo
5461,16439134,"Gopi M","2026-06-27 05:52:50",51.771,3,gopimali
5462,16021947,"Prashanthkumar k","2026-07-25 14:01:01",51.891,6,prashanthpacchi
5463,15957275,Raiou_B,"2026-05-14 07:22:32",52.175,1,raioub
5464,15991471,hehe,"2026-06-01 11:30:10",52.484,3,tanishbooti
5465,16092925,Apollinariat,"2026-05-29 05:42:30",52.587,4,apollinariat
5466,16019524,"Hello Universe","2026-05-19 11:36:44",52.856,4,"anantrajjadhav,yashraut7"
5467,16493477,CJJJJJS,"2026-07-06 08:18:44",53.632,1,cjjjjjs
5468,15900212,"Aditya Srivastav","2026-06-17 20:50:59",53.791,5,zdityz
5469,15865814,"Grzegorz Sionkowski","2026-05-10 19:16:02",53.804,1,sionek
5470,16508919,"Qince Luan","2026-07-08 18:19:54",54.437,3,qinceluan
5471,16001968,"Parker Snow","2026-05-20 11:47:23",54.464,3,parkersnow
5472,16084744,"DHANUNJAYA RAO TANGIRALA","2026-05-27 08:36:34",54.692,7,dhanunjaya007
5473,16129037,Zenmaster,"2026-05-31 14:56:53",55.852,4,tanushrcsstudent
5474,15929277,edna891,"2026-05-18 08:43:03",56.071,2,edna891
5475,15874641,"Gideon Adom Boateng","2026-05-11 09:19:52",57.107,8,gideonadomboateng
5476,15936852,"Wutthikorn Thongdee","2026-05-15 08:02:53",57.747,5,wutthikornthongdee
5477,16590562,ga_rlo_choi,"2026-07-24 16:26:31",59.227,1,garlochoi
5478,16471167,"Lucy Sunset","2026-07-28 11:33:56",59.829,5,lucysunset
5479,16593938,"M Javad Zandiyeh","2026-07-24 15:42:10",59.937,1,mjavadzandiyeh
5480,16076928,"Beagle Singer","2026-06-14 16:53:37",60.321,3,zhenyustonesliu
5481,16114314,frokly,"2026-05-29 23:01:05",60.393,1,frokly
5482,15992281,"Da Guang.","2026-07-11 07:15:00",61.819,2,daguang6
5483,16599866,sota1111,"2026-07-28 11:39:42",62.332,10,sota1111
5484,15899507,baoly1309,"2026-05-12 16:09:51",62.332,2,baoly1309
5485,16494928,Ben,"2026-07-07 15:53:48",62.332,1,nekot0
5486,16154413,Kazuhiro_Yogo,"2026-07-02 03:50:05",62.529,25,kazuhiroyogo
5487,15922125,"Santiago D. J. V. G.","2026-06-14 19:48:16",63.193,3,seasthaalores
5488,16236526,ps.source,"2026-06-18 09:19:07",64.226,3,pssource
5489,16428156,"Mike Anderson","2026-06-27 19:24:34",64.706,12,manderson240
5490,16092496,csustlibo,"2026-05-30 03:27:07",65.678,2,csustlibo
5491,15872494,Murshedul,"2026-05-06 14:36:20",66.065,1,murshedul
5492,15980484,Anirudhgg,"2026-05-15 05:50:36",66.358,1,anirudhgg
5493,16246013,sato-shion,"2026-06-18 14:50:39",66.441,5,satoshion
5494,15889967,"TUHIN BIDYANTA","2026-05-08 22:37:28",66.815,3,"c0ugarclaw,srestharoy,tuhinbidyanta"
5495,15960857,RequieMa,"2026-05-20 03:01:52",67.727,7,u1604521
5496,16031741,"Ivan Vorontsov","2026-06-07 14:33:27",68.588,14,van4er
5497,16047240,"[Deleted] 9e6894b9-42c3-46d5-a385-3b9430bf60d9","2026-05-22 15:35:33",68.763,2,del=702d2c85b493e996
5498,16568417,"Rasindu Gamlath","2026-07-21 17:27:59",70.646,2,rasindugamlath
5499,16012884,aixuxian,"2026-06-05 07:24:25",71.331,5,aixuxian
5500,15910382,mimaken,"2026-07-26 13:46:24",71.738,2,kentorio
5501,15912897,"Veronika Sarikaya","2026-05-10 19:53:32",71.876,1,veronikasarikaya
5502,16586674,ashishrai,"2026-07-22 17:25:33",72.750,4,ashishraics
5503,16386933,"selani Nguyen","2026-06-18 10:39:00",72.928,1,selaninguyen
5504,15944889,Tron,"2026-07-28 09:47:29",73.977,15,cjj3779
5505,16375642,mrzahaki,"2026-06-17 23:29:37",74.474,5,mrzahaki
5506,15886963,ally,"2026-05-24 05:57:51",74.760,1,phamngoclinh
5507,16359319,"Md Tanvir Shahriar Emon","2026-07-02 14:28:20",75.082,6,mdtanvirshahriaremon
5508,15880319,れもねーど,"2026-06-07 13:34:18",75.154,2,lemoninthelemonade
5509,16468043,utsav-develops,"2026-07-20 15:11:10",76.656,1,utsavdevelops
5510,16393474,LonFLY,"2026-07-03 16:06:37",76.750,5,lonfly
5511,16427803,Elowry,"2026-06-29 21:01:52",76.933,10,elowry
5512,16073556,WrR0NmHH67,"2026-05-26 16:30:16",76.933,2,wrr0nmhh67
5513,15875946,ZeroEntropy,"2026-05-11 17:53:21",76.943,5,tronghuy315
5514,16530591,"Pal Labps","2026-07-12 02:38:52",77.000,7,pallabps
5515,16460165,"cheng jialuo","2026-07-02 02:24:50",77.057,3,chengjialuo
5516,16032539,"Hardik Chanana","2026-05-23 05:43:54",77.405,1,hardikchanana
5517,16200870,BATE,"2026-06-03 16:41:54",77.405,1,jihongzeng
5518,15877518,"Vitaly Grankin","2026-05-07 14:09:30",77.405,1,vitost
5519,16025093,"SARAVANAN S","2026-05-19 16:11:04",77.405,2,sarav18302
5520,16271544,"Imade Bouftini","2026-06-10 06:08:03",78.028,2,imadebouftini
5521,16311057,"Peter Tinashe Mundowa","2026-07-12 14:26:05",78.371,8,petermundowa
5522,15882317,ak,"2026-06-18 02:19:47",78.753,1,aktxer
5523,15881856,"Vishwa Kumaresh","2026-07-28 11:45:58",81.570,2,jackbright
5524,16310883,"Amit gurjar","2026-06-12 11:31:13",83.005,3,amitkumargurjar
5525,15882878,"RAKOTONIRINA Tendry Axel","2026-05-27 07:48:33",83.020,17,tendryrakoto
5526,16475846,"Usman Qudus","2026-07-03 03:45:31",84.281,1,usmanqudus
5527,16427234,"Ahsen Nazir","2026-07-25 08:45:04",84.658,10,ahsen1330
5528,16132739,"William Dalton","2026-06-01 07:18:19",84.778,2,huuh111
5529,15866821,what_ra_sudeep,"2026-06-06 09:35:11",85.187,6,azilsyedekcs24b008
5530,15886050,"Gabriel Uranta","2026-06-13 16:45:17",85.443,10,gabrieluranta
5531,15888030,APEXNg,"2026-05-13 12:19:38",85.693,4,khangcs
5532,16244233,"Elif Sinem Genc","2026-06-10 02:59:26",86.976,5,elifsinemgenc
5533,16603617,"mizu Cheng","2026-07-28 08:51:35",86.986,6,mizucheng
5534,16593257,"Antek Iwanowski","2026-07-24 10:52:46",87.818,1,antekiwanowski
5535,15866470,"Craig Demel","2026-05-13 00:10:44",90.224,12,craigdemel
5536,16471623," maoooooooo","2026-07-09 02:33:19",91.819,5,maoooooooo
5537,16260672,prknezek,"2026-06-09 02:44:25",92.062,1,prknezek
5538,15995009,"Kaja Vikas","2026-05-31 16:25:24",92.108,9,kajavikas
5539,16075295,"hai hoang minh","2026-05-26 14:28:52",93.325,2,haihoangminh
5540,16252403,"FRéeàíbrlghtO0óL Ho","2026-07-28 12:05:47",93.426,8,frebrlghto0lho
5541,16387224,"JIAN BAO HE","2026-07-05 17:02:43",93.932,5,jianbaohe
5542,15875517,Da-P,"2026-05-07 08:08:48",95.046,2,mazusakit
5543,16384931,谷内竹二郎,"2026-06-18 23:55:46",95.539,1,radwim
5544,16142009,"Ron Nyonje","2026-06-04 14:42:00",95.990,6,ronnyonje
5545,16546686,"Gagan Arora","2026-07-16 11:11:56",96.129,6,neonelectron845
5546,15938326,"Thêm Bao Nhiêu Lâu","2026-06-20 17:51:50",96.573,2,thuvuduy16
5547,15869682,"Jelvis Chirinos Jimenez","2026-06-10 23:46:54",96.923,4,jelchi
5548,16035804,camron,"2026-05-21 13:15:11",97.580,1,naklanjuliencamara
5549,16513245,"Maksymilian Dec","2026-07-14 08:47:41",97.871,1,maxdec
5550,15993614,"Sushil Krishnan","2026-05-17 06:28:50",98.608,3,"sujaradha,sushilkrishnanvlr"
5551,15869082,vbookshelf,"2026-05-06 06:17:08",99.077,5,vbookshelf
5552,16087675,Keyur_Solanki18,"2026-07-09 05:42:21",99.369,2,keyursolanki18
5553,16401350,Tingeko,"2026-07-26 04:26:28",100.835,40,tingeko
5554,16458138,XiaoYiM,"2026-07-01 08:33:31",101.240,4,xiaoyim
5555,15928422,Fl1nixxx,"2026-05-14 11:58:28",102.268,5,fl1nixxx
5556,16056418,dengyujun,"2026-06-19 08:54:52",102.559,1,dengyujun
5557,15885098,"Tahir Yamin","2026-05-09 14:47:09",102.613,11,mtahiryamin
5558,15912786,marioeid,"2026-06-28 12:27:46",102.796,2,marioeid
5559,16048753,"Bhuvana Vijaya Kuruva","2026-06-10 01:44:04",103.448,4,bhuvanavijaya
5560,15867893,"Mr Li","2026-06-11 11:27:32",104.224,1,mrli55
5561,15889790,"Mohammed Majeed","2026-05-07 20:48:29",104.436,1,mojjeed
5562,16060293,"Edward yao","2026-05-26 13:15:03",104.467,5,edwardyao12123
5563,16493832,"Pramoth Piumal","2026-07-21 07:58:56",104.675,6,pramothpiumal
5564,16599817,"Musa Khan","2026-07-26 07:52:13",105.652,1,lazer999
5565,16446835,"Anna Szabó","2026-07-05 15:32:50",106.246,3,szanna0126
5566,16022253,carsasas,"2026-07-03 17:58:09",106.652,83,carsasas
5567,16593349,xiaohuaifeng,"2026-07-26 15:31:55",106.756,3,xiaohuaifeng
5568,16087418,"johnson Chiang 26","2026-06-07 02:01:09",107.342,1,johnsonchiang26
5569,15995008,"Zachary Cosenza","2026-05-30 16:54:22",108.048,6,zacharycosenza
5570,16578212,"Kavindu Weerasingha","2026-07-26 10:35:36",109.077,3,kavinduweerasingha
5571,16253838,"Himanshu Kumar 2517","2026-06-07 21:13:39",109.384,3,himanshukumar2517
5572,16027086,SHOBOB,"2026-05-20 00:52:13",110.105,2,shohombandyopadhyay
5573,16056708,Strickland22,"2026-05-24 11:28:24",110.822,2,strickland22
5574,16513712,"Mironescu Claudiu-Florian","2026-07-11 11:28:10",111.119,1,clawoofs
5575,16419291,"Vinicius Lima","2026-06-24 12:31:42",111.145,5,viniciuslima
5576,16100044,"Rituja Das","2026-07-19 12:09:23",112.079,3,ritujadas
5577,16485739,"Tsyrenov Mergen","2026-07-06 07:19:26",112.294,5,tsyrenovmergen
5578,16252250,"Umaselvi Mariappan","2026-06-11 09:15:20",112.397,6,umaselvimariappan
5579,15866635,"Radha kadam","2026-05-11 03:34:49",113.226,3,radhakadam7
5580,16042146,superhiro,"2026-07-26 11:58:32",113.311,22,superhiro
5581,16542920,"Ch Abid","2026-07-18 05:41:21",114.449,4,chabid
5582,16505330,XY_wovo,"2026-07-08 05:38:58",114.611,2,xywovo
5583,16512974,jiweijing,"2026-07-24 07:27:30",114.858,18,jiweijing
5584,15919303,giraffeneck,"2026-05-28 08:22:03",115.060,5,yamajin
5585,16494769,GoDriller,"2026-07-06 17:18:00",115.090,4,elenalxy
5586,16448335,"Yushuo Sun","2026-06-30 02:35:42",115.260,1,yushuosun
5587,16311847,"Sai Varshith","2026-06-14 10:06:58",115.826,3,saivarshith25
5588,16575392,"Ahmed Karim","2026-07-20 14:46:30",116.036,3,versusic
5589,16285692,"Kader_ Bencherif","2026-06-20 16:41:42",116.036,3,kaderbencherif
5590,15868667,Gagandeep44489,"2026-05-06 04:08:34",116.088,4,gagandeep44489
5591,16537169,"Yasindu Pawan","2026-07-23 12:01:58",116.461,15,yasindupawan
5592,15872845,"Bhooshen Sakthivel","2026-05-07 19:56:17",117.402,1,bhooshensakthivel
5593,16431418,灰原裕太郎,"2026-07-10 10:31:19",117.426,14,haibarayutaro
5594,16472283,"K D A U Neranjala","2026-07-03 16:54:37",117.940,10,kdauneranjala
5595,16047752,"Chandu g","2026-05-23 02:10:46",118.040,4,chandug
5596,15931591,"Harsh Tyagi","2026-05-12 06:58:59",118.252,7,harsht2003
5597,16379249,JioLoGi,"2026-06-22 13:27:11",119.546,11,srivatsansed24b032
5598,15928451,"Adarsh K S","2026-05-11 15:01:42",121.670,2,adarshayush
5599,16485261,"wissem naoui","2026-07-04 12:26:26",122.179,3,wissemnaoui
5600,16447741,"Léo Larriven","2026-06-29 19:41:58",122.973,3,lolarriven
5601,16059810,"MICKY LUI","2026-05-24 10:54:17",123.722,1,mickylui
5602,15995496,"Vanya Golovanov","2026-05-17 15:57:50",123.903,4,xrtg074
5603,16023804,"Mahmoud Ashraf","2026-06-06 09:12:18",124.381,36,mahmoudashraf7400
5604,15869464,"Radhika Shrivastav","2026-05-06 05:08:43",124.500,3,radhikasaniya
5605,16212330,"Zobayer Abdullah","2026-06-05 13:28:02",124.513,6,zobayerabdullah
5606,16291783,"Artem Gusenkov","2026-06-20 14:06:32",125.057,3,ihuhuskyi
5607,16411047,"Abubakar Magomedov","2026-07-28 08:47:52",125.471,4,magomedovabubakarz
5608,16532581,kai,"2026-07-17 08:35:40",125.661,1,kai1010
5609,15883631,"Ákos Pintér","2026-05-09 17:50:40",125.946,4,kospintr
5610,16588196,appu2431,"2026-07-28 07:11:45",126.519,3,appu2431
5611,16118422,graminyu,"2026-05-31 03:14:11",126.872,1,graminyu
5612,16558923,mahiru3,"2026-07-17 11:07:16",127.161,1,mahiru3
5613,15903931,mochi,"2026-05-09 19:08:42",127.372,2,lau01b
5614,16398298,"Himanshu Dhiman","2026-06-20 05:49:15",127.474,1,hmnshudhmn24
5615,16389967,"Juan D Alfonso","2026-06-25 20:50:38",128.125,6,juandalfonso98
5616,16552817,ZHUmy031118,"2026-07-16 02:55:56",128.312,1,zhumy031118
5617,15939782,"Amiranda Fuller","2026-06-15 15:36:42",128.639,6,amirandafuller
5618,16226717,Gany,"2026-06-13 07:15:14",128.908,1,gany24558
5619,16481646,Linkrw12,"2026-07-17 02:36:16",129.285,7,linkrw12
5620,16586813,Recluse72,"2026-07-28 12:30:15",129.304,9,recluse72
5621,16283964,"Justine Noel","2026-06-13 08:24:58",129.758,4,justinenoel
5622,15875886,"kidus yohannes 993","2026-05-15 14:04:53",129.786,17,kidusyohannes993
5623,15998100,"Ανδρέας Καραγεώργος","2026-05-17 03:36:11",130.611,2,andreaskar86
5624,16097113,"p pxl16","2026-05-30 04:00:05",131.648,9,ppxl16
5625,16479292,"Vishnu Nath J.R","2026-07-04 04:12:04",132.787,1,vishnunathjr
5626,16592311,"shreyas sangalad","2026-07-27 23:37:46",133.333,9,spoortisangalad
5627,15910622,"Bala Ajizentu Garba","2026-06-27 13:26:00",133.841,2,"balaajizentu,francislewisobama"
5628,15919685,1.21gigawatts,"2026-06-06 11:50:32",133.915,5,user121gigawatts
5629,16290648,wusan142857,"2026-06-14 11:28:41",134.584,3,wusan142857
5630,15918571,"Yu Izumi","2026-05-19 01:32:57",135.755,1,chibazumi
5631,16432153,"The Flight Tech","2026-06-25 11:26:07",136.002,1,theflighttech
5632,15871366,"kartik pandey","2026-05-06 08:07:25",136.225,1,kartik3pandey
5633,16022059,suri@7,"2026-05-26 09:57:32",136.238,3,sureshsuri
5634,15872091,surendrapatidar36,"2026-05-06 09:59:33",136.497,1,surendrapatidar36
5635,16278800,Jackson515,"2026-06-12 19:33:26",136.648,1,jackson515
5636,15872701,"Fahd EL ANSARI","2026-07-11 11:24:23",137.396,4,fahdelansari
5637,16384133,Tombeest,"2026-06-23 08:20:45",138.125,9,tombeest
5638,16002412,Stand_users,"2026-05-20 14:09:07",138.537,1,"aryansisodiyainf09,frozen09"
5639,16447367,AdityaPatel112,"2026-06-28 15:53:54",138.643,1,adityapatel112
5640,16117502,TanmayChawla,"2026-06-01 13:01:46",138.785,3,tanmaychawla16
5641,16285005,"Zain Naqi","2026-06-24 11:31:07",138.785,3,zainjawadnaqi
5642,16462744,iring58,"2026-07-07 07:59:18",138.785,2,iring58
5643,16024473,"wei chen Tsai","2026-05-20 04:28:51",139.126,3,weichentsai
5644,15877763,"Vansh Tiwari","2026-06-06 15:16:48",140.982,10,vanshtiwari912
5645,16455612,俺是耕田的,"2026-07-04 03:13:19",142.127,3,jiahaotian678
5646,16506518,"Avinash maurya","2026-07-22 10:48:47",142.233,3,"avinash2009,maghackgaming"
5647,16422071,Manik,"2026-07-09 10:32:57",142.283,29,manikcjat
5648,16483308,"Gabriel Martinez Perez","2026-07-20 19:19:17",142.829,1,gabrielmartinezperez
5649,16491805,tomo_tech,"2026-07-06 12:01:15",143.099,1,tomosciencetokyo
5650,15890212,"Bruno G. do Amaral","2026-05-08 21:24:41",143.474,2,bguberfain
5651,15871529,"Biplob Raihan","2026-05-13 15:24:48",144.277,2,biplobraihan
5652,16232601,"Mohit Kewalramani","2026-06-10 16:10:00",145.051,2,mohitkewalramani
5653,16476090,"Ryota Tanaka","2026-07-17 08:01:03",145.389,8,toyodart
5654,16515315,"Aditya Patil","2026-07-16 08:06:53",145.808,1,adityap1001
5655,15869178,"Arvind Nandigam","2026-05-15 05:49:05",145.830,9,arvindnandigam
5656,16542885,MlMlDev34,"2026-07-14 14:25:38",146.074,2,mlmldev34
5657,15951933,"Baha Enes Ören","2026-05-14 05:41:52",146.855,1,bahaenesren
5658,16075517,"Ian Chang","2026-05-30 13:40:36",147.352,3,ianjc314
5659,16600582,rickochet,"2026-07-27 06:52:27",147.824,5,rickochet
5660,15868179,fuchi8695,"2026-06-22 23:51:40",148.470,9,fuchi8695
5661,16533786,"Egor Plotnikov","2026-07-12 10:29:50",149.675,1,egorplotnikov
5662,15903413,"Ayyoub BENMANSOUR","2026-05-09 23:41:53",151.407,3,ayyoubbenmansour
5663,16371389,"Tahsin Arafat","2026-06-17 00:05:04",152.989,6,tahsinarafat
5664,16579408,"岩田 颯太（g2430027）","2026-07-28 07:16:47",153.451,2,g2430027
5665,15872428,"Daniel Fowler","2026-06-20 08:50:32",155.916,4,vacantdaniel
5666,16470376,"jonathan breitgand","2026-07-10 13:43:32",157.746,2,jonathanbreitgand
5667,16085345,"Farly Setiawan","2026-05-26 22:02:45",158.740,4,farlysetiawan
5668,16347554,"Pedro Albuquerque","2026-06-16 01:00:50",159.691,2,pedrobsb
5669,15875823,Raphaël,"2026-05-27 13:53:46",161.310,4,rapfff
5670,15875099,"Arnav Bhagat","2026-07-27 11:31:27",161.735,18,arnavbhagat
5671,16557642,Txuandz,"2026-07-20 09:00:55",162.600,4,txuandz
5672,16337492,"Rahul Jain","2026-06-26 07:28:09",166.892,2,jrahul
5673,16597849,"Susmita Modak","2026-07-27 09:34:02",167.034,15,vutututu
5674,16049146,"mahwiz khalil","2026-05-31 19:11:01",167.422,1,mahwiz
5675,16275171,cmilyeheng,"2026-06-10 08:08:09",167.932,3,cmilyeheng
5676,16017811,Eduardo,"2026-07-17 06:41:57",168.035,12,quesofresco
5677,16253109,"Максим Павлов","2026-06-24 08:43:25",168.159,3,nanhappens
5678,16055499,coder738,"2026-05-24 08:21:44",169.964,3,coder738
5679,16539680,"Pavan Rangisetti","2026-07-14 15:08:47",170.121,2,pavanrangisetti
5680,16536790,"Gokul Dasari","2026-07-13 03:09:47",170.281,3,gokuldasari
5681,16449673,ARYAN_TIWARI0,"2026-07-24 05:58:12",171.317,3,aryantiwari0
5682,16465735,"Rania Ahsan","2026-07-22 12:34:06",171.341,3,raniaahsan46
5683,15870404,"Keith Zidan Dsouza","2026-05-08 07:40:42",173.484,5,keithzidandsouza
5684,16269637,thefuadeniola,"2026-06-16 14:53:48",173.558,1,thefuadeniola
5685,16115366,"Ayush Mukherjee","2026-07-10 13:33:56",173.633,61,mukherjeeayush
5686,15870733,"Anjaneyulu Chattaboina","2026-05-12 07:28:02",174.818,3,anjumay22
5687,16425901,QIGESHIJIE,"2026-06-25 05:22:18",176.908,5,qigeshijie
5688,16480171,"Hairong Shi","2026-07-04 04:58:37",177.788,2,hairongshi
5689,16385441,"AMIT KUMAR UPADHYAY","2026-06-20 21:59:19",178.993,4,amitkumarupadhyay012
5690,15920990,"Daniel Elya","2026-05-10 19:05:47",189.236,1,danielelya100
5691,16022174,"medkhalil hawachi","2026-07-19 16:11:08",189.551,1,medkhalilhawachi
5692,16388062,"ABHISHEK TRIPATHI007","2026-06-19 13:20:17",191.268,1,abhishektripathi007
5693,15961921,AlexFromIdaho,"2026-07-27 22:44:34",192.423,11,ahfretheim
5694,16505832,"Dinh Minh Hai","2026-07-24 08:14:45",194.197,1,ddinhminhhair
5695,15880690,21011928_python,"2026-05-15 01:31:11",199.763,4,wngur0313
5696,15902729,"Muhammad Haaris 27083","2026-05-16 20:42:12",203.539,5,muhammadhaaris27083
5697,15870867,stpete_ishii,"2026-05-10 12:53:14",203.876,20,stpeteishii
5698,16250922,"Mohammed Tarig","2026-06-29 14:57:45",212.368,7,mohammedtarigdev
5699,16329817,Brayner,"2026-06-15 20:47:22",213.350,3,brayner
5700,15990753,"Balbir Singh","2026-05-17 12:50:21",213.628,1,bsthakur8
5701,16443261,SuryatejaDevarako,"2026-06-27 18:47:31",214.557,1,suryatejadevarako
5702,15864055,Reigenleif,"2026-05-06 02:17:22",223.459,5,alifamirudinstei
5703,16186630,"Enrique Conde Pereira","2026-06-13 19:58:17",228.616,9,atresa
5704,16447040,"Hamka Suhaimi","2026-07-05 15:01:30",234.769,8,hamkasuhaimi
5705,16447202,"Yaseen Hossam2012","2026-07-22 17:20:38",235.978,7,yaseenhossam2012
5706,16189273,wavegeba,"2026-06-04 12:00:10",236.174,2,wavegeba
5707,16535949,"Yasiru Indunil","2026-07-14 07:22:02",240.678,5,yasiruindunil
5708,16434492,"Todor Angelov Yankov","2026-06-26 14:15:43",244.534,2,todorangelovyankov
5709,16206014,"Chihong Y","2026-06-06 19:53:30",259.323,1,chihongy
5710,15925386,shixingkong,"2026-05-26 10:17:56",259.631,1,shixingkong
5711,16093900,"pavithra sivanesan","2026-06-06 06:51:53",260.296,13,pavithra1412
5712,15875113,"Kalpesh Lokhande","2026-05-08 07:41:54",264.881,1,kalpeshlokhande12
5713,16421391,dnbhm,"2026-07-27 18:45:55",267.330,8,dnbhmh
5714,16530446,RajkumarRK28,"2026-07-26 16:31:05",276.353,7,rajkumarrk28
5715,15869216,"Mahendr Charel","2026-05-08 21:29:54",281.023,5,mahendrcharel
5716,16602468,Spéro,"2026-07-27 12:13:37",288.704,2,d0xt0r
5717,16373362,Lone1yPhoeniX,"2026-06-17 12:41:39",332.376,1,lone1yphoenix
5718,16274126,Richard(Ryu),"2026-06-09 17:59:09",338.723,1,tousinritsu
5719,15865488,GianfrancoSchilirò,"2026-07-01 18:37:50",348.263,1,giannisch
5720,16101419,"Achref Jarray","2026-05-30 21:31:05",354.802,6,achrefjarray
5721,16483266,YOSHUA777,"2026-07-21 04:55:44",359.765,4,yoshua777
5722,16553918,"Maguluri Naveen","2026-07-16 12:50:27",374.378,5,magulurinaveen
5723,15999568,"Siddhartha Boppana","2026-06-17 00:21:13",393.423,11,"del=74e5749ba32be074,siddharthaboppana"
5724,15865279,"Taylor Clark","2026-06-27 03:47:55",394.379,28,taylorclark637
5725,15917774,amolwani2,"2026-06-27 07:24:40",412.683,3,amolwani2
5726,16472665,Gh0st83,"2026-07-07 09:44:02",430.858,2,gh0st83
5727,15871494,Renuka,"2026-07-04 10:48:34",438.450,5,alphy1603
5728,15873964,"Rana Nisarg","2026-05-20 13:58:36",469.084,2,rananisarg
5729,16148627,harsh,"2026-06-09 15:23:27",477.049,11,hrdv10
5730,16403540,harshit07012,"2026-07-12 14:36:44",503.159,1,harshit07012
5731,16051961,"Seyed Mohammad Hosseini","2026-05-22 20:10:38",524.784,1,smhoss313
5732,16002017,ash672,"2026-05-17 11:39:50",569.144,1,ash672
5733,15876325,Phoenix,"2026-07-24 20:47:14",571.634,3,seanht1
5734,16598498,"Deamx Boss","2026-07-27 13:01:38",572.356,8,deamxboss
5735,16420289,RetroDaigo,"2026-07-21 07:32:48",579.374,2,retrodaigo
5736,16572209,"HANAEL OROZCO SOLIS","2026-07-20 03:31:23",615.900,5,hanaelorozcosolis
5737,15995531,"Fares Rafat","2026-05-29 21:48:16",633.944,4,faresrafat
5738,16115685,payango,"2026-06-14 07:08:40",665.549,1,payango
5739,16030871,gnorrbitberrenbur,"2026-06-23 09:31:28",665.676,2,gnorrbitberrenbur
5740,16079812,Arbidos,"2026-06-27 00:18:04",666.061,5,arabidopsisthalian
5741,16214982,"Mark C. Elliott","2026-06-27 00:24:05",666.061,4,markcelliott
5742,16471867,Ilya,"2026-07-02 05:33:58",666.061,4,kitaru
5743,16447173,"Pavani Rathnatunga","2026-06-29 15:10:09",666.061,1,pavanirathnatunga
5744,15875242,"PL Global","2026-07-15 15:02:20",666.061,3,"plglobal,purna25"
5745,15873242,"Tree Bird Tree Bird","2026-05-17 16:52:38",666.061,17,treebirdtreebird
5746,16137138,"PHIL CHEN 0806","2026-06-14 12:16:08",666.062,3,philchen0806
5747,16071547,"Felix Köster","2026-05-25 10:52:00",666.231,5,felixkster
5748,16602567,"Ranvijay Paul","2026-07-26 18:23:43",666.231,3,ranvijaypaul
5749,15996672,DmitriyNikitenkov,"2026-05-30 08:57:33",666.310,8,dmitriynikitenkov
5750,15865207,"Haocheng Lin","2026-05-14 17:57:05",666.670,1,haochenglin
5751,16073329,"Bala Kumar","2026-05-25 16:51:59",666.865,5,balakumaribt
5752,15884596,"Alif Alifr4","2026-06-09 08:09:39",667.130,8,alifalifr4
5753,15908881,"q zh","2026-06-22 03:40:28",667.391,9,hrbzhq
5754,16488157,Auk10,"2026-07-19 15:57:17",675.339,9,auk1098
5755,16308214,linxiao407,"2026-06-12 16:46:40",676.944,5,linxiao407
5756,15866477,"Enrique Meza","2026-05-06 19:10:05",679.928,7,emezac
5757,15947282,8000$,"2026-05-26 15:50:07",682.262,10,"cuniverse31,leejinwoo1,leeyunjin113"
5758,16256174,"yixin Liu1009","2026-06-07 07:20:56",682.661,1,yixinliu1009
5759,16039925,Jacobstraub223456u7,"2026-07-16 20:13:43",683.293,9,jacobstraub223456u7
5760,16127736,"Rudra Bedekar","2026-05-31 17:41:36",685.739,2,rudrabedekar
5761,15875838,marianna_ch,"2026-05-06 15:19:05",688.889,2,mariannach
5762,15865597,JeffFosterUK,"2026-05-06 17:21:38",688.889,2,jefffosteruk
5763,15910365,"SIDDHARTH KUMAR","2026-05-10 08:46:30",688.889,6,siddharth16592
5764,15877526,"Sahil Deogade","2026-05-17 07:13:39",688.889,1,sdeogade
5765,16029175,"BNBU GROUP","2026-05-21 07:42:02",688.889,3,"fancysix,hongdouyys,marinesci,v530203014"
5766,16261116,"SUDIPTA MONDAL SHUVO","2026-06-08 12:53:19",688.889,3,sudipatamondal
5767,16294940,"daniela iannotti","2026-06-10 23:23:31",697.581,1,danielaiannotti
5768,15867579,"Mirza Milan Farabi","2026-05-08 02:14:02",699.978,10,mirzamilanfarabi
5769,16096509,"VIJAY SUNDAR","2026-05-30 04:06:47",721.827,1,vjsundar
5770,16397431,ZhaoYuchen0425,"2026-06-26 13:41:16",724.309,4,zhaoyuchen0425
5771,15885231,Saurav,"2026-07-02 12:41:56",725.490,6,sauravchat
5772,16583701,Cool_Mulu,"2026-07-28 09:17:16",731.194,4,coolmulu
5773,15918290,"Prakhar Pande","2026-05-10 14:17:05",733.407,2,prakharpande
5774,16053334,LuckyC,"2026-06-02 01:02:11",757.252,7,wellheykaggle
5775,16267294,帕罗西汀,"2026-06-09 14:54:18",772.746,1,chenzheshuo
5776,16484320,"Arturo Salvador Balderas h","2026-07-19 23:10:04",774.677,6,dcpracmatic
5777,16578064,"EMILIANO VAR","2026-07-21 06:24:18",794.925,4,emilianovar
5778,15944723,"Leonardo Barroso","2026-06-04 11:15:24",813.073,21,leonardobarroso
5779,15867174,"Mariem GLIOUEZ","2026-06-09 13:27:23",829.479,4,mariemgliouez
5780,15898681,"Yash Kumar Saini","2026-05-13 07:55:22",829.586,6,yashkumarsainiiiitde
5781,15906419,"Mohammad Atif Ahmad faiyaz","2026-06-12 12:04:59",831.633,15,mohammadatifahmed
5782,16545453,ml_clsumit,"2026-07-15 13:48:07",838.571,2,mlclsumit
5783,16063724,tommol,"2026-05-25 08:18:39",841.194,3,tommol
5784,16088611,"Dinesh Reddy 08","2026-05-29 05:29:33",843.761,3,dineshreddy08
5785,16484579,"ANGEL GABRIEL CALDERON HERNANDEZ","2026-07-19 01:46:16",852.431,3,elgabo0
5786,16076434,SARVAGRA,"2026-05-30 09:56:41",854.581,2,sarvagra
5787,16428833,varvarkinss,"2026-06-26 09:47:13",856.556,2,varvarkinss
5788,16444514,Velo,"2026-06-28 20:55:58",860.251,2,veloryx
5789,15877085,Quang0150,"2026-06-18 16:21:06",860.359,10,quang0150
5790,15914729,HyperPlanz,"2026-06-15 12:02:20",881.106,11,domiandr000
5791,15991267,Karthikeyaa_6274,"2026-06-03 06:24:28",900.068,4,karthikeyaa6274
5792,16064629,"Drive Kitsanatron","2026-05-24 20:15:59",901.846,3,dominicfansisici
5793,16305747,umomuoi,"2026-06-15 21:30:53",911.788,3,artemstalnoy
5794,15868558,"Rifqy Alwi","2026-06-12 17:48:01",934.060,5,"rifqyalwi,winaamrina"
5795,16444863,"Paul Emakpor","2026-07-03 04:01:18",946.312,1,paulemakpor
5796,16079159,"Chaitanya Jamble","2026-05-26 08:54:23",946.454,3,chaitanyajamble
5797,15999668,"khawer khan2","2026-05-19 07:18:29",979.634,6,khawerkhan2
5798,15989925,"Eric Lucas","2026-05-19 07:12:49",1039.783,3,erictlucas
5799,16377341,Leneen,"2026-07-07 12:08:01",1073.649,1,leneen
5800,16045049,"Shardul Pingale","2026-06-04 20:09:15",1142.382,15,shardulpingale
5801,16377344,"Muhammad Aldo Fahrezy","2026-06-17 07:50:31",1164.406,2,aldofhrzy
5802,16585723,Wandroid,"2026-07-23 11:25:50",1241.109,4,wandroid
5803,16019102,"camelia aylan","2026-05-19 13:58:25",1249.892,3,cameliaaylan
5804,16598967,"Eric Dailey","2026-07-25 19:11:27",1262.918,2,ericdailey
5805,15946063,"God of visual","2026-05-15 11:36:37",1293.667,5,"fuchenlangc,mingshengkun,unbengabl3"
5806,15910772,"Anubhav Tyagi1212","2026-05-11 04:17:03",1332.268,8,anubhavtyagi1212
5807,15894254,zxyaids,"2026-05-09 06:14:21",1348.793,1,zxyswds
5808,16044757,"Matthew Cullen","2026-05-22 19:16:24",1348.793,3,mattcullen6154
5809,16434347,meatori-nu,"2026-06-26 13:02:51",1376.807,1,meatorinu
5810,15866722,"Mehmood Bhutta","2026-05-29 19:17:47",1383.751,2,mehmoodbhutta
5811,16183656,wwwwii,"2026-06-03 12:58:56",1383.998,1,wwwwii00
5812,16589419,"Desyat IO","2026-07-24 11:01:27",1388.895,6,desyatio
5813,15903481,"kudom Kouhh","2026-05-15 23:57:44",1547.196,7,kudomkouhh
5814,15868131,statstriker,"2026-05-18 09:04:04",1612.110,3,statstriker
5815,16321122,"Sabrina Sartoretto","2026-06-13 04:12:50",1620.381,2,sabrinasartoretto
5816,16599602,"Abdelaziz Omarrr","2026-07-26 11:10:14",1706.643,3,abdelazizomarrr
5817,16368007,"Naman Durve","2026-07-24 21:31:53",1722.579,2,namancdurve
5818,16353389,"Bulat Sirgazhin","2026-06-15 09:24:14",1759.039,1,bulatsirgazhin
5819,15910881,Tmasa09,"2026-05-09 15:59:56",1792.775,1,tmasa09
5820,15864859,"Heba Ismael Hassan ","2026-05-11 13:54:22",1891.856,3,hebaismaelhassan
5821,16421167,petlabo,"2026-06-23 16:54:43",1947.022,2,petlabo
5822,16574507,"Sudharshan Sambathkumar","2026-07-28 10:10:37",1987.188,1,sudharshansam
5823,16246177,LBTLBT,"2026-06-18 14:51:15",2045.409,7,lbtlbt
5824,16117916,"Simon Kuang","2026-05-30 18:52:07",2180.289,1,skuang64
5825,16435397,"Adjie Prasetya","2026-06-25 22:43:22",2709.728,1,adjieprasetya
5826,16089147,nrschlies,"2026-05-28 21:34:08",3097.721,3,nrschlies
5827,16559950,"Hole Neckles","2026-07-28 08:03:50",5005.932,1,holeneckles
5828,16224070,"Abhishek Patil","2026-07-15 13:20:27",7534.191,3,trions
5829,16603263,"Riemann Zeta625","2026-07-28 04:53:05",8637.053,1,riemannzeta625
5830,15972422,"RISU RAJ","2026-05-15 08:01:49",8993.049,1,rishi412
5831,16253386,"PANDIRI ARYAN REDDY","2026-06-06 17:57:28",10433.670,1,pandiriaryanreddy
5832,16004703,20211117,"2026-05-22 13:56:01",11030.222,1,heebahsaleem
5833,16217214,"Tarun Rai","2026-06-09 14:34:37",11546.885,2,tarunraii
5834,15919054,"Enter your display name","2026-05-11 13:38:45",11548.960,2,a3616815138
5835,16015868,"Ayesha Siddiqua","2026-07-22 17:43:08",11548.960,16,coddy1803
5836,16391576,"Meriam Zouaoui","2026-06-19 13:05:58",11550.957,4,meriamzouaoui
5837,15865410,"Mohamed Bentalb","2026-05-13 16:49:27",11551.955,5,mohamedbentalb
5838,15992071,"Sean Lode","2026-05-17 05:38:23",11551.955,5,seanlode
5839,15895352,"Wagner Toscano","2026-06-05 12:49:27",11551.955,5,wagnertoscano
5840,16056526,JirapatJoon,"2026-05-23 14:03:56",11551.955,2,jirapatjoon
5841,16133788,"lulu done","2026-05-31 15:25:36",11551.955,1,luludone
5842,16195290,"Raunak Kumar","2026-06-04 12:38:00",11551.955,5,raunakkr1996
5843,16235532,"Aswin Paul","2026-06-05 03:32:08",11551.955,1,aswinpaule
5844,16294995,"Joseph Djian","2026-06-17 07:14:16",11551.955,4,djian55
5845,16418878,"Sebastien Andersson","2026-06-23 06:33:26",11551.955,1,sebastienandersson
5846,16429222,betagammashtrit,"2026-06-25 19:45:58",11551.955,1,betagammashtrit
5847,16448110,"Bhayabhai Kodiyatar ","2026-06-28 20:29:12",11551.955,2,bhayabhaikodiyatar
5848,15926988,Noob786,"2026-06-29 07:43:25",11551.955,3,noob786
5849,16493705,"Tarshika Wickramanayaka","2026-07-10 14:56:55",11551.955,8,tarshika
5850,16477821,"Ayub Makhamaev","2026-07-09 05:35:56",11551.955,3,ayub001
5851,16555111,"Md Naim","2026-07-17 11:35:58",11551.955,1,mdnaimislam165436
5852,16395947,"Angel R, Gadea L.","2026-07-26 18:04:19",11551.955,9,angelrgadeal
5853,16514058,"Sridhar C","2026-07-26 20:08:06",11551.955,1,sridharchinnasamy
5854,16364175,Lohan,"2026-07-27 03:24:44",11551.955,1,amitmlohan
5855,16059001,"Redouane Benadla","2026-05-29 22:24:11",14763.595,5,redouanebenadla
5856,16517922,"Евстигнева Цар","2026-07-13 18:08:48",21013.052,8,evstigneva
5857,16269870,"İlayda Dinçkülah","2026-06-08 21:51:45",1068014.436,1,laydadinklah
