Rank,TeamId,TeamName,LastSubmissionDate,Score,SubmissionCount,TeamMemberUserNames
1,15882587,shu01,"2026-07-25 23:57:17",4.679,18,shu01jp
2,16211055,"Yannan Chen","2026-07-27 23:57:21",4.902,113,yannan90
3,16292952,N&A&O&A,"2026-07-28 04:21:14",5.045,271,"adilkhabibullin,andrey4522,nocturnebflat123,ochirdorzhiev"
4,15891270,SaintLouis,"2026-07-24 18:22:27",5.108,256,"alexbstl,garink,ryanstoner"
5,15870218,"Shrey Gandhi","2026-07-28 04:56:35",5.217,169,"shreygandhi,vu9480"
6,16040849,tremors,"2026-07-28 07:51:17",5.217,136,"datafan07,nlztrk"
7,15999593,"Rishikesh Jani","2026-07-26 15:23:16",5.237,135,rishikeshjani
8,15864151,"L & J & A & A","2026-07-27 22:21:23",5.325,394,"alijs1,arunodhayan,jsday96,l1ghtsource"
9,15868189,yu4u,"2026-07-28 09:37:12",5.386,61,ren4yu
10,15868731,"Tucker Arrants","2026-07-27 22:56:12",5.444,164,tuckerarrants
11,15904349,"Ryo Takaki","2026-07-27 16:06:02",5.453,304,ryotakaki
12,15863902,tennogh,"2026-07-27 22:57:42",5.494,49,tennogh
13,15881338,"rogaa i kopytaa","2026-07-28 00:28:04",5.550,226,"bluepill,sggpls"
14,16201230,"Rob Boyd","2026-07-28 04:32:30",5.562,193,robboyd
15,16549824,zhzhou2026,"2026-07-27 13:29:57",5.568,54,zhzhou2026
16,15994289,Can,"2026-07-26 07:48:51",5.606,73,canentay
17,15873784,Ruby,"2026-07-26 12:29:50",5.648,32,w5833946
18,15937990,"Hit Imai","2026-07-28 00:01:51",5.653,207,hitimai
19,15910775,TKPNM,"2026-07-28 02:01:01",5.661,285,"kazuwhite,maciejsypetkowski,nataliajakowska,priyanshujain32,takumi0220"
20,15910655,roglike,"2026-07-28 00:08:15",5.690,225,"eijixxx,gaopengren"
21,16419086,monkey,"2026-07-27 18:01:15",5.697,106,marsonchu
22,16139011,daimaru,"2026-07-28 10:47:14",5.812,3,daimaruk
23,15867661,"tereka & Takoi","2026-07-28 01:19:33",5.820,238,"takoihiraokazu,tereka"
24,16485299,안녕하세요이세입니다잘부탁드립니다,"2026-07-28 01:00:15",5.856,120,"moonswalk,municef1"
25,16232990,k256.dev,"2026-07-27 22:44:28",5.864,120,k256net
26,15868698,goonew,"2026-07-28 00:53:45",5.870,120,goonew
27,15865237,"Kaggle Agent","2026-07-27 23:48:56",5.899,118,"arc144,jiweiliu,maxjeblick"
28,16473254,galatea,"2026-07-27 03:18:16",5.901,54,ark911
29,15863668,"Komil Parmar","2026-07-27 19:39:56",5.902,94,komilparmar
30,15974029,"D & L & Sㅤㅤ","2026-07-28 00:25:08",5.928,405,"aurax7,coolinlai,davidsarrat"
31,15897373,yuto083,"2026-07-28 04:58:39",5.929,90,yuto0712
32,15868272,"寿! & yiyu0716 & 萤火2018","2026-07-28 08:03:05",5.939,356,"aiwody,taka3776toshi,yiyu0716"
33,16003818,62326368,"2026-07-27 10:37:51",5.939,192,mooniim
34,15863746,"Orson Wells","2026-07-27 13:40:49",5.954,127,"churkinnikita,evgenshuben,l0glikelihood,nazarov"
35,15864296,"rack my brains","2026-07-28 04:38:44",5.962,85,i2nfinit3y
36,15932833,Coffeethefifth,"2026-07-28 03:06:00",5.968,78,okilireaya
37,16288751,Julie,"2026-07-25 06:10:33",5.998,84,juliep
38,15873817,"Alexey Zakharov","2026-07-28 05:52:36",6.003,33,drzoidberg
39,15875345,Ali,"2026-07-27 04:27:46",6.020,80,asalhi
40,16472902,"Jeevan Jolly","2026-07-27 07:59:49",6.021,44,jeevanjolly
41,16264382,"Light Lightov","2026-07-19 13:10:12",6.022,42,ellightened
42,16484789,"Vitalie Cervinschi","2026-07-27 00:00:56",6.029,53,vitaliecervinschi
43,16517930,"Brendan Carlin","2026-07-27 22:11:41",6.037,27,brendancarlin
44,16154958,syamoji141,"2026-07-28 00:20:22",6.040,66,syamoji141chan
45,16126594,"H. Ashida","2026-07-28 03:39:30",6.060,118,hiromuashida
46,15877315,"vibe drillers","2026-07-27 15:25:23",6.077,358,"artgor,asimandia,gordeevmax,ogurtsov,smirnolegov"
47,15907406,"GAZZZZZZ INDUSTRY","2026-07-28 05:53:12",6.098,131,heriqis777
48,16534940,ghvcgmhv5644345,"2026-07-26 21:07:34",6.104,20,"cassinicraft,ghvcgmhv5644345,r1cksync,shubhangnande"
49,15870202,"Vishal Kishore","2026-07-26 05:19:41",6.104,195,kishorevishal
50,16442142,CUetea,"2026-07-27 09:38:18",6.104,98,"iwance,kirillklem,trizyx"
51,16020558,Parag,"2026-07-28 05:33:07",6.106,107,paragkale
52,16437539,emforce77,"2026-07-28 01:43:04",6.109,65,emforce77
53,15863682,"Chris Deotte","2026-07-26 17:55:28",6.112,162,cdeotte
54,16486573,lihua778,"2026-07-28 00:03:40",6.121,75,lihua778
55,16516825,tyffee,"2026-07-28 04:28:21",6.122,41,tyffee
56,15971786,D.Imanishi,"2026-07-28 00:26:23",6.132,75,dimanishi
57,15873462,usk,"2026-07-27 13:32:28",6.133,84,yusukeoi
58,16005422,"Vibe well","2026-07-27 09:45:25",6.137,383,"larrylin666,psilogram,timkrige,wanrongyang,williamwu88"
59,16486493,radiant-allomancer,"2026-07-27 09:01:17",6.139,39,radiantallomancer
60,16088022,"yuanzhe zhou","2026-07-28 02:29:33",6.148,66,yuanzhezhou
61,16390750,"Yaro Perventsev","2026-07-27 19:42:17",6.150,46,yaroslavperventsev
62,16045516,Ryota,"2026-07-27 16:59:28",6.153,50,ryotak12
63,16557305,mitsuki,"2026-07-28 01:28:49",6.157,29,mk00000
64,16209124,zhenyue,"2026-07-28 00:04:26",6.157,212,"dorainren,jiangzhenyue,leehuiii,xxxtetantion"
65,16132511,"Martin Gabd","2026-07-28 00:14:44",6.166,87,martins0n
66,16536910," Master Bob111","2026-07-28 04:33:45",6.171,40,masterbob111
67,15868199,"trial and error","2026-07-28 08:12:02",6.175,234,"amoxicilin,lihu6666,shuozhezhou,yeshawang,zhuyifanss"
68,15909741,"NOTEBOOK TIMEOUT","2026-07-27 19:48:51",6.181,51,len8487
69,16480303,AdamJonesJohnson,"2026-07-27 11:48:50",6.183,52,adamjonesjohnson
70,16033068,"zhuo wamg","2026-07-27 15:50:23",6.188,161,"zhuowamg,znwe342"
71,16484613,tawashi,"2026-07-28 00:48:43",6.192,59,tawashi
72,15874047,Kurokawa,"2026-07-28 03:07:20",6.195,144,mkurokawa
73,16504317,"Ivan Rodionov","2026-07-27 17:18:10",6.202,11,korifeyi
74,15984296,less,"2026-07-28 02:10:54",6.203,95,"chengjunmai,jiaoyouzhang,ruonanmei"
75,16275439,Sh1n1230,"2026-07-27 08:13:00",6.203,27,sh1n1230
76,16199558,i-aztec,"2026-07-26 22:16:35",6.207,111,iaztec
77,16433120,"Rob C","2026-07-27 12:41:41",6.220,74,robertcheah
78,16063864,"Gert dal Pozzo","2026-07-24 15:56:19",6.232,122,steubk
79,16593254,"Antoniu Gugu","2026-07-28 00:05:19",6.236,20,antoniu
80,15876196,Falcon,"2026-07-26 13:58:57",6.238,46,aromani
81,15872296,"Ozan M.","2026-07-27 21:23:21",6.238,230,analyticaobscura
82,15865517,"Ismail Mabrouki","2026-07-27 18:45:33",6.241,40,ismailmabrouki
83,15999329,"well digger","2026-07-28 03:26:50",6.243,139,"hikari30,yamashitamotokazu"
84,16067128,MMH🇲🇲,"2026-07-28 05:35:51",6.245,255,"caoyupeng,danischaparov,mirzayasirabdullah07,myominhtet,zejunfool"
85,16537567,monnu,"2026-07-28 04:04:13",6.248,5,fuumin621
86,16087867,tobhull,"2026-07-19 15:21:14",6.248,18,tobhull
87,15868675,"Shunsuke Shibata","2026-07-23 23:56:44",6.249,11,shunsukeshibata
88,16492608,youill0317,"2026-07-27 02:02:12",6.252,33,youill0317
89,16552178,"Keisuke Ueda","2026-07-27 21:16:20",6.254,49,keisukeueda
90,16441538,chipssy,"2026-07-27 15:56:00",6.259,77,shotafubasami
91,16390265,"1J SHEN","2026-07-27 09:52:53",6.261,88,"jiangzhibo,yijieshen123"
92,16213376,"Boresight Fellowship","2026-07-27 19:42:19",6.264,210,"farshidamira,liuyanfeng"
93,16053487,mitomeat823,"2026-07-27 00:23:55",6.267,158,mitomeat823
94,15885215,"Vicens Gaitan","2026-07-23 15:11:35",6.269,112,vicensgaitan
95,16347969,Kazeneko,"2026-07-27 20:15:47",6.269,34,kazeneko77
96,16209097,奶蛙,"2026-07-27 14:05:13",6.272,36,"dengbing27,hope666"
97,16352494,Cherie01,"2026-07-28 00:00:51",6.277,48,cherie01
98,16066520,IIDA,"2026-07-25 00:21:00",6.280,42,shunyaiida
99,16471615,i3,"2026-07-27 20:37:29",6.281,56,ishijima
100,16516716,Artalmaz31,"2026-07-27 20:30:12",6.287,60,artalmaz31
101,16097001,ImperfectKitto,"2026-07-27 00:16:52",6.288,132,defdet
102,16063546,brave-心勇-heart,"2026-07-28 05:28:38",6.290,54,braveheart
103,16488074,"Sho Okiyama M.D.","2026-07-28 00:32:43",6.292,78,shookiyama
104,16145164,"Никита Кочерин","2026-07-27 22:28:13",6.296,53,nick15431543
105,16568652,aleksandr3312,"2026-07-28 09:01:17",6.296,33,gapchenko
106,16558131,AnZ,"2026-07-28 03:10:50",6.298,29,minhbui1997
107,16238598,jp_nerdery,"2026-07-27 22:04:43",6.299,112,ytochii
108,16554912,kk.sky.9k,"2026-07-28 03:51:41",6.299,62,kksky9k
109,16008946,久保兼,"2026-07-28 00:13:21",6.301,100,"fumiya326,kuboken,rikutokuwayama"
110,15871678,"Team droso","2026-07-27 13:14:21",6.303,15,"andreiminca,Sorin1970"
111,16055073,LeeDongHyuk,"2026-07-28 00:06:08",6.311,112,odyssey189
112,16590516,DoubleZs,"2026-07-27 13:17:35",6.312,5,zhang051018
113,16144377,notxjl,"2026-07-27 14:35:26",6.318,65,kiikio
114,16499957,tekatoncat,"2026-07-27 23:36:47",6.323,34,tekatoncat
115,16534239,"Yifei Wei","2026-07-26 14:16:59",6.325,29,cooperyf
116,15891024,"Marek Nurzynski","2026-07-26 20:03:35",6.326,18,marek3000
117,15875355,Teitlax,"2026-07-28 00:03:07",6.328,326,teitlax
118,16446583,atrei_des,"2026-07-27 02:18:38",6.332,85,dmitrygertsovsky
119,16457841,"Aphorion Labs","2026-07-20 19:11:12",6.334,44,eddiendiritu
120,16132535,AkiraIshikawa,"2026-07-27 21:19:31",6.338,143,akiraishikawa
121,15878067,Ayodeji,"2026-07-28 03:08:14",6.339,314,ayodejiibrahimlateef
122,16446939,"Ramesh Arvind","2026-07-27 18:15:08",6.344,46,rameshln
123,16327132,"mz Shi","2026-07-28 03:38:59",6.344,62,"fanglimo,molzine,quark1973,shuitun1lulu"
124,15872999,GG-bond,"2026-07-28 02:14:19",6.345,46,wyhwyh123
125,16389862,mash3gt,"2026-07-27 14:22:16",6.348,80,shiroguitar
126,15872132,"EQV UK","2026-07-28 00:03:57",6.349,215,markjcooper
127,15870201,AdvancedMineCraft,"2026-07-28 01:22:34",6.350,152,theonetheonly
128,16541053,rekhasri,"2026-07-28 04:31:16",6.351,56,rekhasri
129,16432942,yonett,"2026-07-25 13:01:44",6.352,61,taikiyoneyama
130,16587679,MaxChen303,"2026-07-28 04:34:32",6.354,17,maxchen303
131,15913442,VanKoha,"2026-07-28 00:20:01",6.354,256,kohasama
132,16494592,"Shota Hirao","2026-07-27 16:11:14",6.354,42,shotahirao
133,16224221,"Everyone that competes in a Co","2026-07-28 04:09:29",6.355,115,"kosuke123,rererenore,zone0906"
134,16557621,"Rahul Penjare","2026-07-28 03:39:48",6.355,27,rahulpenjare
135,16298973,"and more","2026-07-28 02:48:05",6.356,93,kym2022
136,16544365,"Duc Tran","2026-07-27 02:09:58",6.357,53,ttducqt
137,16560329,"MOP Capital","2026-07-27 19:34:27",6.357,20,"antondugin,infam62,romanagarev,saffff,test7845"
138,16056072,nmst,"2026-07-23 17:23:09",6.361,49,nmstopen
139,16484631,base_camp_2002,"2026-07-28 00:01:00",6.361,65,basecamp2002
140,16089335,"Hira Norm","2026-07-27 13:37:08",6.364,59,hiranorm
141,16491399,yamada,"2026-07-27 23:54:39",6.364,41,yamada
142,15905640,G.ishinabe,"2026-07-28 00:06:39",6.365,80,gishinabe
143,16239300,"Patrick Chan","2026-07-27 16:15:57",6.366,19,drpatrickchan
144,16193188,kinjazA,"2026-07-27 14:30:15",6.367,105,"heguochao,kinjaza"
145,15874552,"Masaya Kawamata","2026-07-28 01:06:37",6.370,49,masayakawamata
146,16562904,"Liu Jiahao","2026-07-27 12:54:54",6.371,39,opencv411
147,16052415,Chloe,"2026-07-27 19:17:40",6.372,37,baytree1238
148,16580511,"Arun #3","2026-07-27 14:07:53",6.372,18,arun8ovfjfdr6
149,16540990,DovyDigital,"2026-07-27 00:16:27",6.373,18,dovydigital
150,16604932,StupidXie,"2026-07-28 05:42:39",6.373,8,stupidxie
151,16375304,"André Dkw","2026-07-28 00:01:18",6.374,152,andrdkw
152,16029058,anngle,"2026-07-27 10:14:20",6.377,120,anngle
153,16041733,"fog flower","2026-07-27 14:30:05",6.377,270,"fogflower,johnyunfan"
154,16551019,TKMSMT,"2026-07-27 15:28:23",6.378,59,tkmsmt
155,16565712,DebbyOne,"2026-07-27 04:13:01",6.378,9,wxgisspider
156,16572059,cracker_1_war,"2026-07-27 23:05:15",6.379,7,cracker1war
157,15864655,Aphrodite,"2026-07-27 01:13:57",6.379,44,aphrodite874
158,16268101,"Bohdan Boklah","2026-07-27 18:23:41",6.380,47,bohdanbb2000
159,16295258,Pompompurin,"2026-07-27 15:31:41",6.381,111,kimdoong
160,15870872,"nk for work","2026-07-27 14:06:29",6.381,55,nkforwork
161,16262656,上山打老虎,"2026-07-28 02:11:26",6.384,73,"feilong2451,jamesleonardo,jasonxusk,mingkangyan,renmin517"
162,16536833,vinceybb,"2026-07-27 18:11:06",6.384,20,vinceybb
163,16444717,"Takuya Ando","2026-07-27 08:07:07",6.384,98,takuyaando11
164,16255718,yukio,"2026-07-27 23:38:23",6.385,42,yukioseki
165,16588029,ForcewithMe,"2026-07-28 02:04:29",6.385,18,forcewithme
166,16261967,gojibori,"2026-07-28 00:12:16",6.385,134,gojibori
167,16550982,Fukuty,"2026-07-28 01:15:02",6.386,43,fukuta0614
168,15920909,"lin xiang sun1145","2026-07-28 03:25:23",6.388,177,linxiangsun1145
169,16404393,OUTSIDERS,"2026-07-28 00:25:00",6.389,104,"degnonguidi,ronnylawson,sergionefedov"
170,16370315,sam_the_rice_cake,"2026-07-28 03:01:01",6.389,115,wliilamsam
171,16574939,Evan,"2026-07-28 00:56:10",6.390,33,evansussex
172,16480419,"Hirota Yusuke","2026-07-28 02:23:07",6.391,68,hirotayusuke
173,16584990,EndeavourRyo,"2026-07-27 23:43:21",6.391,9,endeavourryo
174,15870874,shyjin,"2026-07-27 23:25:52",6.391,42,shyjin
175,16281789,"Denis Rukavishnikov","2026-07-27 17:14:02",6.391,61,denisrukavishnikov
176,15880897,kusui26,"2026-07-27 00:24:25",6.392,26,kusui26
177,16069630,tatt:)ch,"2026-07-27 11:20:26",6.392,214,tattch
178,16483832,snowmmm,"2026-07-27 13:55:32",6.393,45,snowmmm
179,15878377,"Ivan Aleksandrov","2026-07-28 04:30:46",6.393,26,ivanblch
180,16133031,"Rajan Nagarajan","2026-07-27 22:10:57",6.393,64,narajan
181,15864737,"Breno & Sebastian","2026-07-28 00:01:39",6.394,61,"brenorb,sebastianmateus"
182,15880214,"Kun Zhang","2026-07-28 02:54:51",6.394,322,beicicc
183,15866939,"Mike Kim","2026-07-28 04:41:52",6.394,53,mikeskim
184,16440690,"Yusuke Togashi","2026-07-27 23:12:40",6.394,135,yusuketogashi
185,15866967,kglctf,"2026-07-27 12:09:16",6.395,240,kglctf
186,16178588,takumina,"2026-07-26 07:05:15",6.395,20,takuminakamatsu
187,16292492,MT,"2026-07-27 20:26:12",6.396,174,mtinti
188,16535823,"Using 5.6 Can Gold","2026-07-28 03:45:07",6.396,36,"ayaka2333,ddbuns,guyueyuan,oliver34"
189,16511013,"Team Flash","2026-07-28 01:02:47",6.397,38,ctfxiao
190,16327181,Hassan1417,"2026-07-27 05:34:36",6.397,33,hassan1417
191,15868061,"GPT 5.6 Pro","2026-07-28 01:42:28",6.397,72,"chesteryuan,cier123,juewang1p"
192,16537951,reguru,"2026-07-28 01:04:24",6.398,49,reguru
193,16288422,kkkk,"2026-07-27 10:54:56",6.398,126,kkkk4649
194,16000730,QYQ1693,"2026-07-28 03:54:15",6.398,45,qyq1693
195,16354625,Avenger,"2026-07-27 07:48:05",6.398,16,sultanalgizani
196,16402825,InfiHeart,"2026-07-28 01:59:15",6.399,45,infiheart
197,15916101,Radiohead28,"2026-07-28 03:39:43",6.399,39,radiohead28
198,15877747,betterme12345,"2026-07-27 15:58:51",6.399,7,betterme12345
199,16588457,Jun_value,"2026-07-28 04:07:01",6.400,21,junvalue
200,15935836,"Mohammed Tayor","2026-07-26 22:32:31",6.400,30,tayorm
201,15879361,"Pavel Pavlov","2026-07-27 09:19:27",6.400,25,akakii
202,16483789,"Amil Gentili","2026-07-27 23:50:45",6.400,34,agentili
203,16040302,chi_k,"2026-07-28 02:42:18",6.401,40,chihhaokuo
204,16335017,INV,"2026-07-28 00:51:46",6.401,239,"kunalinfinite,ryokoy,shinuk,yutomuroshima"
205,16158290,Fedor,"2026-07-27 05:30:22",6.401,146,fedorchuprakov
206,16575153,flop,"2026-07-28 03:19:51",6.402,32,yyysss1
207,16421584,"Bobber Cheng","2026-07-28 00:10:01",6.402,45,bobber
208,16061834,CQUPT,"2026-07-26 05:05:10",6.402,144,"ljx59141421,ruizhecui"
209,16574520,失忆的海_,"2026-07-28 03:00:27",6.403,42,shiyidehai
210,16260130,nori117,"2026-07-26 03:17:03",6.404,33,nori117
211,15964539,"Nuno Ferreira","2026-07-28 01:58:25",6.404,95,ngcferreira
212,16053022,ThomasG,"2026-07-28 02:56:35",6.404,105,thomasgamet
213,16428244,"korolevskii xvii","2026-07-26 22:37:22",6.404,77,"dzisandy,liderpartiii"
214,16515496,x1angM,"2026-07-27 15:14:51",6.404,24,x1angm
215,16598271,swimmy,"2026-07-27 05:19:25",6.405,15,swimmy
216,16544141,すずき,"2026-07-25 08:25:52",6.405,7,shumpeace
217,15873341,"Дворкин Евгений Владимирович","2026-07-27 17:43:55",6.405,63,evgendvorkin
218,16232461,"Nazura Wirayuda Tama","2026-07-27 04:04:07",6.405,113,nazurawirayudatama
219,16362088,S.Taba,"2026-07-27 23:15:31",6.406,41,soutabata
220,15916134,Ajay_Rao_43,"2026-07-27 04:38:06",6.407,49,"ajayrao43,himanshu6588"
221,16014802,"m-toshi desu","2026-07-27 05:13:58",6.407,89,mtoshidesu
222,16323127,yeming151,"2026-07-27 05:22:13",6.407,54,"hhhhhokk,mikeintokyo,yeming151,zenggary"
223,15879311,"Shubham Sahu2003","2026-07-27 19:03:36",6.407,242,shubhamsahu2003
224,16591872,MioValentine,"2026-07-28 00:31:38",6.407,18,yuyizhu
225,16451828,"Ömer Faruk Yüce","2026-07-28 00:04:13",6.408,143,merfarukyce
226,15916195,khj1222,"2026-07-27 10:50:30",6.408,103,khj1222
227,15994592,YALICKJ,"2026-07-27 14:56:23",6.408,184,yalickj
228,16129625,MY0705,"2026-07-28 03:53:25",6.409,63,my0705
229,16554053,"Kaito Fukami","2026-07-26 07:46:42",6.409,18,kaitofukami
230,16543246,Asukajc,"2026-07-28 04:10:03",6.409,48,asukajc
231,16429244,yukiya,"2026-07-28 03:02:09",6.409,76,nyleve
232,16216869,"Kostiantyn Isaienkov","2026-07-27 23:02:35",6.409,190,isaienkov
233,15981306,"jiashuo Ma","2026-07-27 15:28:29",6.409,29,ooo876
234,16069059,Boiled-Sweet-Potato,"2026-07-27 02:30:49",6.410,20,boiledsweetpotato
235,16444936,ZhexinJiang,"2026-07-27 10:33:54",6.410,142,zhexinjiang
236,16595400,xunchahaha,"2026-07-27 15:00:48",6.410,13,xunchahaha
237,15872835,"Sadettin Şamil Verdil","2026-07-27 18:04:20",6.410,56,sadettinamilverdil
238,16418833,HiroyukiSasaki,"2026-07-27 22:37:42",6.411,92,hiroyukisasaki815
239,16480683,"navazsh fathi","2026-07-27 13:16:06",6.411,10,navazshfathi
240,16363315,"MIkhail Donskoy","2026-07-26 19:28:11",6.411,23,mikhaildonskoy
241,16373211,Latte,"2026-07-28 00:14:00",6.411,48,taichiiiii
242,15876567,"Yanis Belami","2026-07-28 01:24:10",6.411,68,yanisbelami
243,16049784,xudonglaoxian,"2026-07-27 07:12:51",6.411,15,xudonglaoxian
244,16440462,webmaking,"2026-07-26 20:31:16",6.411,115,webmaking
245,16368761,"Luck is what I need","2026-07-28 01:02:03",6.411,117,"majiaqi111,ronghedragon,sunwenrui"
246,16300844,"yuji y","2026-07-27 21:00:21",6.411,74,yujiyyy
247,15905598,"Muhammad Junaid","2026-07-27 19:27:01",6.412,42,junaid512
248,16597734,JliU66,"2026-07-27 15:38:49",6.412,15,jliu66
249,16308999,"Ishraq Tanvir","2026-07-24 05:53:51",6.412,44,ishraqtanvir
250,16561077,"Лукин Алексей","2026-07-25 11:49:59",6.412,23,lukinalexey
251,16052014,"Simarbir Singh Sandhu","2026-07-27 10:02:14",6.412,13,simarbirsinghsandhu
252,15867974,yuuuki1111,"2026-07-28 00:33:45",6.412,120,yuuuki1111
253,16499981,"Muthuraman Raman 7","2026-07-25 07:12:09",6.412,33,muthuramanraman7
254,15887902,"Kurian George","2026-07-27 19:00:52",6.413,200,kuriangeorge
255,16499622,Ditto,"2026-07-28 03:54:54",6.413,59,ditto132
256,16578013,Haraguchi-T,"2026-07-27 08:17:43",6.413,12,haraguchit
257,16414131,faustliu,"2026-07-28 02:26:55",6.414,80,faustliu
258,16473783,Hariharan234,"2026-07-27 17:13:22",6.414,19,hariharan208
259,16584704,ちー,"2026-07-28 01:53:38",6.414,17,chiiiiii7474
260,15868208,KIT,"2026-07-27 14:15:31",6.414,183,"haoyangdaviddong,mingsiguo,ray6767,xinhaowang23"
261,16243240,Kirderf,"2026-07-27 22:45:01",6.414,28,kirderf
262,15867311,test_tvt,"2026-07-27 08:39:32",6.414,148,michaelsemenoff
263,16498400,...,"2026-07-27 17:03:28",6.415,15,shackles6966
264,16107160,"인공저능연구소( Artificial Idiocy Lab )","2026-07-28 02:33:18",6.415,23,megayak
265,16378552,WWWW,"2026-07-27 15:50:19",6.415,18,twtqwp
266,15993983,"Mark Astrid","2026-07-24 18:40:05",6.415,35,markastrid
267,16300867,yw8837,"2026-07-28 03:58:40",6.415,80,"leokimcocopo,yw8837"
268,15942020,taopy2,"2026-07-28 04:12:48",6.415,43,taopy2
269,15871045,today,"2026-07-27 12:31:03",6.415,290,today55
270,16540954,"Aryan Yadav","2026-07-27 18:56:40",6.415,13,simplexcomplex
271,16588040,"Siqi Zang","2026-07-28 02:57:36",6.415,41,"siqizang,yyyyytx66man"
272,15877250,Lonnie,"2026-07-28 01:41:17",6.416,128,lonnieqin
273,16532573,"Abdullah Hasan","2026-07-27 19:12:23",6.416,12,ishtyy
274,16541196,mktdev,"2026-07-27 21:50:59",6.416,29,mktdev
275,16144769,patience,"2026-07-28 00:11:17",6.416,78,weirdocurry
276,16450664,"KAIWALYA RAUT","2026-07-25 09:37:48",6.417,42,kaiwalyaatulraut
277,15893835,porply,"2026-07-28 01:34:05",6.417,32,porply
278,15940510,"Amged Alfaqih","2026-07-26 02:06:39",6.417,132,AmgedAlfaqih
279,15879345,WBF_USA_NYC,"2026-07-28 00:23:27",6.417,94,wbfranci
280,16096522,tk,"2026-07-28 00:02:04",6.418,127,tatsuokaniwa
281,16578483,masoyte,"2026-07-27 13:12:38",6.418,30,"forecastle,huaiyuyoung,masoyte,xuanhao666"
282,15884178,suhaizhou,"2026-07-27 16:05:24",6.418,24,suhaizhou
283,16211435,GMMMMM,"2026-07-28 02:08:06",6.418,28,wkcwkc
284,16306026,Pat,"2026-07-28 03:29:29",6.418,44,junseia
285,15886213,Yugoawawa,"2026-07-27 12:13:01",6.418,22,yugoawawa
286,16012676,"Aman Atar","2026-07-27 08:37:34",6.419,32,amanatar
287,16327194,HaniJezo,"2026-07-27 05:34:41",6.419,19,hanijezo
288,16601518,mgrayl,"2026-07-27 00:57:53",6.419,10,mgrayl
289,16439994,"Abdullah Elzeki","2026-07-22 15:33:41",6.419,27,abdullahelzeki
290,16555974,LDF,"2026-07-27 20:31:04",6.420,40,"harshitxdev,pernavjain"
291,15866433,"Pavlo Ivanin","2026-07-27 14:10:19",6.420,111,pavloivanin
292,16287603,此名只应天上有,"2026-07-26 03:58:20",6.420,100,"ericchen001,thx123456121,yijialyu,yuxuands"
293,16591053,xnryxd,"2026-07-28 00:04:10",6.421,22,al55522me
294,16368801,永不复焉,"2026-07-28 00:05:49",6.421,85,legeia
295,16092817,"Toshifumi Komiya","2026-07-26 01:38:29",6.421,156,toshifumikomiya
296,16489452,"Excadrill Pokémon","2026-07-28 01:42:03",6.421,65,hollowf4d9
297,16560727,"Ryo Hasegawa","2026-07-28 04:11:43",6.421,28,ryohasegawa926
298,16539078,taiseiu,"2026-07-28 00:02:06",6.421,45,taiseiu
299,16234120,"TAKASHI AZUMA","2026-07-28 03:38:03",6.421,190,takashiazuma
300,16553623,"Gyeongsik Kim","2026-07-28 00:06:15",6.421,24,gyeongsikkim
301,16446396,HarshitSama,"2026-07-27 11:45:35",6.421,71,harshitsama
302,16248935,cqupt_sdq,"2026-07-28 04:56:29",6.421,17,sdq2237
303,16082982,sakaitt,"2026-07-27 14:58:20",6.421,32,sakaitt
304,16368516,"Juan Leiva","2026-07-28 01:32:36",6.422,197,juank333
305,15901391,yellowleaf,"2026-07-26 06:59:42",6.422,97,wcqyfly
306,16307937,maesaer,"2026-07-28 00:58:12",6.422,66,maesaer
307,16412760,htatsumi,"2026-07-28 00:13:18",6.423,73,"tatsumihasebe,yutomaezawa"
308,16555386,Ernie,"2026-07-26 10:07:41",6.423,38,ernie55ernie
309,15895871,"Dr Chandrasen Pandey","2026-07-27 12:54:21",6.423,221,devchandra
310,15867031,Qiwei,"2026-07-27 19:53:20",6.423,82,qiweiyin
311,16600096,no_wonderr,"2026-07-28 03:25:41",6.423,9,nowonderr
312,16575401,"deed in","2026-07-26 13:29:42",6.423,12,asayu255
313,16557533,DhanaLakshmiMalla,"2026-07-27 18:01:50",6.424,50,dhanalakshmimalla
314,16223514,Arsalaan,"2026-07-27 15:27:16",6.424,2,"arsalaan7,harryyyang"
315,16386940,"3,14159265358979323846","2026-07-27 13:20:29",6.424,60,"dambek,zoli800"
316,16555844,rs517,"2026-07-28 07:12:50",6.424,21,ryota517
317,16535188,MYOUCER,"2026-07-27 05:07:01",6.424,49,myoucer
318,15891313,"Tianzhen Yang","2026-07-28 04:32:43",6.424,15,snorfyang
319,16567078,"Manan Gupta","2026-07-28 01:26:23",6.424,50,obirdy
320,16380200,xthixsl_ml,"2026-07-28 01:59:22",6.425,13,xthistle999
321,16112969,Vaibhav_486,"2026-07-26 18:52:29",6.425,35,vaibhav486
322,15983268,Cathy_Quant,"2026-07-27 10:36:18",6.425,5,cathyyou
323,16383968,Gaurav,"2026-07-27 17:59:31",6.425,24,"gauravparkhedkar,shubhamm2005"
324,16369161,Casualty,"2026-07-27 16:43:44",6.425,29,"acerolaorionblade,hezeming"
325,16549201,Goldian,"2026-07-27 15:00:13",6.425,20,goldian
326,16607760,Vectoriaa,"2026-07-28 03:36:12",6.425,1,"binarytrail7,vectoriaa"
327,16533330,poijio,"2026-07-27 12:32:09",6.425,44,poijio
328,15876830,"Ikki Katsuyama","2026-07-28 04:19:58",6.426,18,kacchanwriting
329,16592941,"Benz Nguyen","2026-07-27 04:53:23",6.426,3,ducnguyenvan
330,15902522,greyhound,"2026-07-27 10:32:38",6.426,35,tapaskd123
331,16414550,Koni_Yuu,"2026-07-28 01:58:02",6.426,66,yuki7070
332,16553793,MaybeIcanShow,"2026-07-23 23:21:26",6.426,8,upczbw
333,16301175,"Sky kun","2026-07-26 03:01:04",6.426,12,skykun
334,16342270,"Sijin Yu","2026-07-28 07:59:40",6.426,54,sijinyu
335,16206738,Hamachi,"2026-07-27 21:40:24",6.427,85,hamatz
336,16052585,JackGong,"2026-07-27 19:38:14",6.427,32,jackgong
337,16497157,99Valentine,"2026-07-28 00:09:18",6.427,57,sireesh
338,16608054,king_77578,"2026-07-23 11:38:41",6.427,11,"king77578,taopiliu"
339,16413170,"Farkhad Akimov","2026-07-26 13:43:03",6.428,24,nonconf42
340,16542323,"Kunal Desale","2026-07-26 08:59:15",6.428,9,kunaldesale2408
341,16298941,jinzixuan,"2026-07-27 02:10:13",6.428,68,jinzixuan
342,16114594,"Tsubasa Kanno","2026-07-27 19:13:13",6.428,189,"kazuhiromasuyama,keishi01,tsubasatech"
343,16020119,"BambooCopter Analytics","2026-07-27 01:48:47",6.428,85,"cky666,hehahakl,ice0528,paradox23,ronglinlu"
344,15883874,Sakayuya,"2026-07-25 23:49:52",6.428,20,sakayuya
345,16471182,"Wen Zixuan","2026-07-28 00:38:20",6.428,40,wenzixuan1
346,16257116,"Yuta Yamazaki","2026-07-27 23:10:19",6.428,84,yamayuu18
347,15872095,"Bright O.H.","2026-07-27 09:45:07",6.429,26,brightoh
348,15886777,"Xuan Zhang","2026-07-27 11:31:35",6.429,58,xuanzhang001
349,16081516,HIT,"2026-07-26 04:41:59",6.429,219,"diaoyongyuan,hityth,jasperxs,jiu9988776,q1w2e34r"
350,16327220,JoriAhmed,"2026-07-27 07:47:17",6.429,17,joriahmed
351,15944658,Xander,"2026-07-27 01:54:38",6.430,124,canqiang
352,16267715,rsato0731,"2026-07-27 23:53:42",6.430,66,rsato0731
353,15869262,Yusuraume,"2026-07-27 14:37:12",6.430,384,sugitatomohiko
354,15992430,kesumete,"2026-07-24 00:30:04",6.430,50,kesumete
355,16576961,"Madiyar Khamzanov","2026-07-27 16:46:06",6.430,23,mkhamzanov
356,16441581,"Drill or No Drill?","2026-07-27 18:11:21",6.430,35,"arsgorynich,artemboltaev,dmitriigluzdov"
357,16437054,Chellick,"2026-07-27 10:10:21",6.430,46,matweyisupov
358,16392530,"Alexander Ershov","2026-07-28 06:50:23",6.431,30,alexanderershov
359,16371125,"sam #2","2026-07-27 03:04:11",6.431,24,samgreen2046
360,16451217,ICI,"2026-07-27 13:17:37",6.431,64,postspost
361,16604980,"Veniamin Nelin","2026-07-27 09:53:01",6.431,3,veniaminnelin
362,15897441,"Raunak Dey","2026-07-25 18:28:52",6.432,27,raunakdey07
363,16083755,kkj333,"2026-07-27 03:59:26",6.432,116,kkj333
364,16001673,"Tagir Analyzes","2026-07-26 07:50:05",6.432,39,tagirkhairutdinov
365,16554180,"Pizza Pane","2026-07-28 07:51:23",6.432,43,dauriel
366,16530508,WYSSR1225,"2026-07-28 00:41:31",6.432,46,"wyssr1225,xiaotongxian"
367,16381376,zentropy,"2026-07-27 22:28:03",6.433,140,jessky
368,16575441,石原赫,"2026-07-24 15:10:52",6.433,15,shiyuanhe123
369,15881195,Dr_F,"2026-07-27 00:50:45",6.433,158,algebraictopology
370,16475953,"Nat Bel ML Fun","2026-07-27 17:20:40",6.433,34,natbel4ml
371,16489037,mediumGuy,"2026-07-27 14:55:43",6.433,70,mediumguy
372,16384593,"Zalman Goldstein","2026-07-26 03:59:53",6.433,27,zalmangoldstein
373,15873221,ed2608,"2026-07-28 02:45:27",6.433,96,ed2608
374,16030282,"Zikai Chen","2026-07-26 18:37:34",6.434,98,"auroraxxiiaa,kyrie1102kai"
375,16600007,"Adam #2","2026-07-27 16:11:24",6.434,2,potonglantie93
376,15907642,rkd,"2026-07-28 00:09:32",6.435,101,ryookd
377,16161958,"Jack Cole","2026-07-27 20:53:03",6.435,151,jcole75
378,15864928,FOYSAL,"2026-07-27 11:53:05",6.435,177,"foysalemonshanto,rokaiyasomapti"
379,16593821,amy,"2026-07-27 22:45:47",6.435,12,mystakhs
380,16600231,victorriposati,"2026-07-28 01:27:11",6.435,8,victorriposati
381,16555902,"Chuhao Cheng","2026-07-27 02:48:33",6.435,23,chuhaocheng
382,15863838,Đăng,"2026-07-22 10:00:07",6.435,12,dangnh0611
383,16591453,hackertrip,"2026-07-26 05:47:55",6.435,5,hackertrip
384,16127158,"Juwon Park","2026-07-27 21:53:16",6.435,11,parkseoul
385,16254759,mimizuku,"2026-07-28 00:06:52",6.435,184,"kuroshiro07,takumashiga"
386,16500478,o-shun,"2026-07-28 00:13:31",6.435,24,onushun
387,16279742,"C R Suthikshn Kumar","2026-07-27 15:44:46",6.435,13,crsuthikshnkumar
388,16214246,doncli,"2026-07-28 03:35:00",6.436,41,doncli
389,16018310,CrazyJK,"2026-07-28 00:12:11",6.436,63,"hasmukai,reiasc,ultsaza,yuuuuuuuuchu"
390,15943556,yuki16,"2026-07-28 02:13:43",6.436,96,yuki16
391,16050878,Zulqar,"2026-07-27 03:37:42",6.436,28,johndoe2011
392,16459394,Weiren,"2026-07-28 00:05:34",6.436,56,weirenhsu
393,16327186,"Ahmed Khudair","2026-07-27 16:44:52",6.436,19,ahmedkhudair121
394,16495752,t-enstar,"2026-07-27 22:58:37",6.436,29,tstustatama
395,16208993,Kyrie5220,"2026-07-28 03:32:46",6.436,83,kyrie5220
396,16026513,victor,"2026-07-27 02:16:28",6.436,92,vicmcorrea
397,16500281,"Jinypo Yim","2026-07-28 02:10:47",6.437,21,hukatapo
398,15864245,"Vladislav Lavrentev","2026-07-27 11:16:09",6.437,100,lightningv08
399,16258503,"Hassan Algizani","2026-07-26 00:07:58",6.437,43,hassanalgizani
400,16474829,Goldminer,"2026-07-28 08:45:35",6.437,61,ruggedbones
401,16582635,"this is lsm","2026-07-25 07:37:37",6.437,2,thisislsm
402,16553386,少羽牛逼,"2026-07-27 11:34:16",6.437,47,gengsr
403,15875462,Jim879793123,"2026-07-28 03:38:22",6.437,80,"asdefrghjklm,jim879793123,lemonwu"
404,16209089,TTT,"2026-07-27 06:46:04",6.437,41,tadahiroasami
405,16258743,"Everyday Earthqueke","2026-07-27 14:09:53",6.437,106,"haru0707,kiduna,kotaro1129"
406,15865665,fle3n,"2026-07-27 16:56:09",6.437,107,fleongg
407,16114178,"Handa WANG","2026-07-26 12:35:33",6.437,105,handawang
408,15868277,c0sm1c,"2026-07-26 07:31:09",6.438,19,"emtovo,tanghao111,zenosga"
409,16578930,sasa_leaf,"2026-07-27 08:05:50",6.438,8,sasaleaf
410,15874430,"Turkish Drill Intelligence","2026-07-27 19:33:39",6.438,267,"biohack44,merkiraz"
411,15891175,Theta,"2026-07-27 22:52:22",6.438,221,"antonoof,innerf1re,markslavin,replikeit,vladkochetov07"
412,15931316,"Ivan Vorfolomeev","2026-07-27 07:23:07",6.438,22,ivanvorfolomeev
413,16324068,"Hayato Matsuzawa","2026-07-28 06:22:57",6.438,112,matsuzawahayato
414,16450373,"Changyuan Chen","2026-07-28 02:47:56",6.438,54,"changyuanchenmit,hqj66666,longze666,zhangjiedeliao"
415,16105036,hjyact,"2026-07-28 03:54:52",6.438,67,hjyact
416,16573129,JMChen3160,"2026-07-28 02:26:30",6.438,26,jmchen3160
417,16557396,tedo,"2026-07-27 13:59:09",6.438,48,takuroedo
418,16537369,"Cary Chan","2026-07-28 02:24:51",6.439,9,srchancary
419,15922786,"Dummie Man","2026-07-28 00:59:15",6.439,27,daikimurakami
420,16536891,gamesu7107,"2026-07-28 02:35:18",6.439,65,gamesu7107
421,16541337,ibyyue,"2026-07-27 23:56:41",6.439,59,ibyyue
422,16238368,Ricardo.M.Zhang,"2026-07-27 15:15:54",6.439,151,ricardomzhang
423,16387884,"kwon yong deuk","2026-07-28 01:10:50",6.439,30,kwonyongdeuk
424,16024997,victorvv,"2026-07-24 17:04:08",6.439,7,whs66666666666
425,16585358,打不过zen,"2026-07-28 02:22:26",6.439,15,"cool1325cool1325,jiwangzi,xchenxxchenx,xiaopaku"
426,16461167,prvsiyan,"2026-07-28 11:42:24",6.439,67,prvsiyan
427,15867859,Nf4d1l,"2026-07-27 00:44:24",6.440,8,nf4d1l
428,16542403,hongzhouzhou,"2026-07-27 16:54:21",6.440,57,afterrain42
429,16584804,k1nyua,"2026-07-27 14:31:27",6.440,11,k1nyua
430,15868952,"PARAG VIJAY PAWAR","2026-07-26 03:01:56",6.441,22,paragpawar2008
431,16516723,Mathew131,"2026-07-27 09:50:03",6.441,76,mathew131
432,16602107,water727,"2026-07-23 11:54:23",6.441,8,"duuhui,pengchengxie027,water727"
433,16432694,"Clement Lau","2026-07-26 15:53:24",6.441,6,clementlau
434,16419853,cf696666,"2026-07-28 10:49:15",6.441,34,cf33333
435,15876590,doublek,"2026-07-28 09:29:29",6.441,35,doublek
436,15996583,"Hu Xingyu","2026-07-27 04:12:37",6.441,68,huxingyu
437,16068456,wkdrbwnd1,"2026-07-28 01:24:19",6.441,55,wkdrbwnd1
438,16544352,Rowan,"2026-07-27 05:43:34",6.441,83,"alexanderzhiyuanliu,duyutong6,rowan321,shangmulu"
439,16600569,kara,"2026-07-26 13:54:57",6.441,4,drchenb
440,16608569,guikko,"2026-07-28 02:55:27",6.441,5,"guikko,mkeekn,tkaudd"
441,16256312,tamo,"2026-07-27 12:37:57",6.441,26,ryotakasuya
442,16554472,"Mawra Musawar","2026-07-26 16:37:56",6.441,23,mawramusawwar
443,16382466,zhanghao,"2026-07-27 05:02:52",6.442,25,mendymandy
444,15867802,"Hanif Noer Rofiq","2026-07-24 10:02:36",6.442,20,hanifnoerrofiq
445,16233598,Naji,"2026-07-27 23:40:34",6.442,100,najiama
446,16481206,yamiryu,"2026-07-23 21:31:17",6.442,31,yamiryu
447,16465088,Tomy,"2026-07-27 00:01:31",6.442,74,tomycabrer
448,16359476,YYma1201,"2026-07-27 06:36:58",6.442,26,yyma1201
449,16298585,暗黑AGI,"2026-07-25 03:19:34",6.443,122,boristown
450,15924546,Junlaii,"2026-07-28 09:07:33",6.443,8,junlaii
451,16043787,Penguin,"2026-07-27 08:29:59",6.443,300,penguin069
452,16589122,maruda,"2026-07-28 03:42:42",6.443,9,rafalpronko
453,16472067,"Xiyu Hao","2026-07-27 14:28:04",6.443,80,sheeyuh
454,16561802,doubao,"2026-07-26 14:42:55",6.443,31,"haoxuanjng,xmkevin2004"
455,16582869,Letyoudown,"2026-07-25 08:16:01",6.443,12,letyoudown
456,16445119,"haonan zhengh","2026-07-27 10:29:37",6.443,32,haonanzhengh
457,15926026,yukiZ,"2026-07-27 11:09:40",6.443,260,hideyukizushi
458,15880335,Ninym06,"2026-07-26 04:12:41",6.443,109,ninym06
459,15880820,"Yuta Shimizu","2026-07-24 00:13:43",6.443,14,shimibrian
460,16409112,AmishMittal,"2026-07-28 02:57:00",6.443,22,amishm
461,16428394,doge,"2026-07-27 10:31:04",6.443,27,lordshibe
462,16590266,KoshinM,"2026-07-26 09:49:01",6.443,16,koshinm
463,15864776,LJL♥,"2026-07-26 07:30:33",6.443,16,jallll123
464,16439660,"MANAS NARKAR","2026-07-27 16:55:43",6.444,11,manasnarkar
465,16561019,Malla,"2026-07-27 18:09:30",6.444,39,mallaphalguni
466,16499578,yuuri,"2026-07-28 00:01:05",6.444,64,yuuuuuuuuri
467,16414445,"TVT HAMIC","2026-07-28 04:14:41",6.444,35,"manharthur,minhphongtng,nguyenbichuyen,phmvitthng"
468,16461407,"Heads or Tails","2026-07-27 23:52:46",6.444,85,headsortails
469,16576442,sml259,"2026-07-27 19:01:43",6.444,24,"hhhahh1,shenmenglu"
470,16490474,"Tian hao Qing Nano7ko","2026-07-27 13:53:52",6.444,71,tianhaoqingnano7ko
471,16499576,"JZ Zhou","2026-07-27 04:04:42",6.444,59,gerogezjz
472,15949578,石涵宇,"2026-07-27 05:09:29",6.445,41,"luckyappley,yemaoye"
473,16451338,tanadai,"2026-07-27 05:23:42",6.445,17,da0516
474,15884358,kokinnwakashuu,"2026-07-27 07:04:52",6.445,144,kokinnwakashuu
475,16593861,"Rayk Kretzschmar","2026-07-27 05:41:29",6.445,20,raykkretzschmar
476,16428700,LiXingtao,"2026-07-28 00:40:02",6.445,22,lixingtao123
477,16404184,"Tverdov Konstantin","2026-07-27 08:54:32",6.445,17,ktverdov
478,16535888,vdthcmus123,"2026-07-23 08:04:10",6.445,6,envyy23120093
479,16049531,"tomohito shimura","2026-07-28 03:03:02",6.445,34,tomohitoshimura
480,16250613,"Umair Zia","2026-07-24 17:12:43",6.445,6,stealthtechnologies
481,15865258,"Santiago Maniches","2026-07-28 00:55:18",6.445,121,santmani
482,16574983,Vritoux,"2026-07-24 07:26:38",6.445,15,vritoux
483,16507009,"Xiuyuan Peng","2026-07-28 08:30:37",6.445,93,adoredwhale
484,16256101,Sonflower,"2026-07-27 14:55:16",6.445,25,"hemanthraju311,praveensahukari,vatsalkshah"
485,15866172,Fran2026,"2026-07-26 05:26:52",6.445,28,fran2026
486,16599173,"Logical matrix","2026-07-28 03:41:30",6.446,12,houjihao
487,16557891,myi,"2026-07-28 06:35:14",6.446,25,"curlybaboon,xuedaimayi"
488,16436476,tizawa3,"2026-07-26 19:26:54",6.446,15,tizawa
489,16558772,"forever young","2026-07-28 05:44:30",6.446,44,keisukeyokota0428
490,16595242,"Mist Hill","2026-07-28 10:19:19",6.446,6,misthill
491,16023606,"Dimas Pasha Akrilian","2026-07-27 05:11:51",6.446,176,dimaspashaakrilian
492,15868318,dddkk0,"2026-07-28 03:16:24",6.446,47,compensator
493,16095409,SamoraDC,"2026-07-28 00:07:07",6.446,43,samoradc
494,16097811,"MMM Abbie","2026-07-28 03:20:58",6.446,106,kchuang
495,16450433,"Llin Ding","2026-07-27 15:44:57",6.447,24,llinding
496,16216238,yamadan96,"2026-07-28 00:06:57",6.447,145,yamadan96
497,16431761,Reki,"2026-07-23 17:10:57",6.447,30,ruichardliu
498,16607144,"Suyash Verma","2026-07-27 23:13:54",6.447,5,suyashdiamond1
499,16583426,Y-Kitaro,"2026-07-27 12:59:01",6.447,9,yhataktaro
500,15869940,"Krishna Sonji","2026-07-27 12:06:28",6.447,173,"krishnasonji,te3shwetabankar"
501,16510985,"a fox with a stock","2026-07-26 18:09:44",6.447,5,afoxwithastock
502,16556343,WellPilot,"2026-07-23 16:39:36",6.447,15,"barkincinar012,kutayzilciolu"
503,16118995,Star_xinglan,"2026-07-27 13:15:57",6.448,4,starxinglan
504,15942866,"Misha Shikhov","2026-07-27 18:15:21",6.448,118,mishashikhov
505,16240940,"oe L","2026-07-27 11:34:22",6.448,11,renmingqian
506,16010252,Efnutrrionpy,"2026-07-24 08:30:26",6.449,7,efnutrrionpy
507,16256533,tokawa2997,"2026-07-28 01:27:17",6.449,193,tokawa2997
508,16093047,"Tony Li","2026-07-27 23:06:31",6.449,76,tonylica
509,15872357,konbu17,"2026-07-27 03:53:23",6.449,33,konbu17
510,16603034,"Jason Matthew Suhari","2026-07-27 12:52:02",6.449,7,jasonmatthewsuhari
511,16554478,yasut0ra,"2026-07-27 21:24:12",6.449,19,yasut0ra
512,16596557,"Wonbin Shim","2026-07-28 02:49:12",6.449,17,wonbinshim
513,16424081,"Gianni Cerrato","2026-07-27 19:03:36",6.449,66,giannicerrato
514,16450205,"Jayden Jeswin Raj","2026-07-24 10:49:33",6.449,18,richardmaddox
515,16554013,KangwqZhangZx,"2026-07-28 01:42:15",6.449,44,kangwqzhangzx
516,16583871,Takuma_Tsuji,"2026-07-27 14:17:54",6.450,6,takumatsujigatai
517,16504423,"Data Shrushik","2026-07-27 07:26:18",6.450,35,artkomissar
518,16095621,harrywhalen,"2026-07-27 23:34:43",6.450,45,harrywhalen
519,16423376,"Yang Hu","2026-07-26 16:42:14",6.450,13,youngsuper
520,15865086,"Athar Sayed","2026-07-27 06:11:54",6.450,50,sayedathar11
521,16401947,ShiyiLIN0922,"2026-07-28 04:24:23",6.450,27,shiyilin0922
522,15873568,"Code by Nadiia","2026-07-27 11:11:14",6.450,10,codebynadiia
523,15869295,MengYe,"2026-07-28 00:40:22",6.450,75,konohayui
524,16313656,nonono,"2026-07-27 02:01:09",6.450,42,yinpinggao
525,15874802,oQoXOdK6,"2026-07-27 05:24:42",6.450,22,oqoxodk6
526,16498935,yjshyfy,"2026-07-28 03:29:42",6.450,15,yjshyfy
527,16205691,TNG,"2026-07-27 18:37:38",6.450,81,"davinor,jostvondendriesch,sventleman"
528,16588837,opbbai,"2026-07-28 02:47:39",6.450,6,"kkahoo,kunttg,opbbai"
529,16092374,Yizhuo,"2026-07-24 04:13:04",6.450,4,wangyiz
530,16553203,hinemos,"2026-07-28 04:26:23",6.450,32,hinemos
531,16495855,Sergei,"2026-07-27 13:27:12",6.451,14,"mehailove,vanitasss"
532,16501727,Taffy1883,"2026-07-27 17:16:23",6.451,38,taffy1883
533,16535246,LinZihanAdam,"2026-07-25 15:49:45",6.451,65,linzihanadam
534,16490243,Jaywang,"2026-07-28 02:56:02",6.451,33,jaywang171
535,15863676,overfitmaxxing,"2026-07-27 16:04:33",6.451,118,baidalinadilzhan
536,15864173,"Charismatic Pizza Party🍕","2026-07-27 01:28:34",6.451,60,debugendless
537,16163669,"Julian Camilo Villa","2026-07-28 03:49:04",6.451,58,juliancamilovilla
538,15871123,"Seok, Jeongeum","2026-07-27 11:02:11",6.452,357,seokjeongeum
539,15895570,"Zhile Zhao","2026-07-26 03:13:14",6.452,65,"hyunew,visterbai"
540,16100763,"KOSUKE MATSUDA","2026-07-28 00:05:24",6.452,64,kosukematsuda
541,16378683,"Zhou Shijia","2026-07-28 03:30:23",6.452,39,"bronie77,mlstudio"
542,16102720,"OMID BAGHCHEH SARAEI","2026-07-26 22:43:29",6.452,36,omidbaghchehsaraei
543,16048207,Yangranran,"2026-07-28 02:35:35",6.452,22,yangranran
544,16208460,"Shohei Yoshinari","2026-07-27 20:59:40",6.452,14,shoheiyoshinari
545,16157927,"Nozomi Yaguchi","2026-07-27 16:05:56",6.452,53,tomokideguchi
546,15918697,"Katastrofik Kuyu Tahmincileri","2026-07-28 09:12:40",6.452,81,"karakasatarik,snnclsr"
547,16515269,"Xya Liu","2026-07-28 01:53:06",6.453,22,xyaliu
548,16580821,xuzhicheng,"2026-07-23 13:17:48",6.453,4,xuzhicheng
549,15867158,"RITTWIK BHOWMICK","2026-07-23 04:40:04",6.453,14,rittwikbhowmick
550,16114469,"Hoorad Heidari","2026-07-24 15:12:21",6.453,5,hooradheidari
551,16354610,"Shahad aljayzani","2026-07-26 00:08:43",6.453,23,shahadaljayzani
552,16557861,Fususu,"2026-07-28 11:41:45",6.453,54,phuongncn
553,16208924,kta_jpn,"2026-07-28 01:14:40",6.453,13,ktajpn
554,15878378,"⸻AgentZZ ⸻","2026-07-26 16:38:51",6.453,25,agentzz
555,16261064,Sutee,"2026-07-28 04:08:14",6.453,130,lszlst
556,16363400,"Rahma Kallel","2026-07-27 23:38:17",6.453,13,rahmakallel
557,16376899,oftenpoppo,"2026-07-27 22:12:56",6.454,11,oftenpoppo
558,16466619,syunsuke,"2026-07-27 14:27:25",6.454,36,syunsuke1024
559,16040913,"Mattias Fagerlund","2026-07-27 22:23:47",6.454,163,mfagerlund
560,16555019,RiBenWanDuZi,"2026-07-27 16:03:27",6.454,47,ribenwanduzi
561,16140018,ShaYeBuHuiaaa,"2026-07-26 05:25:29",6.454,12,"dreamroad1729,freese1,yangrangrong"
562,16408433,YIBAI,"2026-07-27 02:29:48",6.454,65,baiyibb
563,16211743,"RanJeet Gupta","2026-07-24 15:41:25",6.454,15,ranjeet258
564,15870928,CaffeineSquad,"2026-07-27 16:35:58",6.454,35,"ayush3954,lokeshrana44,yuvikasingh31"
565,16039714,onick_man,"2026-07-26 12:20:26",6.454,15,ftakahas
566,16447308,TuMinhDang,"2026-07-27 01:53:27",6.455,10,darkswordmg
567,16588085,Ming68,"2026-07-28 00:34:55",6.455,3,ming68
568,16380157,Abdulrahman.su10,"2026-07-27 16:44:57",6.455,18,abdulrahmansu10
569,16513902,"Mostafa Rezk1","2026-07-28 04:23:13",6.455,50,mostafarezk1
570,15998742,"lamb Liu","2026-07-24 00:15:51",6.455,38,liuxiaohua72
571,15914632,xsong2020,"2026-07-28 02:48:37",6.455,54,xstargate
572,15940217,MJVinay,"2026-07-27 17:54:13",6.455,84,mallajayanthvinay
573,15941735,"Shivcharanraju Anga","2026-07-25 02:52:24",6.456,4,shivcharanrajuanga
574,16571678,Muso,"2026-07-27 16:45:33",6.456,37,musoxy
575,16591157,"Yann #2","2026-07-27 19:44:02",6.456,6,ylamidon
576,16588074,"Momoko Yan","2026-07-23 07:51:52",6.456,3,momokoyan
577,16483670,"A. R. SEKKAT","2026-07-27 21:06:36",6.456,89,arsekkat
578,16090382,"Anirban Chatterjee","2026-07-27 00:34:21",6.456,68,"aditigeo,anivana"
579,15892062,"Kim Jinseo","2026-07-28 01:07:49",6.456,67,kimjinseo1
580,15950993,StephenNedumpally,"2026-07-25 16:24:53",6.456,41,stephennedumpally
581,16538066,"zhangzhuang li","2026-07-26 04:31:19",6.456,3,"czlshen666,zhangzhuangli"
582,16414126,"Bahadir Selim Bakla ","2026-07-27 22:32:25",6.457,63,bahadirselimbakla
583,16424387,AutoROG,"2026-07-28 00:46:42",6.457,16,shivaurora
584,16370471,"Abdulmuiz Abdullateef","2026-07-25 15:44:53",6.457,36,capthwi
585,15899232,"Gowrav M","2026-07-27 03:31:18",6.457,57,t5634563635
586,15993502,"Pranjal Verma","2026-07-26 05:27:18",6.457,7,pranjalverma08
587,15995289,AnthonyTherrien,"2026-07-27 14:06:43",6.457,12,anthonytherrien
588,15879193,Manoj,"2026-07-24 09:43:38",6.457,2,mks2192
589,15869557,"ren toda","2026-07-26 13:33:59",6.457,23,"monruho,rabianaz22,rentoda,trinhdpham"
590,15998400,MICADEE,"2026-07-25 07:25:56",6.457,49,adegladius
591,16206649,"Husnain Ali","2026-07-27 11:42:16",6.458,5,hafts11
592,15965434,"Takauchi Suguru","2026-07-26 09:53:12",6.458,8,gurusut
593,15999060,igarashimm,"2026-07-27 23:04:54",6.458,45,igarashimm
594,16566873,"Indar Karhana","2026-07-28 03:37:54",6.458,24,indarkarhana
595,16553135,alfaraco,"2026-07-27 17:44:37",6.458,18,alfaraco12
596,16501270,U023,"2026-07-25 17:32:26",6.458,5,ryutek
597,16587134,"Sankalp Thakur","2026-07-28 00:28:49",6.458,29,"aasthathakur,sankalpsthakur"
598,16516663,Zyy7390,"2026-07-28 04:13:23",6.458,22,zyy7390
599,16403707,"Muhammad Ahmed","2026-07-26 19:18:01",6.458,118,muhammad4hmed
600,16327199,sans,"2026-07-26 00:08:46",6.459,20,sans6262q
601,16269978,"THIRUPATHI KANNAN K","2026-07-23 11:55:06",6.459,11,thirupathikannank
602,16277945,"T Soo","2026-07-27 08:20:32",6.459,15,ttgrcgrc
603,15991588,Wo,"2026-07-25 00:47:30",6.459,40,istribaik
604,15921432,"PRASHANT SHUKLA91","2026-07-27 21:20:49",6.459,38,prashantshukla91
605,16507770,Xreaxha,"2026-07-27 14:11:45",6.459,32,xreaxha
606,16210750,"Drill Drill Drill","2026-07-27 01:10:55",6.459,24,damiendesolei
607,15874904,"Yanshu Patel","2026-07-25 17:27:15",6.459,22,yanshupatel
608,16565797,三天,"2026-07-23 09:40:54",6.459,9,gggggggxy
609,16533477,Ikeda0516,"2026-07-27 07:02:23",6.459,25,ikeda0516
610,16100330,Nikita,"2026-07-26 22:42:45",6.459,14,nikitagajbhiye30
611,16468270,"Malyshev Danil","2026-07-27 16:04:31",6.460,81,malyshevdanil
612,16247969,atkaggler,"2026-07-27 23:50:09",6.460,113,atkaggler
613,16584390,KOUJIAO,"2026-07-27 09:49:46",6.460,12,koujiao
614,15919557,fishcat,"2026-07-25 07:52:26",6.460,38,fishcat37
615,16495153,AyushShukla,"2026-07-27 05:45:45",6.460,13,ayushivy
616,16516735,KHitomi,"2026-07-27 17:28:31",6.460,21,khitomi
617,16571233,"wennan cao","2026-07-28 02:15:04",6.461,34,wennancao
618,16531033,ns0329,"2026-07-27 11:09:37",6.461,22,ns0329
619,16514267,"bo a movies","2026-07-27 06:07:35",6.461,151,"aliozanmemetoglu,berringurler"
620,15885908,k.mas,"2026-07-25 11:42:17",6.461,4,kgethimas
621,16361496,Chillab,"2026-07-26 12:03:26",6.461,24,niilsa
622,15882357,"Kamal Das","2026-07-25 13:08:18",6.461,23,kmldas
623,16426564,"boring tean","2026-07-27 08:22:55",6.461,32,"hanbillbuqian,hkd2333,hsiaosuan,ronafeng"
624,16306910,山谷知輝,"2026-07-28 02:04:56",6.462,63,tomokiyamaya
625,15863659,"Pretty Boring Model","2026-07-23 22:33:41",6.462,51,nihilisticneuralnet
626,16551140,Vii,"2026-07-28 03:18:47",6.462,60,vipimsun
627,15864469,OverfitOracle,"2026-07-24 17:55:34",6.462,34,alisalmanrana
628,16393426,"Yuxuan Du","2026-07-28 09:49:23",6.462,30,yxdu01
629,16554974,wztimbo,"2026-07-27 02:24:18",6.462,8,wztimbo
630,15952718,在20x的codex里挖呀挖呀挖,"2026-07-27 14:47:25",6.462,233,"huangshunhao,mitubant,ngyzly,zzxhee"
631,15868846,sghwr,"2026-07-27 15:01:13",6.462,35,songhow
632,16532996,mlclan,"2026-07-27 18:20:12",6.462,73,"helloromiro,leonidzaporozhets"
633,16588134,"Ali Kassab","2026-07-23 04:19:25",6.462,1,akassab
634,16450581,"ZOULLA BILO'O Daniel","2026-07-23 17:08:51",6.462,13,danielarmel
635,16195085,Hayauchiwasabi,"2026-07-26 00:48:24",6.462,4,kaiikeda
636,16119335,"Luon may Man","2026-07-28 02:54:31",6.463,42,"luonmayman,zhangzhen257"
637,15872169,"Enis Teper","2026-07-24 15:42:06",6.463,29,enisteper1
638,16296263,"Devesh Poojary","2026-07-28 03:18:02",6.463,11,dvpoojary
639,16511468,rssa,"2026-07-25 12:00:24",6.463,20,yuxiahang
640,16159997,seantangth,"2026-07-27 15:48:43",6.463,63,seantangth
641,15869832,"Savan Javia","2026-07-26 05:27:43",6.463,12,savanjaviya
642,16422133,"Evily Evihut","2026-07-27 07:59:32",6.463,26,evilyevihut
643,16606368,"Bella Zhao","2026-07-27 23:12:46",6.463,2,bellazhao2333
644,15868599,kindasomethin,"2026-07-28 02:30:49",6.463,232,"aadigupta1601,adityaraghuvanshi999,aikyatansinha,kindasomethin,yash2072005"
645,16046357,"Cam-Luan Truong","2026-07-28 03:18:37",6.463,14,luantruong
646,16434464,wuy1hao,"2026-07-28 03:50:34",6.463,5,wuy1hao
647,16434600,Emiria,"2026-07-27 00:41:53",6.464,10,shiru2
648,16306383,"SIXUAN HUANG","2026-07-28 03:18:01",6.464,62,huangsx05
649,16490838,"Rasheed Khoshnaw","2026-07-27 00:02:52",6.464,82,rasheeed
650,16252044,"Sirui Zeng","2026-07-27 12:53:21",6.464,49,siruizeng
651,16276139,ikun,"2026-07-28 02:22:10",6.464,88,liangyan0322
652,16060317,hotaq,"2026-07-27 15:58:04",6.464,3,chinnaphatkhun
653,16223893,k2-gc,"2026-07-27 22:42:05",6.464,146,penguingc
654,16403873,Calix_lin,"2026-07-28 00:15:21",6.464,33,"calixlin,thanx01,zoeyyychu"
655,15869111,"Sadam Torres","2026-07-27 21:31:18",6.464,80,sadamtorres
656,15871771,zakihiro,"2026-07-27 23:09:14",6.464,49,zakihiro
657,15897409,"Yash Mohan","2026-07-26 17:58:28",6.465,99,yashm917
658,16592837,mmtyeu,"2026-07-27 07:02:00",6.465,6,"fengzhengbingxue,mmtyeu,zhuhuaihan"
659,16275579,Bruce,"2026-07-28 04:09:11",6.465,70,bruceqdu
660,16565652,"Hangyu Yu","2026-07-28 03:46:42",6.465,10,cqupthangyuyu
661,16557382,Dsuke,"2026-07-28 02:24:54",6.465,13,dhiguchi
662,16537460,"Andrew Nakas","2026-07-28 00:06:05",6.465,10,andrewnakas
663,16312920,"Shankar Madhira","2026-07-26 14:00:46",6.465,12,shankarmadhira
664,16554076,sirod0,"2026-07-27 10:19:25",6.465,25,sirod0
665,16395030,"Youhei Tomio","2026-07-27 21:53:22",6.466,25,youheitomio
666,15863981,"how to fable","2026-07-26 20:25:25",6.466,152,"alpin0s,aristophanivan,johnjanson,romanrozen,romantamrazov"
667,16584189,kaitle,"2026-07-26 02:53:44",6.467,13,kaitle
668,16394397,"Ivan Ilyushchenko","2026-07-27 22:41:25",6.467,17,ivanilyushchenko
669,16604178,Niclo,"2026-07-27 06:19:10",6.467,2,midcarryhz
670,15877655,spbforce,"2026-07-27 13:17:03",6.467,41,spbforce
671,16591780,Toru59er,"2026-07-28 03:28:42",6.467,13,toru59er
672,15990772,"Brahim Brah","2026-07-27 04:57:29",6.467,71,brahimbrah
673,15920693,/goal,"2026-07-28 09:35:28",6.467,30,gufanmingmie
674,15876069,Georgedelapore,"2026-07-28 02:34:38",6.467,38,georgedelapore
675,16578840,Aic,"2026-07-27 04:44:34",6.467,7,gunianxue
676,16573472,OTkm_tn,"2026-07-24 06:34:59",6.467,9,otkmtn
677,16185293,"Bill Fan","2026-07-28 01:44:40",6.467,31,billfan88
678,16158716,"Samyakraj Bayar","2026-07-27 16:37:41",6.467,71,samyakrajbayar
679,16273929,deepseekv4-flash,"2026-07-27 14:25:53",6.467,34,blacklions
680,16538973,kissskk,"2026-07-24 08:40:04",6.467,22,ywwqfj
681,16236417,グレイラットルーデウス,"2026-07-24 13:32:39",6.467,14,rudeus666
682,15867047,PixelPuff,"2026-07-25 11:18:19",6.467,17,krishpatel290895
683,16381277,"Ryan #2","2026-07-26 01:08:16",6.467,13,ryanshunsuke
684,15890468,anyasri,"2026-07-25 12:47:14",6.467,40,anyasri
685,16440669,walkrunfly,"2026-07-28 00:03:01",6.467,102,walkrunfly
686,16533775,"Daiki Matsuoka","2026-07-27 13:37:57",6.467,32,daikimatsuokaa
687,16574157,carlos-tagosaku,"2026-07-27 15:04:01",6.467,17,sousugiyama
688,16412025,"Amon Suzuki","2026-07-26 00:44:15",6.467,76,amonsuxuki
689,16553198,"20x is all you need","2026-07-27 14:50:07",6.467,38,yongxinkwan
690,16482220,"Neural Ninja 11","2026-07-26 08:52:30",6.467,11,neuralninja11
691,16257491,"Behiye Bedir","2026-07-26 09:04:53",6.467,12,behiyebedir
692,16531000,"Junhai Xu","2026-07-26 14:13:50",6.467,50,soulcool
693,16491752,junesdata,"2026-07-27 21:37:48",6.467,27,junesdata
694,16597701,YuanZhiX,"2026-07-27 01:15:43",6.467,15,yuanzhix
695,16544040,Kur15uCa7,"2026-07-27 09:45:46",6.467,18,kurisucat
696,16151079,"The Borinator","2026-07-27 02:46:43",6.467,97,ortimusprime
697,16578942,shuto,"2026-07-28 01:57:23",6.467,15,kisigan
698,16496284,kawhi0.0,"2026-07-27 06:40:13",6.467,45,kawhi00
699,16001794,curiousiam,"2026-07-27 17:49:14",6.467,53,"curiousiam,divyansh675"
700,16553897,XujianyuShow,"2026-07-27 11:57:04",6.467,14,"jokerd0119,xujianyushow"
701,16107879,波力海苔,"2026-07-28 11:34:22",6.467,6,blht2026
702,16580387,"Yixuan Yang","2026-07-27 18:31:37",6.467,15,easoney
703,16305671,"Jiuxin Feng","2026-07-27 23:05:55",6.467,26,"jiuxinfeng,wenjieli2333"
704,15879715,"Ehimen Nathaniel","2026-07-28 00:12:05",6.467,130,ehimennathan
705,16510253,Autumn67,"2026-07-28 01:59:46",6.467,13,"autumn67,primuks23"
706,16607782,Lunqira,"2026-07-28 03:45:11",6.467,3,lunqira
707,15873842,MR.h,"2026-07-25 04:37:01",6.468,12,hyh273279
708,16137244,magoemu,"2026-07-26 23:07:58",6.468,16,magoemu
709,16284281,lghlgh,"2026-07-27 12:13:59",6.468,39,lghlgh001
710,16162775,"Igor V","2026-07-28 00:07:41",6.468,61,rostigor
711,15867607,"Well Trained","2026-07-23 01:06:12",6.468,230,helloworld78
712,16541900,g-taniguchi,"2026-07-26 18:14:37",6.468,13,gtaniguchi
713,16585100,Rarage,"2026-07-25 17:40:06",6.468,7,bbrage
714,16450806,"Daniil Bokhan","2026-07-23 09:42:52",6.468,11,daniilbokhan
715,16555194,ganbayard,"2026-07-28 06:45:51",6.468,29,ganbayardamdindorj
716,16200702,moda,"2026-07-26 10:23:33",6.468,61,kouheinoda
717,16535020,xin782,"2026-07-26 08:14:33",6.468,12,xin782
718,15865564,cm391,"2026-07-27 08:26:46",6.468,7,mccocoful
719,15997687,"Ayush Shekhar","2026-07-27 16:50:00",6.468,42,ayushshekhar56
720,16273633,hsn2255,"2026-07-28 01:50:50",6.469,79,"hsn2255,nsh2255"
721,16531267,"Samrish B","2026-07-25 01:09:39",6.469,7,samrishb
722,15927514,masaakiwatanabe,"2026-07-27 10:40:08",6.469,24,masaakiwatanabe
723,16501033,Omkar,"2026-07-25 13:19:22",6.469,8,itzzomkar
724,16048714,yanjixiang,"2026-07-24 03:25:56",6.469,7,yanjixiang
725,15866574,Praxel,"2026-07-28 00:05:53",6.469,183,praxel
726,16584958,goh,"2026-07-27 21:56:39",6.469,20,bungohatayama
727,16459649,"sudhanshu bhardwaj","2026-07-27 08:26:16",6.469,43,princecoder
728,15923092,keithtyser,"2026-07-23 13:39:48",6.469,44,keithtyser
729,16033034,huangcarry25,"2026-07-28 02:02:08",6.469,136,"huangcarry25,xhxyyds,yongqiangtian"
730,16558338,muelsyse111,"2026-07-27 02:09:44",6.469,52,muelsyse111
731,16446828,"Игорь Жаров","2026-07-24 13:32:41",6.469,29,flexonafft
732,15874721,ykhnkf,"2026-07-27 01:45:54",6.469,74,ykhnkf
733,15872587,"Lucien de Rubempre","2026-07-25 11:02:04",6.470,24,lucienderubempre
734,16376808,C.A.T.,"2026-07-27 02:31:55",6.470,58,b14ckc4tmr
735,16353514,"Bektursyn Shaimerden","2026-07-27 12:27:11",6.470,15,bektursyn
736,16582300,AzamatH1,"2026-07-23 12:21:50",6.470,4,azamath1
737,16100459,Qinghchen,"2026-07-27 19:07:07",6.470,35,qinghchen
738,16462167,"Alejandro Rendon B.","2026-07-28 00:31:34",6.470,46,alejandrorendonblan
739,15872291,Cyrus,"2026-07-27 23:42:14",6.470,85,jamalsaeedi
740,15899074,bighead514188,"2026-07-28 03:13:40",6.470,30,bighead514188
741,15929744,GUOHAOYANG,"2026-07-24 02:11:09",6.470,69,pkuszboi
742,16493509,"Okeke Johnpaul","2026-07-26 16:47:13",6.471,9,okekejohnpaul
743,16425925,"Mohamad Matali","2026-07-26 19:04:03",6.471,16,mohamadmatali
744,15884871,UtaAzu,"2026-07-27 02:27:57",6.471,31,utaazu
745,16260886,Hack2Publish,"2026-07-27 03:37:04",6.471,16,"esfersami50,hosen42,tarekrahman82"
746,16588255,malone001,"2026-07-27 14:56:50",6.471,10,malone001
747,16592897,ttoiik,"2026-07-27 09:44:59",6.471,47,"cathycaiyt,hokurinki,jishenhu,ttoiik"
748,16049949,"Kohei Shintani","2026-07-26 12:53:52",6.471,145,"junta1104,kshintani"
749,16234137,masat,"2026-07-27 11:21:49",6.471,48,masatttt
750,16085174,"Keven Li","2026-07-27 14:24:55",6.471,31,kevin250304
751,15883873,miyawakiayaka,"2026-07-28 03:08:11",6.471,41,kanatakon
752,16196608,"Renhe Wang","2026-07-25 06:20:09",6.471,30,pendragonarthur
753,15917431,TakamaruEX,"2026-07-26 08:02:40",6.471,110,takamaruex
754,15992368,Drifffffft,"2026-07-27 13:41:06",6.471,66,"rudispresence,yuan0524"
755,16388545,APEX,"2026-07-24 14:34:12",6.472,48,"akshitasrivastava1,irongm"
756,15898503,pp1985,"2026-07-22 16:14:06",6.472,4,ppilania1985
757,16393883,"Shubhan Kamat","2026-07-23 16:05:16",6.472,27,shubhankamat
758,15869611,"Ravi Ramakrishnan","2026-07-28 01:44:42",6.472,85,ravi20076
759,16552086,"Enter your display name #2","2026-07-28 01:48:12",6.472,45,longnguyenthanh112
760,16486309,HongchenDai,"2026-07-27 17:57:48",6.472,117,hongchendai
761,16117908,Ace,"2026-07-27 12:48:16",6.472,132,"nischaydnk,shikhageekachad"
762,16256970,"Nhat Minh","2026-07-24 15:11:04",6.473,12,phmnhtminhuet
763,16451011,Vigneshwaran,"2026-07-28 03:52:34",6.473,32,vigneshsankar1962
764,15886266,"Ifeoluwa Adewumi","2026-07-27 16:00:39",6.473,36,ifeadewumi
765,16427233,LIQUIDHORSE,"2026-07-23 17:13:54",6.473,20,liquidhorse
766,16571686,Yentür,"2026-07-28 01:20:28",6.473,42,meryentr
767,15879696,Pavel,"2026-07-27 13:47:29",6.473,54,pavelsavchenkov
768,16153083,PavelLiashkov,"2026-07-28 02:09:46",6.473,86,bigbag1983
769,16254050,"Georgy Mamarin","2026-07-27 12:33:06",6.473,50,georgymamarin
770,16474804,PeriwinkleBlueOvO,"2026-07-27 17:36:49",6.473,55,PeriwinkleBlueOvO
771,15874994,Ova,"2026-07-26 20:16:40",6.474,133,overvalueawareness
772,16511160,Cider328,"2026-07-27 13:27:09",6.474,51,mitsuyayamamoto
773,16576632,"Simon Rüba","2026-07-27 19:13:55",6.474,25,simonrba
774,15874933,"Giovanni Marco Dall'Olio","2026-07-27 21:26:31",6.474,25,dalloliogm
775,16295671,"Jahan Kazimi","2026-07-27 10:10:33",6.474,11,jahankazimi
776,16552477,KisSa,"2026-07-28 04:12:19",6.474,23,khnhvinhlu
777,16597211,"Data Knight","2026-07-25 19:52:14",6.474,2,krishd123
778,16386218,"Chaoqi Luo","2026-07-25 14:45:08",6.474,15,chaoqiluo7
779,15920458,Sushirina,"2026-07-23 09:38:54",6.475,30,"carinazhang299,jessieeee111"
780,16588670,tensorlike,"2026-07-26 16:21:45",6.475,8,"echoverse1,neonflux,tensorlike"
781,16584150,ebisu_ya,"2026-07-26 02:26:06",6.475,21,ebisuya
782,15950583,panda__MB__maximus,"2026-07-27 21:25:07",6.475,43,tanishmohokar09
783,16532934,"Ngọc Hưng Nguyễn","2026-07-24 02:55:28",6.475,13,nnhzzz
784,15892511,Zhenrui.Weng,"2026-07-27 14:45:36",6.476,4,zhenruiweng
785,16156622,"Heisenberg Cooks Math","2026-07-26 20:20:32",6.476,22,"garnikdavtyan,vatchethorossian"
786,16588752,Skalli,"2026-07-23 09:00:30",6.476,1,jmohr91
787,16514641,"Dig Dig Dig","2026-07-27 14:33:26",6.476,97,"lingyu07,lixin73"
788,16560889,"Hrishikesh Dhuri","2026-07-28 03:07:27",6.476,9,hrishikeshdhuri19
789,16086137,wonder777,"2026-07-28 03:33:36",6.476,27,wonder777
790,16276145,Fkthestandards,"2026-07-24 00:47:33",6.476,24,"pizzss,shawnno"
791,16327738,URAD,"2026-07-28 09:06:56",6.476,28,uradkr
792,16055870,"Alexander Gremyakov","2026-07-27 21:28:28",6.476,41,alexandergremyakov
793,15868506,ImoZuku,"2026-07-27 12:26:39",6.476,14,imozuku
794,15863506,"Jeki Wan Taufik","2026-07-25 06:08:55",6.477,67,jek1wantaufik
795,16589617,heralces,"2026-07-28 01:58:29",6.477,8,heralces
796,16473193,heliosli,"2026-07-27 10:26:03",6.477,31,heliosli
797,16076397,"Sri Yogesh","2026-07-23 07:29:03",6.477,34,yogesh94
798,16196910,Manuf,"2026-07-27 17:21:25",6.478,26,manuelferromorales
799,16416548,"nothing works","2026-07-24 11:23:35",6.478,11,earl28
800,15968134,"German Mora Martin","2026-07-23 08:28:38",6.478,9,germanmoramartin
801,16584425,"Bhargavaram Gajula","2026-07-25 12:25:06",6.478,4,bhargavaramgajula007
802,16425847,hally,"2026-07-25 18:09:57",6.478,25,halishikawa
803,15895041,musculer,"2026-07-26 06:31:35",6.478,100,musculer
804,16030271,taichan,"2026-07-27 21:27:36",6.478,20,taichan003
805,16188126,Haumea,"2026-07-27 07:28:24",6.479,126,"chaitanyagullapalli,marutiharsha"
806,16459503,Teolian,"2026-07-27 14:53:28",6.479,44,teolian
807,16359791,Lan_Sky,"2026-07-27 09:23:16",6.479,43,lansky6
808,16114684,DHKim0324,"2026-07-28 04:17:57",6.479,22,dhkim0324
809,16111335,uesi,"2026-07-27 11:51:40",6.479,90,uemura687
810,16485956,"Hikaru Umeda","2026-07-26 03:25:32",6.479,29,hikarumeda1030
811,16583217,"Maksym Bilychenko","2026-07-25 20:50:47",6.479,3,mbilichenko
812,16582062,"Bit Sparkle","2026-07-28 01:46:31",6.480,27,"a99992222,caigou400,dxyl632956,zhexian10109486,zhiyiren"
813,16382553,"Zihe Henry Zhang","2026-07-25 21:10:14",6.480,1,caesium137
814,15880660,PHANTOM,"2026-07-27 04:50:36",6.480,40,subhashb21022
815,16098512,PhoenixTune,"2026-07-27 19:08:46",6.480,73,sviatoslavborodachev
816,16587223,"Maxwell Santoro","2026-07-28 10:19:53",6.481,10,maxwellsantoro
817,15888931,apat1n,"2026-07-27 18:13:08",6.481,32,grennwolf
818,16424937,ykuroka,"2026-07-27 19:30:55",6.481,25,ykuroka
819,15867071,"Philippe Lonjoux","2026-07-24 21:14:53",6.481,115,welcomeworld
820,15995584,"Umer Haddii","2026-07-26 17:02:53",6.481,7,umerhaddii
821,16597405,AAElter,"2026-07-25 07:24:34",6.481,1,aaelter
822,16554120,lvisdd,"2026-07-28 05:53:27",6.481,54,lvisdd
823,15868561,"yash bhaskar","2026-07-28 08:58:34",6.481,62,"paritoshtripathi5,yash9439"
824,15866480,automatylicza,"2026-07-27 20:46:55",6.481,39,automatylicza
825,15989556,dynamic24,"2026-07-28 01:33:36",6.482,38,dynamic24
826,16483314,s@sak1,"2026-07-27 19:39:05",6.482,9,sear2004
827,15866816,Hiro_Oza,"2026-07-28 00:30:58",6.482,130,ozhiro
828,16505687,Kalypheus,"2026-07-27 01:49:45",6.482,18,kalypheus
829,16115556,rainy_day,"2026-07-27 18:25:54",6.482,74,takutokunaga
830,16292215,"Hotaka Ueda","2026-07-27 17:50:07",6.482,52,uedahotaka
831,16023398,MarkDjadchenko,"2026-07-24 19:33:35",6.482,50,markdjadchenko
832,16560688,Ethereal49,"2026-07-27 06:42:44",6.482,4,ethereal49
833,16437845,"Bloch Sphere","2026-07-28 08:36:41",6.483,17,levkayumov
834,16268723,TOSS,"2026-07-27 17:39:44",6.483,35,toshikawa80
835,15896662,"Xiangjiang Zhou","2026-07-26 08:04:13",6.483,21,xiangjiangzhou
836,15868051,S.Aoki,"2026-07-28 10:37:36",6.483,49,soyaoki
837,16161352,LinearBasis,"2026-07-27 14:59:03",6.483,35,linearbasis
838,16515520,Haker_Sam,"2026-07-26 19:00:06",6.483,29,hakersam
839,16467166,naiQie,"2026-07-25 02:37:40",6.483,37,hufewfw6we
840,16023891,"Katsuaki Tanabe","2026-07-27 21:59:40",6.483,122,ktana41
841,16587807,"Vitor Hugo Barbedo","2026-07-27 23:38:39",6.483,4,vitorhugobarbedo
842,15888711,耶✌,"2026-07-27 20:05:43",6.484,17,qifeihhh666
843,15872124,Enjoy,"2026-07-24 09:07:16",6.484,22,jackylw
844,15986082,"Vignesh Nehru","2026-07-26 07:42:55",6.484,74,vigneshnehru
845,16065920,"Nazmus Sakib Nafiz","2026-07-27 03:50:20",6.484,2,nazmussakibnafiz
846,15886147,"Dhruv Bansal","2026-07-25 12:33:13",6.484,5,dhruvb2028
847,16224132,"Musa Peker","2026-07-27 20:59:56",6.484,121,musapeker
848,16482219,n0Rollback,"2026-07-28 00:01:08",6.484,110,n0rollback
849,16316202,"Ali Alghaithi","2026-07-28 01:48:49",6.484,5,alioman
850,16105748,kcoffee,"2026-07-23 08:27:50",6.485,5,kcoffee
851,16487018,"Arina Nevolina","2026-07-27 23:15:18",6.485,33,nevolinaa
852,16420197,XiaoYan12,"2026-07-27 07:43:38",6.485,34,xiaoyan12
853,15981566,colt,"2026-07-23 05:24:11",6.485,28,xiaomaguo
854,16165696,yoikoarmor,"2026-07-25 12:04:32",6.485,15,yoikoarmor
855,15865051,hongan,"2026-07-26 19:53:25",6.485,42,honganzhu
856,16575328,"Agent 33","2026-07-27 05:44:02",6.485,12,agent33
857,15872210,"Kazuki Harada","2026-07-27 14:06:08",6.486,47,kazukiharada85
858,16490933,guochangZhang,"2026-07-24 06:17:18",6.486,4,guochangzhang
859,16300435,"Kane Shi","2026-07-26 09:46:53",6.486,13,shiyikai
860,16409747,"Rintaro Moriwaki","2026-07-25 06:11:47",6.486,26,rintaromoriwaki
861,16552677,renta.k,"2026-07-27 09:21:06",6.486,28,renta0426
862,16437915,"Koki _1231","2026-07-25 08:12:42",6.486,49,koki1231
863,16248495,unikina,"2026-07-27 18:44:20",6.486,54,unikina
864,16017539,akf-bei,"2026-07-28 01:15:18",6.486,8,akfbei
865,16316081,"Daewoo Myoung","2026-07-27 02:39:14",6.486,31,ttagu99
866,16539528,"Prajwal M","2026-07-28 03:13:31",6.487,2,estrick
867,16599095,manase0,"2026-07-25 15:59:03",6.487,4,"hperia3ds,manase0,spectrah"
868,16060288,"Hiro Nomo","2026-07-26 15:30:29",6.487,105,morinokuma3
869,16515452,Pai,"2026-07-22 16:57:49",6.487,4,rajathrpai
870,16024737,goldgoldgold,"2026-07-25 16:43:35",6.487,60,"anranflavia,friedmanstepthen,gcfbit,some123e23,sqqs123"
871,16039803,HorizonOcean,"2026-07-25 12:38:39",6.487,21,horizonocean
872,16249369,"Haixiang Xu","2026-07-25 07:46:38",6.487,97,"haixiangalex,raven888,xieyongjia,zhihaoweng"
873,16427909,"Bang sion","2026-07-28 03:49:41",6.487,141,bangsioni
874,16571696,maisan,"2026-07-28 07:58:28",6.488,13,adibfairuza
875,16255021,Dante,"2026-07-24 18:15:44",6.488,51,tawaragiyuhei
876,16227541,"Drill, Baby, Drill","2026-07-27 10:57:44",6.488,86,"abrahampjaison,mukulprasad958,pixiux,xiatian223"
877,15904383,"Takahiro Saito","2026-07-27 13:18:56",6.488,304,takahiro3110
878,16045797,"HARUKI HARADA","2026-07-27 07:03:28",6.488,20,harukiharada
879,16607635,Maxy5illion,"2026-07-28 03:06:56",6.488,3,maxy5illion
880,16475350,Softcurrent,"2026-07-26 21:58:24",6.489,56,softcurrent
881,15899455,"Seine A. Shintani","2026-07-27 04:19:07",6.489,37,seineashintani
882,16491500,"Enci Zhang","2026-07-28 07:26:42",6.489,39,encizhang
883,16551692,"Danila Chernousov","2026-07-27 11:26:22",6.489,19,danilachernousov
884,15866712,mjsty,"2026-07-26 22:14:42",6.489,9,mjjsty
885,15889496,"Mattia Angeli","2026-07-27 18:07:32",6.489,155,mattiaangeli
886,16193902,RO,"2026-07-28 04:03:23",6.489,46,rokauchi
887,15896677,"Jiachen Li","2026-07-23 12:46:41",6.489,74,llccqq624
888,16507050,suzu10,"2026-07-26 21:35:14",6.490,68,suzu10
889,16085133,beeyan,"2026-07-26 16:56:32",6.490,22,beeyan0821
890,16359655,ljdzzz10,"2026-07-28 06:04:32",6.491,149,ljdzzz10
891,16053906,"Dmitriy Ch","2026-07-27 23:57:32",6.491,98,dmitriych
892,16092950,"Yubo WANG","2026-07-27 00:32:46",6.491,26,arksey
893,16108889,Super_learners,"2026-07-24 12:09:09",6.492,83,"ashishnaik1995,siddhi1mit"
894,16582323,"Hurshan R","2026-07-28 01:45:39",6.492,1,hurshanr
895,16362965,DiegoSolarte,"2026-07-26 19:55:02",6.492,92,diegosolarte
896,16517328,phapdup10,"2026-07-26 17:40:05",6.492,31,phapdup10
897,16209841,JIAWEILI0001,"2026-07-27 10:15:05",6.492,176,jiaweili0001
898,16374072,橋本真旺,"2026-07-25 13:14:20",6.492,12,mao925
899,16319007,IamDiganta.7,"2026-07-27 22:49:10",6.493,21,iamdiganta7
900,15891106,marumoai,"2026-07-27 22:42:03",6.493,10,marumoai
901,16062599,"BJ Kim","2026-07-26 07:43:39",6.493,35,doitdoit80
902,16271653,"William Tecchio","2026-07-23 10:35:55",6.493,47,williamtecchio
903,15867804,"Kevin E R MILLE","2026-07-28 03:07:24",6.493,148,kevinermille
904,16080505,"HongXin Su","2026-07-27 14:30:11",6.493,78,hongxinsu
905,16591352,Muheng,"2026-07-27 05:21:59",6.493,6,muheng
906,15867111,"Kumar Abhijeet","2026-07-27 17:15:43",6.493,26,krabhijeet
907,15877012,"Tech Creed","2026-07-24 07:03:31",6.493,74,"manojkumars00,muki2003"
908,16282362,"Tasniem N. Alyahya","2026-07-27 21:01:02",6.493,102,tasniemnasser
909,16103125,WhatCanWeDo,"2026-07-27 07:28:29",6.494,58,shexunov
910,15931286,"Nezihe Sözen","2026-07-26 20:34:08",6.494,25,nezihesozen
911,16441374,LosiSt,"2026-07-25 14:40:48",6.494,22,losist
912,15872887,Makarr,"2026-07-27 05:16:36",6.494,66,"b0brd0br,makarrogovik"
913,16271277,"Ojas Mishra","2026-07-27 14:43:52",6.494,49,ojasmishra89
914,15889162,"Arnav Salkade","2026-07-24 11:43:00",6.494,28,arnavsalkade
915,16496649,Shiva,"2026-07-25 20:24:40",6.495,6,shivasai77
916,16475249,髙木進吾,"2026-07-24 22:32:02",6.495,11,sakuya0116
917,16368894,"ML is all you need","2026-07-28 10:20:53",6.495,33,"chaksenhuang,faykudbq,yangjerry2509"
918,16400641,"feel the fable","2026-07-27 21:12:36",6.495,27,"artemgoncarov,naladwepo"
919,16433913,webcainiao,"2026-07-27 02:17:04",6.495,41,web3cainiao
920,16081120,msd0110,"2026-07-27 05:57:05",6.495,74,"morimo,msd0110,qistripute"
921,16420847,kurt,"2026-07-28 03:48:08",6.495,94,syarht
922,16288397,ancientLuck,"2026-07-27 14:12:07",6.495,4,ancientluck
923,16047531,Riku1022,"2026-07-27 02:57:02",6.495,21,riku1022
924,16040497,Kuni05,"2026-07-28 00:54:20",6.496,53,kuni05
925,15867707,CuteClaw,"2026-07-27 20:27:40",6.496,62,bloodmoonwq
926,16603919,"Olivia Qiu","2026-07-27 05:18:04",6.496,2,chujunqiu
927,16567123,hexisteme,"2026-07-27 23:30:13",6.496,14,hexisteme
928,16197994,Yuta,"2026-07-27 14:58:38",6.497,28,yuta201220
929,16515388,"HeeGwan Lee","2026-07-22 20:00:29",6.497,16,heegwanlee
930,15874183,Neko,"2026-07-27 10:28:08",6.497,120,ootake
931,16256320,Tyooughtul,"2026-07-25 05:30:41",6.497,18,yooughtul
932,15866198,Reinhard,"2026-07-28 00:40:06",6.497,74,trainhard
933,16488952,SYC,"2026-07-26 23:44:29",6.497,17,yichengs
934,16212876,"Paid Leave and Summer Break","2026-07-26 20:22:21",6.497,153,"atsu0905,kazukazupi,koro2jp,nisshimura,rikuter67"
935,16592266,张菠,"2026-07-27 03:12:30",6.498,2,"wisefancy,ysqdababa"
936,16054439,Civitas,"2026-07-27 15:32:35",6.498,21,godhand
937,16600892,Yinzi_Mike,"2026-07-26 15:22:04",6.498,4,yinzimike
938,16401017,interplinker,"2026-07-27 23:26:14",6.498,14,interplinker
939,16409080,"Krizsó Gergely","2026-07-27 23:48:06",6.498,60,lucifer19
940,16058423,"Team BlackBox","2026-07-27 11:14:32",6.498,115,"koushikrudra,rustambazarbayev"
941,16541949,"Shamil' Cherkasov","2026-07-27 17:41:36",6.499,16,shamilcherkasov
942,16012672,"Bulat Latypov","2026-07-23 07:19:03",6.499,23,bubuilder
943,16579555,Kazuto,"2026-07-27 08:53:42",6.499,4,kakkkabonita
944,16194488,HRDevelops,"2026-07-27 21:08:55",6.500,6,hrdevelops
945,15868681,leaf,"2026-07-25 03:12:49",6.500,10,xwite147
946,16253405,Steven66886688,"2026-07-27 17:31:36",6.500,101,steven66886688
947,16454467,Zayne,"2026-07-26 17:21:05",6.500,29,zaynefeng
948,16573132,chenhao,"2026-07-28 02:15:42",6.500,26,chenhao2115
949,16053694,"fakhri faros","2026-07-26 09:52:03",6.501,151,fakhrifarosss
950,16586241,"Nicola Li","2026-07-28 00:58:50",6.501,17,yuhaoli95
951,16592241,"JINZHOU LI","2026-07-27 17:48:23",6.501,12,jinzhouli
952,16458013,"Linbo Hui","2026-07-26 09:49:16",6.501,12,huilinbo
953,16433943,poco34,"2026-07-27 10:44:43",6.502,6,poco34
954,16507467,AnyContext,"2026-07-27 16:11:50",6.502,169,"kemshim,kokifunakoshi,mokomoko3"
955,16575471,"marzieh roshani","2026-07-27 14:07:35",6.502,22,marziehroshani
956,16112153,不要玩手机,"2026-07-25 12:35:33",6.502,40,leonstew
957,16574061,"Кирилл Алешин","2026-07-23 14:54:40",6.502,5,kirneo
958,16600559,"Le Thu Trang Truong","2026-07-27 16:42:54",6.502,6,lethutrangtruong
959,16543441,"Electro Knight","2026-07-26 06:46:27",6.503,8,electroknight
960,16254183,"Tamerlan Omralinov","2026-07-27 11:27:27",6.503,89,tamerlanomralinov
961,16210887,chenxi,"2026-07-25 08:08:11",6.503,28,cqput640
962,16588858,"Nana Bast","2026-07-28 02:52:21",6.503,12,nanabast
963,16394924,kitakuriya315,"2026-07-27 11:31:42",6.503,22,kitakuriya315
964,16578569,WuShiyang12138,"2026-07-28 02:57:37",6.503,3,"jiashengluo8556,wushiyang12138"
965,16370442,souldrive,"2026-07-25 23:13:19",6.503,41,souldrive
966,16596958,Paris404,"2026-07-28 02:54:39",6.503,5,paris404
967,16531450,"Simone di costanzo","2026-07-27 21:19:53",6.503,16,simonedicostanzo
968,16391180,A.K.NITHIN,"2026-07-27 09:31:17",6.503,6,aknithin
969,16099651,"Akira Imae","2026-07-27 23:47:59",6.503,120,imaeakira
970,16430640,"Peng Wang","2026-07-28 00:03:18",6.503,51,pengwang91
971,16286222,"Vu Tran Hoang","2026-07-27 08:19:31",6.504,20,hoangvux
972,16417565,kkunizaw,"2026-07-28 01:48:48",6.504,81,kkunizaw
973,15868747,songling,"2026-07-26 00:55:27",6.504,34,"lvbingrong,oralia"
974,16598905,CaminoLSY,"2026-07-27 19:46:19",6.504,15,lsy37521
975,16551539,kinnkinn,"2026-07-27 08:45:38",6.504,17,kinnkinn
976,16451568,"Lai Yan","2026-07-27 07:53:22",6.504,6,kidoti
977,16245869,NoTa,"2026-07-26 02:18:49",6.504,8,nobutakatanaka
978,16534356,celefefwefwe1,"2026-07-25 11:25:41",6.504,26,celefefwefwe1
979,15868879,Homii_N,"2026-07-26 12:29:55",6.504,26,homeshwarrao
980,16604817,"Ahmet Erdem Pamuk","2026-07-27 08:57:13",6.505,2,ahmeterdempamuk
981,16258074,JM,"2026-07-23 10:25:48",6.505,13,julianmukaj
982,16594673,"Huy Nguyen","2026-07-28 03:47:36",6.505,18,hrhuynguyen
983,16206308,ispromashka,"2026-07-27 21:08:14",6.505,48,ispromashka
984,16597595,reopon,"2026-07-27 11:20:55",6.505,7,reopon
985,16023502,Omni-Man,"2026-07-27 15:22:13",6.505,41,"annoyingbrine,liuruihan333"
986,15875024,senkin13,"2026-07-26 03:14:42",6.506,20,senkin13
987,16511142,"Man Penguin","2026-07-27 23:16:55",6.506,54,manpenguin
988,16218252,"turkish delight","2026-07-24 10:35:00",6.507,8,"erenvoo,maozzzy,ozermehmet"
989,15916147,kigasudayooo,"2026-07-28 04:56:46",6.507,53,argon1215
990,15894106,mktetts,"2026-07-23 07:55:36",6.507,4,mktetts
991,16585083,"Romuald Delene","2026-07-28 03:31:42",6.507,2,romualddelene
992,15871271,theredbluepill,"2026-07-26 17:28:02",6.507,109,poonszesen
993,16090610,"Mathieu W","2026-07-26 17:26:27",6.508,29,mathieuw
994,16139994,otter_0714,"2026-07-27 20:31:55",6.508,57,otter0714
995,16605297,"Yican Guo","2026-07-28 04:07:37",6.508,3,yicannnnnnnnn
996,16556837,"Robin Herz89","2026-07-27 17:52:42",6.508,24,robinherz89
997,16450045,pumpkin,"2026-07-27 09:23:52",6.509,67,gealachpumpkin
998,15871714,Tillotson,"2026-07-26 19:48:44",6.509,35,tillotson
999,16275682,mikelou1,"2026-07-27 20:41:33",6.509,87,mikelou1
1000,15864468,webjdi,"2026-07-27 18:37:53",6.509,8,webjdi
1001,16422729,"Evgeny Bratkovsky","2026-07-23 14:27:09",6.509,7,bratkovskyevgeny
1002,16297839,Ken,"2026-07-24 08:42:11",6.509,17,"kenshirotaguchi,yifeili1002"
1003,16062251,Muhandro,"2026-07-28 00:40:40",6.509,62,muhandro
1004,16240626,Ak,"2026-07-26 19:20:06",6.510,29,abisheksrivastav
1005,16568922,SunaoCool,"2026-07-27 15:38:51",6.510,12,yoshikinishita
1006,16583608,eszn,"2026-07-25 13:45:01",6.510,17,esznxx
1007,15869936,"zongze Yan","2026-07-24 04:11:18",6.510,40,aaayan
1008,16307653,siero,"2026-07-27 21:56:59",6.510,17,siero5335
1009,16467123,"xinyu li","2026-07-27 08:44:18",6.510,2,xinyuli818
1010,16596601,XuanxuChem,"2026-07-25 03:20:23",6.511,1,zhaonoah
1011,16214200,furugen_hinata,"2026-07-23 16:25:24",6.511,15,furugenhinata
1012,15870953,NatSwamin,"2026-07-27 08:42:07",6.511,27,natswamin
1013,16387695,"Yoshihiko Suzuki","2026-07-23 02:25:16",6.511,8,yoshihikosuzuki
1014,15999385,"Zuohong Pan","2026-07-27 13:36:46",6.511,33,pshuaibi
1015,16372103,"GeoML Innovators","2026-07-26 04:15:38",6.511,17,"hammadfarooq470,patharanor,shaistashahid"
1016,16497445,gmobaz,"2026-07-22 14:32:31",6.512,3,gmobaz
1017,16251008,ggyrssy,"2026-07-24 01:11:51",6.512,5,ggyrssy
1018,16247971,Untitled-0,"2026-07-26 19:03:45",6.512,20,"daniilkrasnovvv,stanislavilin2026ai"
1019,16426545,DauletT,"2026-07-22 21:51:23",6.512,55,daulettoibazar
1020,16600984,Versilogic,"2026-07-28 05:18:09",6.512,4,versilogic
1021,16587170,岡野航希,"2026-07-27 11:49:54",6.512,2,kokiokano
1022,15866927,GoEletricGasBad4Environment,"2026-07-25 18:42:19",6.512,10,kevlarzanderchi
1023,16512343,"alpha beta gamma theta","2026-07-27 14:49:39",6.513,13,abdullahshafi2021
1024,15896695,Moonimonster,"2026-07-24 10:52:37",6.513,26,mooncdaiam
1025,16537848,"Leo #2","2026-07-27 05:55:06",6.513,4,leo123321
1026,16467761,"kota kambayashi","2026-07-27 01:35:27",6.514,3,kotakambayashi
1027,16552829,"Yang Bai","2026-07-27 04:12:17",6.515,6,jackelysia
1028,16603398,JLU,"2026-07-27 07:17:05",6.515,5,yoakeelee
1029,16569079,ysd1110,"2026-07-23 14:53:27",6.515,2,ysd1110
1030,16111443,Jack,"2026-07-22 22:37:23",6.515,23,jackvd
1031,16302123,menace369,"2026-07-24 12:56:55",6.516,8,menace369
1032,16574861,Furina,"2026-07-27 01:50:32",6.516,8,cjlcjlcjl
1033,15886558,"Andrey Zhabsky","2026-07-26 12:44:38",6.517,29,tyulpan
1034,16443836,wasabi777,"2026-07-28 07:42:09",6.517,16,wasabi777
1035,16252786,"Abhishek #2","2026-07-25 18:21:36",6.517,34,rookie27
1036,16264029,Taha_Alshatiri,"2026-07-25 14:46:57",6.517,5,tahaalshatiri
1037,15869469,WanderducknnnHezzyNanda,"2026-07-24 22:00:03",6.517,4,"heznanda,wanderduck"
1038,16580024,happywinder,"2026-07-27 09:42:25",6.517,19,happywinder
1039,15866343,"Pilkwang Kim","2026-07-28 01:22:55",6.517,285,pilkwang
1040,16133422,CaCao_JP,"2026-07-23 14:49:42",6.517,7,cacaojp
1041,16485567,"Keijiro Konishi","2026-07-27 12:18:02",6.517,28,konikei
1042,16489133,Dylan,"2026-07-28 03:47:23",6.518,17,dylanming
1043,16192552,TKNP,"2026-07-27 22:00:08",6.518,45,"danilalapokin,iamnifer,justnik77,katasonoveugene,zharkd"
1044,16384529,"Gunjan Haldar","2026-07-26 08:31:20",6.518,14,gunhcolab
1045,16272010,SunSeeker染汐,"2026-07-27 16:55:39",6.518,1,sunseekerrx
1046,15875101,TERMINUS,"2026-07-25 09:32:57",6.518,41,"gdreallygoodman,kakyoinrero,maksonch1k"
1047,15938259,"kemal sayar","2026-07-27 14:48:00",6.518,18,kemalsayar
1048,16600854,thedyingkai,"2026-07-26 18:53:03",6.518,4,thedyingkai
1049,16209356,"Smita Priyadarshani","2026-07-23 06:13:38",6.519,45,smitapriyadarshani
1050,16583830,Resnet1136,"2026-07-26 11:22:40",6.519,3,zhaoshenghao77
1051,16198058,小西秀和,"2026-07-23 22:28:05",6.519,9,hidekazukonishi
1052,15974412,go,"2026-07-28 09:39:15",6.519,27,patricklaokul
1053,15912210,"Yusaku Muroya","2026-07-27 11:16:00",6.520,49,ymuroya47
1054,15976496,zaborshicov,"2026-07-25 22:45:38",6.520,1,zaborshicov
1055,16563965,"Junzhe Sheng","2026-07-24 23:29:02",6.520,9,junzhesheng
1056,16442433,super_kimi,"2026-07-24 14:37:42",6.521,16,"linjianrong,wenjinyang"
1057,16413654,"Liang Wan Yiu David ","2026-07-23 13:12:47",6.521,2,liangwanyiudavid
1058,16349313,"Tushar Sharma","2026-07-25 09:03:47",6.521,5,tushar5harma
1059,15867701,Forrest_xlz,"2026-07-26 20:12:41",6.521,3,forrestxlz
1060,16244974,maxout,"2026-07-26 18:07:21",6.522,8,"aadijoshi19,kavyabhand"
1061,16537002,Xunden,"2026-07-24 01:54:46",6.522,10,xunden
1062,16496792,Sampler,"2026-07-27 22:21:47",6.522,53,"cosara,irotrader,yokoinaba"
1063,15926170,tf,"2026-07-28 03:28:55",6.522,53,tfukuhara
1064,15886487,sohma,"2026-07-23 14:57:26",6.522,3,hi210278
1065,15866405,"Meenal Sinha","2026-07-25 13:45:37",6.523,7,meenalsinha
1066,16424276,Yahalom,"2026-07-27 10:54:48",6.523,13,yahalom
1067,16430398,Yam,"2026-07-28 02:04:38",6.524,2,minyam
1068,16490410,FJMT,"2026-07-25 01:24:04",6.524,18,masatoshifujimoto
1069,16034644,Phi,"2026-07-28 02:13:09",6.524,40,ajinomoto132
1070,16599861,wuye001,"2026-07-26 07:34:00",6.524,3,wuye001
1071,16371033,EUGENEYEUNG,"2026-07-28 01:39:14",6.525,32,eugeneyeung
1072,16501650,kanno,"2026-07-28 00:23:06",6.525,87,kannomasaki
1073,16463348,"Hyun-woo Kim","2026-07-27 00:44:25",6.525,2,hwkims
1074,16121967,mnshm7415,"2026-07-27 14:38:13",6.525,13,mnshm7415
1075,16537109,"Jananthan Paramsothy","2026-07-27 17:14:15",6.526,17,jananthanparamsothy
1076,16534277,"Phiratath N.","2026-07-28 04:15:04",6.526,15,medrau
1077,16422358,"Yuxiao Wang","2026-07-27 20:36:42",6.526,38,yuxiaowangx
1078,16475437,"Pradeep Sriramula","2026-07-24 06:47:18",6.526,2,pradeep0245
1079,16575407,YouJi,"2026-07-28 04:52:16",6.526,31,"dawmistai,exceptlight,siyingzeng,wpxwpx,zard599"
1080,15874838,HASEGAWA1107,"2026-07-27 15:01:11",6.526,52,hasegawa1107
1081,16112437,tanasho1225,"2026-07-22 14:49:51",6.526,9,tanasho1225
1082,16037764,ponpon_ponponzu,"2026-07-22 01:27:02",6.526,107,yuyuponponzu
1083,16541748,奶楂大魔王,"2026-07-24 07:06:10",6.527,12,rainbox47
1084,16192131,"Nozomi Suzuki","2026-07-28 00:10:01",6.527,92,nozomisuzuki
1085,16586390,blue_apakiser,"2026-07-23 16:54:34",6.527,2,strangemonster1
1086,16512875,t07_noma,"2026-07-27 16:21:09",6.527,2,t07noma
1087,15917545,"liqin fei 2005","2026-07-27 14:58:01",6.527,2,liqinfei2005
1088,16127135,megsub,"2026-07-27 05:34:07",6.528,19,tjbhdata
1089,16534278,lihaha.36,"2026-07-25 11:30:14",6.528,21,lihaha36
1090,16277757,ultimatum_game,"2026-07-26 10:36:49",6.528,109,ultimatumgame
1091,15998619,"Freeman Hui","2026-07-27 02:42:13",6.528,134,freemanhui
1092,15866380,"Dinesh kumar Thiyagarajan","2026-07-26 06:45:25",6.528,22,dineshkumar0705
1093,16570573,none,"2026-07-23 12:56:38",6.528,1,alisamadr
1094,16260911,"Jack #2","2026-07-27 10:59:07",6.528,55,jackg12345
1095,16107331,mashen_99,"2026-07-27 02:47:46",6.529,3,mashen99
1096,15929182,Koske0022,"2026-07-26 15:49:25",6.529,4,kanatatsuchiya
1097,16060345,HechtJP,"2026-07-25 01:29:15",6.529,2,hechtjp
1098,15896101,winstonton,"2026-07-28 00:17:56",6.530,54,winstonton
1099,15873151,"Antony Joseph9848","2026-07-25 19:04:43",6.530,45,"antonyjoseph9848,hybiridtux123"
1100,16219611,maekeso,"2026-07-27 14:36:25",6.530,159,maekeso
1101,15874169,"Octavi Grau","2026-07-26 16:34:20",6.530,80,octaviograu
1102,16493883,"wey wuy","2026-07-27 04:28:07",6.531,2,weywuy
1103,16447425,"Weixin Liu","2026-07-25 04:05:43",6.531,17,scsc30
1104,16597776,MeeMee,"2026-07-27 22:07:46",6.531,6,yagi46
1105,16046568,"Matthew Deakos","2026-07-26 16:33:31",6.532,35,mattdeakos
1106,16483682,gomerry,"2026-07-27 22:08:14",6.532,9,shwsun73
1107,15870938,Pirhosseinlou,"2026-07-27 05:15:57",6.532,15,pirhosseinlou
1108,15972887,"in blue","2026-07-26 11:11:52",6.533,6,bhatiji
1109,16490749,Cefiyana,"2026-07-27 12:43:12",6.533,58,cefiyana
1110,15948229,Eusebius,"2026-07-23 08:12:04",6.533,9,protuberanzen2000
1111,15869012,GodGod3,"2026-07-28 02:21:25",6.533,13,godgod3
1112,15898093,"Taras Semenchenko","2026-07-28 10:17:00",6.533,59,taras456
1113,16143022,zigz4g,"2026-07-27 11:21:55",6.533,62,zigzag206
1114,16158013,"Ahmed Sabry","2026-07-26 08:48:44",6.534,26,ahmedsabry
1115,15878635,"Michael Ibrahim","2026-07-25 04:07:53",6.534,14,michaelibrahim
1116,16144911,"Heart of Electronics","2026-07-27 10:51:46",6.535,17,lenthty
1117,15930314,"Andrew Naymushin","2026-07-27 06:15:57",6.535,12,andrewsokolovsky
1118,16020372,"YOU SAY ON AUG","2026-07-23 08:20:51",6.535,46,"guskmm,knuiia,qunlilio,ttkauer,weijiemiao"
1119,15892965,pay,"2026-07-28 00:25:14",6.536,27,junpeimorioka
1120,16604294,"Vibin Vinod","2026-07-27 09:17:13",6.536,5,vibinvinod
1121,16533851,"Fayner Costa","2026-07-27 00:11:28",6.536,31,"faynercosta,fchubzz"
1122,16591293,"Shunsuke Hayashi","2026-07-23 23:11:02",6.536,1,shunsukehayashi1993
1123,15863939,"Andrey Khlopotnykh","2026-07-16 12:38:14",6.536,35,andronhl
1124,16424221,Amer,"2026-07-25 14:03:28",6.536,5,amerhu
1125,16543605,"Joseph Adamski","2026-07-24 12:45:07",6.537,39,josephadamski91
1126,16006997,Jeryos,"2026-07-27 06:01:52",6.537,29,joulskaf
1127,16002162,kotsubu,"2026-07-27 22:18:09",6.537,3,kotsubu
1128,16576105,LCZ1996,"2026-07-28 02:44:02",6.537,6,lcz1996
1129,16561726,hidude562,"2026-07-22 22:15:15",6.537,10,hidude562
1130,15889140,drillers,"2026-07-27 13:18:51",6.537,74,"alekseic,kyrylolavrynenko"
1131,16603957,peek,"2026-07-28 04:03:01",6.537,8,strickailkes
1132,16433306,waticson,"2026-07-24 16:29:38",6.538,7,yutodennou
1133,15867691,"Surya milenial","2026-07-27 01:35:47",6.538,79,suryamilenial
1134,16543318,dongdongunique2,"2026-07-27 18:27:29",6.538,13,yinzhaoren
1135,16373181,"Phú Nhân Nguyễn","2026-07-24 11:24:38",6.539,25,phnhnnguyn
1136,16604884,"Sumit Gupta","2026-07-27 10:18:59",6.539,1,pokefirexyz
1137,16432969,AyushmanKumar819,"2026-07-22 11:48:30",6.540,34,"ayushmankumar819,kumardeblin"
1138,15975616,"Misaka Mikoto66","2026-07-28 04:59:42",6.540,76,misakamikoto66
1139,16603305,"Kyle Wang","2026-07-28 02:01:12",6.540,9,ky1ewan9
1140,16249944,8_5,"2026-07-25 01:41:52",6.540,55,batchevall
1141,16440603,"Albert Wang","2026-07-26 17:00:17",6.540,2,mianwang1024
1142,16287430,ajinomoto,"2026-07-28 02:33:31",6.540,106,"kusurizuke,pepushi,tomokiaki"
1143,16110788,"David Rouyre","2026-07-10 22:41:58",6.540,19,davidrouyre
1144,16585975,"TA KO","2026-07-24 09:50:37",6.541,7,tako1102
1145,15919534,datnt114,"2026-07-26 10:39:13",6.541,30,kingkong153
1146,15994351,sleter,"2026-07-27 09:28:06",6.541,143,szymonjanowski
1147,16473436,KoheiOmikawa,"2026-07-25 03:46:00",6.542,16,koheiomikawa
1148,16487098,Nakanishi,"2026-07-24 08:58:30",6.542,1,naka84
1149,16438110,"Nicolai Karcher","2026-07-27 19:15:52",6.542,47,pejophylo
1150,16057413,"mohamed el nashar","2026-07-27 13:49:51",6.542,23,mohamedelnashar
1151,16433973,"Anhad Mahajan","2026-07-26 20:39:26",6.542,6,anhadmahajan06
1152,16130840,HKBU,"2026-07-27 19:13:12",6.543,5,"jamesjklin,yilong1123344"
1153,16052327,"Ripon C. Malo","2026-07-23 18:28:30",6.544,7,riponce
1154,15908625,"Prashant Kikani","2026-07-24 15:35:22",6.544,3,prashantkikani
1155,15910405,Jules,"2026-07-27 12:55:31",6.544,71,julesvanligtenberg
1156,16462922,NarayanNarayan,"2026-07-27 17:22:01",6.544,1,r0708suzzie
1157,16240298,"Jiman Kwon","2026-07-28 03:21:16",6.545,84,jimankwon
1158,16275527,tyamanashi,"2026-07-26 17:15:52",6.545,39,tyamanashi
1159,16064448,pwxc00,"2026-07-27 14:22:31",6.545,75,alert04
1160,16004053,guoyihui,"2026-07-25 12:35:51",6.546,39,guoyihui
1161,16414513,"Team OIZM","2026-07-26 07:59:37",6.546,39,"gendaijin,kentakedabrain"
1162,16186763,Peko,"2026-07-28 01:46:16",6.546,10,ryomakamikawa
1163,16592209,ccc123,"2026-07-27 15:13:23",6.547,8,"chaneyma,liuliuliu2333,wuyufan6"
1164,16405123,"Yudai Yamauchi","2026-07-25 00:52:40",6.547,23,yudaiyamauchi
1165,16587682,"Karan Singh Bisht","2026-07-24 00:03:10",6.547,10,karansinghbisht
1166,15966439,"Ali mohon","2026-07-25 06:42:05",6.547,27,alimohon
1167,16487574,геологи,"2026-07-27 23:37:46",6.548,56,"dmitryshaidorov,ignatgotin"
1168,15889958,"Pirates of Python","2026-07-28 01:33:23",6.548,208,"aliakash404,rayanbabur"
1169,16592728,bobodict,"2026-07-26 17:41:56",6.548,3,bobodict
1170,16591717,dutzc,"2026-07-24 04:26:23",6.551,1,"lntuzhaochen,simanli627"
1171,15870162,"Aleksandr  Larko","2026-07-23 03:19:29",6.551,16,alexxanderlarko
1172,16131084,minger,"2026-07-24 07:10:04",6.551,1,lukaswong
1173,15873039,c_fxy,"2026-07-26 07:47:56",6.552,11,cfxyai
1174,15869133,Yuki_ARL,"2026-07-26 18:48:28",6.553,69,yukiarl
1175,16558749,【有】hako22,"2026-07-25 17:36:21",6.553,10,hako22
1176,16548566,nqy123,"2026-07-22 02:06:47",6.553,13,nqy123
1177,16156424,lllleeeo,"2026-07-27 03:27:15",6.553,27,lllleeeo
1178,16579941,"Joe Young","2026-07-23 19:42:55",6.554,6,jsphyg
1179,15940122,Fe7777,"2026-07-23 15:32:23",6.555,4,fe7777
1180,16606407,"Ilya Usmanov","2026-07-27 17:06:51",6.556,1,ilyausmanov
1181,15980951,LEEKANG,"2026-07-25 15:35:47",6.557,7,poby7722
1182,16265107,CarbonRamji,"2026-07-24 07:41:03",6.558,5,jinpyohong12
1183,16394531,ovo,"2026-07-25 13:16:22",6.559,90,"junsongzhang,shenyuma,vivianus,yanchen404"
1184,16607798,Lanqira,"2026-07-28 03:54:31",6.560,3,lanqira
1185,16573788,juliye,"2026-07-28 01:40:37",6.561,30,juliye
1186,16549318,"Yanxi Jiang","2026-07-28 03:15:26",6.561,8,yanxijiang
1187,15941445,"Pawan Rama Mali","2026-07-27 07:50:17",6.563,80,pawanmali
1188,16089097,"lee Marc223","2026-07-26 03:06:01",6.563,73,"joezzzzz,leemarc223"
1189,16504408,"miguel perez","2026-07-27 11:48:03",6.564,9,miguelpm
1190,16496231,"Water Xiao","2026-07-26 06:41:19",6.564,19,waterxiao
1191,16110221,xxxzzz123312123321,"2026-07-28 02:36:13",6.564,37,"chenzhaoquan,xxxzzz123312123321,yaqihe"
1192,16020197,"Brian Naff","2026-07-27 21:54:39",6.564,1,briannaff
1193,16284717,PC復活しました。,"2026-07-27 06:46:00",6.565,33,"ayukaggleacc,cicadakaggleuec,cyan5468,nowa1379"
1194,16256646,sekkin55,"2026-07-26 18:00:38",6.565,23,sekkin55
1195,16207425,"Kole Duncan Robertson","2026-07-28 03:21:03",6.565,35,kduncanrobertson
1196,16568766,"Chen Hao","2026-07-23 05:08:39",6.566,8,chenhappyyo
1197,15873455,"Duong Nguyen","2026-07-26 16:58:12",6.567,25,nguyncdngs
1198,16570318,"Jan Ruijgrok","2026-07-27 07:26:54",6.570,25,piyanit
1199,15920570,"Martin Mbalkam","2026-07-25 19:34:18",6.570,13,martinmbalkam
1200,16538704,Hase2727,"2026-07-27 09:50:03",6.572,21,hase2727
1201,16515089,"Ben Fischero","2026-07-28 04:40:11",6.573,48,benfischero
1202,16419770,"Marc Poirier","2026-07-26 22:03:54",6.575,40,marcpoirier
1203,15874332,"Angus Chang","2026-07-24 15:06:59",6.576,5,andrew60909
1204,16118391,frank9487,"2026-07-28 03:57:10",6.576,29,frank9487
1205,16605775,aiue77,"2026-07-27 13:28:03",6.578,1,aiue77
1206,15864821,"Anidipta Pal","2026-07-23 16:52:41",6.580,4,anidiptapal
1207,16250143,"Santosh Kumar","2026-07-25 07:54:54",6.583,7,santoshkumar
1208,16425072,藤田　佑,"2026-07-22 12:52:34",6.583,43,yuu111111111
1209,16392834,"S J Moudry","2026-07-26 20:26:37",6.584,8,sethmoudry
1210,16275126,"Westlake Kaggle Team","2026-07-28 03:37:12",6.585,38,"jiajunwangworking,pinzhangli,zhenhaoliu1129"
1211,15869754,hanhan761,"2026-07-24 03:55:38",6.587,143,"hanhan761,kiivii,noice12138,xiaobai0417,zly2006"
1212,16586965,"Sawood M","2026-07-22 17:49:38",6.588,1,developsawood
1213,16569513,"Naoki Okada","2026-07-27 03:47:43",6.589,16,naokiokada13
1214,16544708,yogaG7771,"2026-07-28 03:34:17",6.589,39,yogag7771
1215,16076347,"Felipe Ferreira","2026-07-27 21:22:58",6.590,176,"felipeporcher,gabrielpereirars"
1216,16432935,"Digital Abhi","2026-07-27 04:48:21",6.594,42,abhidatta87
1217,16594810,沼里太誠,"2026-07-25 00:54:40",6.596,1,numaritaisei
1218,16548328,Student,"2026-07-22 17:44:45",6.596,18,jonahm
1219,16557043,GermanJurado1,"2026-07-28 03:13:53",6.597,11,germanjurado1
1220,15922640,"Mohammad Ghafourian Nasiri","2026-07-28 01:55:35",6.597,27,mghnasiri
1221,16515818,tomo11111,"2026-07-26 01:49:03",6.599,10,tomo11111
1222,16446519,"JB Bryant","2026-07-24 19:29:47",6.602,6,jbbryant
1223,16565929,lingheng,"2026-07-24 04:25:58",6.605,58,"lingheng,xianhaolin6077"
1224,16552872,nmdcddwzml,"2026-07-27 11:51:37",6.605,9,mujian63
1225,16032773,jieneng114514,"2026-07-21 19:51:35",6.611,28,jieneng114514
1226,15869339,"VIbes & Wellbore Trade-Off","2026-07-27 04:58:33",6.612,152,"cody11null,cudacoding,mahdiseddigh,shanzhong8,tom99763"
1227,16432464,"ne Artem Savchenko","2026-07-28 10:51:34",6.613,69,neartemsavchenko
1228,16581601,"Siham Badii","2026-07-22 00:31:30",6.613,5,sihambadii
1229,15882313,yitiaoxiaoyuer,"2026-07-24 06:15:54",6.613,12,yitiaoxiaoyuer
1230,16032444,"t fuku","2026-07-27 14:37:57",6.615,77,"jjinho,khori7,masasato1999,ttyn4519"
1231,16465828,MGöksu,"2026-07-22 09:29:38",6.616,7,mgoksu
1232,16482143,BladeRunner,"2026-07-26 02:47:58",6.616,3,bladerunner2022
1233,16365684,Hazel_<,"2026-07-26 09:18:33",6.618,17,"hekunyu,zhenyao718"
1234,16029493,thisray,"2026-07-27 16:01:59",6.619,27,thisray
1235,16098234,"Gorilla Wakayama","2026-07-22 02:58:42",6.619,35,gorillawakayama
1236,16486548,"Danielle Lesin","2026-07-23 11:10:57",6.619,26,ladyfaye
1237,15948669,KKC,"2026-07-22 01:11:16",6.621,2,nimonimo
1238,16580045,JMTT-C,"2026-07-21 13:50:28",6.623,2,c18197993640
1239,16532724,"Aurora wyz","2026-07-28 05:58:36",6.624,31,"aurorawy,stjian"
1240,16549236,LeeVvin,"2026-07-27 01:26:40",6.625,7,leevvin
1241,16254693,"Phys Drill","2026-07-24 13:36:09",6.627,42,tabishmohsin
1242,15865133,"Marius Heuser","2026-07-20 13:49:12",6.628,28,mariusheuser
1243,16583813,"Xn Tan","2026-07-22 06:03:24",6.629,2,xntang
1244,16113209,"Omprakash Patra","2026-07-28 02:37:45",6.629,41,omprakashpy
1245,16026172,yashjakhar99,"2026-07-28 04:43:19",6.630,142,yashjakhar99
1246,16585164,zhangyues,"2026-07-24 06:47:57",6.630,6,zhangyues
1247,16504301,vladee,"2026-07-27 19:39:22",6.632,30,vladee
1248,16570883,"Jere Rose","2026-07-26 08:47:58",6.633,10,jererose
1249,16583228,holyholy,"2026-07-27 14:17:49",6.636,10,holy5contents
1250,16114195,"Nagi sisiro","2026-07-21 14:34:37",6.637,10,laveshjadon
1251,15933701,kiyomiya-k,"2026-07-28 01:54:57",6.637,7,kiyomiyak
1252,15917995,Dear_Luna,"2026-07-22 03:36:26",6.638,2,dearluna
1253,16564232,Bloom,"2026-07-22 06:01:44",6.640,8,koushik03456789
1254,16089806,trantrikien239,"2026-07-22 04:34:30",6.640,41,trantrikien239
1255,16574875,nickyl,"2026-07-27 01:28:56",6.640,5,nickyjliang
1256,16580223,"Oiti Roy","2026-07-21 10:00:25",6.641,1,oitiroy
1257,16448958,Ksana,"2026-07-23 07:33:41",6.643,15,befunny
1258,15870429,LIH.YUN,"2026-07-22 09:09:50",6.644,8,fxlcee
1259,16572708,"Artem Sharkov","2026-07-21 20:33:43",6.644,8,aartmoon
1260,16516308,"Naval Singh","2026-07-27 11:31:45",6.646,43,navalwoanders
1261,15953656,"FengLei Dou","2026-07-28 07:47:48",6.646,7,dfenglei
1262,15871672,hhuanghhao,"2026-07-22 03:08:18",6.647,37,hhuanghhao
1263,15880772,"Kaiser #2","2026-07-22 03:39:08",6.648,5,snnguynvnk19hl
1264,16539585,"Akagha Chimgozirim","2026-07-21 19:36:00",6.648,32,chiakazirim
1265,16561078,"Pushkar Ambastha","2026-07-21 21:51:39",6.648,2,pushkar007
1266,15907879,GENOME,"2026-07-23 19:52:06",6.648,34,"ayushmansingh27,fanserudraksh,gauravbdamor,nikhilpathaksvnit"
1267,16371597,"Inder Puneet Singh","2026-07-25 18:50:19",6.648,7,inderpuneetsingh
1268,16430222,"Subin An","2026-07-27 23:58:18",6.650,112,subinium
1269,16001992,cicen1139,"2026-07-28 06:51:42",6.650,12,cicen1139
1270,16300153,zhangshuosc,"2026-07-21 09:25:10",6.651,10,zhangshuosc
1271,15865734,"Mahmoud Abdelshafy","2026-07-25 22:56:24",6.651,45,mahmoudabdshafy
1272,15869259,"Suman Sahoo","2026-07-26 18:56:49",6.652,10,sumansahoo16
1273,16587782,sdy623,"2026-07-23 02:54:40",6.653,1,jaxa623
1274,16349816,"A & B & H","2026-07-27 12:17:24",6.656,99,"hainguyenthien,pntan17"
1275,16211441,songy111,"2026-07-22 14:09:15",6.658,12,songy111
1276,16474355,threnox,"2026-07-27 17:03:03",6.659,35,threnox
1277,16218325,KentaTanaka,"2026-07-27 18:18:07",6.661,38,kentatanaka1data
1278,16583391,"Seif Eddine Achour","2026-07-21 22:13:02",6.661,1,seifachour12
1279,16517572,CQupt/,"2026-07-28 02:12:55",6.661,12,"congconghxchemu,xinjunc"
1280,16433126,one2ndpiece,"2026-07-26 20:01:11",6.662,54,one2ndpiece
1281,16075605,"Death of Pasta","2026-07-22 09:26:06",6.662,44,deathofpasta
1282,16569703,zhangyues0000,"2026-07-26 22:28:39",6.665,20,zhangyues0000
1283,16441454,"Aparajeet Shadangi","2026-07-26 10:40:50",6.666,23,aparajeetshadangi
1284,16068102,Hajimi-ROG,"2026-07-28 02:42:10",6.666,54,"andycooper747,yuxiang328"
1285,16488578,"Yangle Ma","2026-07-28 02:03:53",6.666,13,yanglema
1286,16586163,lunpaixo,"2026-07-22 14:32:21",6.667,2,"delta47x,lunpaixo"
1287,16238749,guruguru000,"2026-07-27 08:11:06",6.667,18,guruguru000
1288,16420214,"selam ya","2026-07-22 01:31:09",6.667,30,selamya
1289,16115532,mzgeoteam,"2026-07-22 02:26:53",6.667,27,mzlatic1
1290,15873274,Virtute,"2026-07-27 23:55:51",6.667,196,nameless001
1291,16429549,Nadeem,"2026-07-25 15:02:57",6.669,25,nadeembinshajahan
1292,16344655,"Rafael G","2026-07-26 20:23:30",6.671,9,rafaeldsjhkas
1293,16430820,"Satyam Chaubey","2026-07-23 02:53:21",6.672,68,satyamchaubey360
1294,16588497,metashift2,"2026-07-23 06:18:14",6.673,2,"darklumen,metashift2"
1295,16492004,jingxuxie98,"2026-07-22 04:26:09",6.673,34,jingxuxie98
1296,15913607,Mike,"2026-07-22 01:53:23",6.674,8,m1ck0n
1297,15867943,Ispagiytiy,"2026-07-22 08:36:02",6.676,18,ispagiytiy
1298,16435614,junseonglee11,"2026-07-22 22:07:55",6.676,23,junseonglee11
1299,16563541,kaixinliu39,"2026-07-25 11:11:27",6.677,14,kaixinliu39
1300,16037420,tc-al,"2026-07-27 12:45:32",6.679,16,bobmyersthesecond
1301,15875812,UlinNuhaAbduh,"2026-07-21 22:14:33",6.679,60,ulinnuhaabduh12345
1302,16570671,Lee,"2026-07-27 12:07:21",6.680,13,sienloonglee
1303,16371577,"Nikita Vasilenko","2026-07-21 10:12:05",6.681,11,nikitavasilenko231
1304,15877046,"Mansour A. S. Ataa","2026-07-27 23:02:45",6.682,56,profmansoor
1305,16208675,"Hoshino Takanashi","2026-07-21 10:25:28",6.683,20,starsdaisuki
1306,16254448,yuiop!,"2026-07-22 15:40:32",6.684,8,yuiopy
1307,15998254,"Leonardo Domingues","2026-07-28 00:25:13",6.684,34,leonardodomingues
1308,16495059,quanqimao,"2026-07-22 14:18:07",6.684,24,quanqimao
1309,16534369,wxlzzyy,"2026-07-27 01:04:49",6.686,29,"tluollv,wxlzzyy"
1310,16506967,quyenpd2,"2026-07-24 02:35:13",6.689,17,funnycoder
1311,16447649,"Diogo Moitinho","2026-07-21 19:44:50",6.690,11,diogomoitinho
1312,15892441,"Jeremy Lih","2026-07-25 02:55:50",6.692,29,jeremylih
1313,16533172,SHALABI,"2026-07-26 18:45:35",6.693,27,mohdshalabi
1314,16434401,bharat,"2026-07-12 02:34:13",6.694,52,"bharatmohan,nencybansal"
1315,16220469,PursueML,"2026-07-28 08:33:21",6.696,29,pursueml
1316,16235516,"Xiaomou Hou","2026-07-22 04:26:18",6.698,14,xiaomouhou
1317,16514722,1m0ke,"2026-07-26 06:35:06",6.706,29,smokelate
1318,16058971,"Sohangkumar Patel","2026-07-27 00:13:57",6.717,58,samsamurai
1319,16102813,"Alerdo Ballabani","2026-07-25 19:47:55",6.717,19,alerdoballabani
1320,16539267,"Liu babyVStone","2026-07-27 13:50:42",6.719,24,liubabyvstone
1321,16136227,"This cat is called Fumi","2026-07-27 17:25:10",6.720,127,qwer556617123
1322,15876065,elysii,"2026-07-24 10:26:25",6.722,34,elysii
1323,16533027,"Saran Boddu","2026-07-22 05:23:20",6.722,10,saranboddu
1324,16584222,sreeja988,"2026-07-24 00:00:01",6.724,1,"pranjalsrivastava988,sreeja988"
1325,16265062,"Dilyorbek Muhammadjonov","2026-07-22 06:38:24",6.726,28,dilyorbek
1326,16599636,"Aastha Shayla","2026-07-27 21:21:21",6.728,5,aasthashayla9898
1327,16113710,"Leon #2","2026-07-21 17:20:32",6.728,16,leonshangguan
1328,16438693,"Demon King","2026-07-21 11:27:57",6.729,13,mailkahsan
1329,16150708,lowbackpain-slime,"2026-07-26 06:02:08",6.731,47,lowbackpainslime
1330,16436143,KUTEST,"2026-07-23 23:55:30",6.736,5,fjnamishel2
1331,16087648,"Ziheng Zhang","2026-07-22 00:32:44",6.738,29,nudtdmzzh
1332,16039655,minch,"2026-07-04 03:27:53",6.746,112,yoonmincheol
1333,16033496,ringbearer,"2026-07-27 23:20:41",6.746,19,mehmetbarankrat
1334,16097193,Kaggle纪律监察委员会,"2026-07-21 19:31:56",6.750,28,"bingzhenghan,krasuszl"
1335,15873154,"Marco DG","2026-07-26 14:36:48",6.759,99,marcodg
1336,16213533,mirandora,"2026-07-26 14:46:26",6.764,134,mirandora
1337,16245592,"CHIKONZERO SELEMANi","2026-07-21 22:51:49",6.768,6,chikonzeroselemani
1338,16586020,Zorinel,"2026-07-22 14:19:17",6.770,2,"fluxcortex3,zorinel"
1339,16029640,"Vignesh Prasad ","2026-07-27 08:00:04",6.794,39,vigneshprasad10
1340,16578108,"Meric Ozcan","2026-07-22 20:38:29",6.795,3,mericozcan
1341,15873569,H,"2026-07-21 17:36:53",6.802,34,mhamza0810
1342,16241532,"JIUZHOU CHAN","2026-07-26 13:16:09",6.803,45,jiuzhouchan
1343,16442062,nynyny67,"2026-07-27 08:19:49",6.805,40,nynyny67
1344,16463174,aobayamonokuma,"2026-07-20 22:59:15",6.813,17,"lingyujiang,monkeydz"
1345,16565368,"name it whatever","2026-07-26 15:56:09",6.815,20,"thiagommtmn,yarneo"
1346,16015422,"nathanael rk","2026-07-28 04:59:18",6.819,80,nathanaelrk
1347,15864259,"AK | SS | DB","2026-07-28 04:32:39",6.825,100,"aman1391,divabhattacharya,suman2208"
1348,16486096,hirayuki,"2026-07-28 00:02:19",6.832,53,hirayukis
1349,15868874,"Gaurav Rawat","2026-07-21 16:17:20",6.832,82,gauravbrills
1350,15869574,lucataco,"2026-07-27 22:24:18",6.834,49,lucataco
1351,16278903,rupsarroy,"2026-07-27 14:16:25",6.834,8,rupsarroy
1352,16579614,"Dev Pradhan","2026-07-27 07:47:28",6.841,4,devpradhan06
1353,16417151,AyFukushima,"2026-07-23 01:25:46",6.845,26,nantohock
1354,16556670,"Eduardo Farina","2026-07-21 11:37:33",6.846,15,eduardofarina
1355,15867874,DECEM,"2026-07-27 15:48:36",6.848,116,"cutellxy,dylanxue04,zy1343930734"
1356,15875799,ReasonForge,"2026-07-21 16:14:56",6.848,55,phongnguyenthuando
1357,16331568,"Clark Dylan","2026-07-28 04:10:10",6.848,88,"chenenhao,clarkdylan,eiffellu,jacobwu2028"
1358,15938124,"Ioannis M","2026-06-26 21:49:45",6.857,44,imeintanis
1359,16579467,DeemoTeemo,"2026-07-21 07:28:35",6.858,1,deemoteemo
1360,16538605,SAFSAGF,"2026-07-20 10:05:06",6.858,12,safsagf
1361,16399600,sorawww31,"2026-07-20 11:03:16",6.858,2,sorawww31
1362,16211925,"Dmitriy Gerasimov","2026-07-27 09:53:02",6.858,107,dmitriygerasimov
1363,16097431,"AMD YES","2026-07-20 16:59:16",6.858,17,dfgtde
1364,16427608,Ken_Ken_Pa,"2026-07-27 22:30:17",6.858,25,kenkenpa
1365,16578075,gaoyudut,"2026-07-21 01:19:00",6.858,1,gaoyudut
1366,16488687,瀧野欧介,"2026-07-21 02:24:47",6.858,5,backallslice
1367,16467425,DanilAbdullin,"2026-07-27 05:34:09",6.858,37,danilabdullin
1368,15953650,"Mikey Marszewski","2026-07-21 04:00:44",6.858,5,mikeymarszewski
1369,15906702,Rojiomote,"2026-07-28 03:23:26",6.858,29,rojiomote
1370,15913118,pi-500.phys,"2026-07-27 15:07:18",6.858,6,pi500phys
1371,16214855,ISE@JNU-1,"2026-07-27 20:25:58",6.858,37,"brucewang777,jia169,lintangent,yangjiahua,zwzwyang"
1372,15874032,Bore-ing,"2026-07-21 20:27:21",6.858,28,"akhilbh10,madarshbb"
1373,16578821,"Kyuhwan Cho","2026-07-22 14:26:38",6.858,7,octoarden
1374,16387729,ada,"2026-07-21 06:54:52",6.858,16,wangyiqicy
1375,15903042,"LIQUID GOLD","2026-07-21 08:03:30",6.858,11,"belosneshkin,clodis,kagglercs,vladimics,zabojeb"
1376,15864035,花未眠,"2026-07-26 02:42:11",6.858,45,"linyeping,ychsun"
1377,15880417,没落者,"2026-07-28 00:02:34",6.858,190,needless090
1378,15890568,Leander,"2026-07-21 08:25:36",6.858,58,lenny2905
1379,16544975,xzhuhao,"2026-07-21 15:44:52",6.858,20,xzhuhao
1380,16425606,Evelyn3976,"2026-07-25 14:42:04",6.858,3,evelyn3976
1381,16474634,"Sean Jones","2026-07-19 07:04:13",6.859,26,seanjones444
1382,16241761,"James Christian","2026-07-24 17:17:18",6.872,212,kenkaocwl
1383,15874410,"Mikhail Karchevskiy","2026-07-28 07:14:03",6.873,61,suvalex
1384,16584568,HarshalKatari,"2026-07-25 15:56:03",6.880,4,harshalkatari
1385,15904631,"Xiaolei Lian","2026-07-23 11:46:29",6.887,72,xiaoleilian
1386,16261943,HK,"2026-07-20 08:38:02",6.898,3,hizurukonishi
1387,16561320,qwerqqqwer,"2026-07-21 00:33:48",6.903,9,qwerqqqwer
1388,15931946,"yunus yalman","2026-07-22 23:50:07",6.904,5,yunusyalman
1389,16573433,Shinchan,"2026-07-21 14:04:45",6.906,2,shinae0123
1390,15936278,"wking edewd","2026-07-20 14:44:31",6.906,2,wkingedewd
1391,16427879,atom0190,"2026-07-27 02:14:26",6.906,71,atom0190
1392,16575682,"Dağhan Ünal","2026-07-22 21:45:30",6.906,6,dahannal
1393,16040653,"Shangshang Zhang","2026-07-27 09:21:09",6.906,93,msvzss
1394,16218165,Manat,"2026-07-21 00:03:33",6.906,5,manatoshoji03
1395,16046674,KaitoFukushima,"2026-07-28 01:15:49",6.906,28,"kaitofukushima,october2"
1396,16447758,Poobear,"2026-07-28 01:32:02",6.906,34,poobear
1397,15913004,Doublej37,"2026-07-23 21:49:23",6.908,47,doublej37
1398,15870780,tenfish,"2026-07-28 01:40:21",6.909,94,"oygdri,takatoyoshikawa"
1399,16391147,"Konstantin Zorin","2026-07-26 01:41:00",6.914,39,zokost
1400,15898496,"Benzene Pc","2026-07-26 23:52:06",6.915,40,"ahmadabdoumalickdiop,benzenepc"
1401,16108953,Maruichi01,"2026-07-20 23:53:10",6.920,40,maruichi01
1402,16574494,Yichi,"2026-07-28 02:13:16",6.921,13,yichi02
1403,16458356,"Arthurs Torres24","2026-07-26 00:42:34",6.922,74,arthurstorres24
1404,16408749,SYU21125,"2026-07-13 14:48:05",6.924,34,syu21125
1405,16285062,"Vincent Sirius","2026-07-20 13:10:06",6.924,29,rdxsun
1406,15956269,Bilzard,"2026-07-23 13:43:54",6.925,35,tatamikenn
1407,16556263,Narukos,"2026-07-22 18:51:46",6.926,25,narukos
1408,16259952,"dennis theuri","2026-07-20 13:13:26",6.927,22,dennistheuri
1409,15866315,"jorge fabian avila","2026-07-27 15:41:45",6.927,19,jorgefabianavila
1410,15906186,"Jobayer Hossain","2026-07-21 01:14:06",6.927,1,jobayerhossain
1411,16359168,Borealis27,"2026-07-21 01:41:45",6.927,28,borealis27
1412,15871604,samu2505,"2026-07-21 03:54:08",6.928,3,samu2505
1413,16400756,Ryo,"2026-07-26 13:50:51",6.928,55,ryosukekurakami
1414,16535974,"Nikitas Rafael Nikitas","2026-07-25 11:23:06",6.928,12,rafanikitas
1415,16596495,666,"2026-07-27 10:56:17",6.928,6,zzy555666
1416,16603391,浪漫血液,"2026-07-28 06:38:24",6.928,9,uncletian2021
1417,16097165,imainjob,"2026-07-18 00:38:25",6.928,21,imainjob
1418,16428435,codelion,"2026-07-28 03:05:11",6.941,42,codelion
1419,16425414,あなまか,"2026-07-22 14:02:39",6.941,14,arakish
1420,16435212,"Grigory Demidov","2026-07-21 00:02:00",6.954,80,darkartitry
1421,16406389,"Anthony Yanza","2026-07-16 05:13:40",6.955,38,anthonyyanza
1422,15874125,sannolikhet,"2026-07-27 04:31:49",6.956,48,vineetkreddy
1423,16346349,grok,"2026-07-03 02:18:45",6.958,94,lunilu
1424,16475531,"Shep Scientific","2026-07-20 02:00:26",6.958,5,shepscientific
1425,16558035,"Team Name*","2026-07-20 04:12:54",6.958,20,jiaruicao7
1426,16366206,CcChen,"2026-07-20 02:30:56",6.958,6,cgchen
1427,15869635,alphago700,"2026-07-20 06:01:39",6.958,26,alphago700
1428,16132304,"Qiyue Wu99","2026-07-21 06:15:08",6.958,10,qiyuewu99
1429,16531638,stevenleehans,"2026-07-22 16:21:11",6.961,35,stevenleehans
1430,16537455,"Murat A. Genc","2026-07-26 10:51:51",6.965,17,muratagenc
1431,16485350,rfbr,"2026-07-26 15:16:40",6.970,33,romainfabre
1432,15906066,"Vamshi Krishna Emmadi","2026-07-27 19:51:31",6.975,36,vamshikrishnaemmadi
1433,15869176,vicente01,"2026-07-28 01:47:42",6.978,157,vicente01
1434,16273400,YuyaSuzuki,"2026-07-19 08:49:40",6.978,100,yututapp
1435,16412722,"Biel Escola Rodrigo","2026-07-20 10:10:29",6.979,17,bielescolarodrigo
1436,16570390,machengyuan,"2026-07-19 13:45:09",6.979,2,machengyuan
1437,16539340,miaoxiaomiLiZhe,"2026-07-22 00:07:00",6.979,18,miaoxiaomilizhe
1438,16557757,hrbatra,"2026-07-27 05:14:13",6.979,20,hrbatra
1439,15918732,suxing-star,"2026-07-19 14:15:20",6.979,19,suxingstar
1440,16047323,ArchCoder,"2026-07-19 18:50:14",6.979,1,archcoder
1441,16566834,AibePC,"2026-07-19 23:39:23",6.979,5,xsmaxpc
1442,16496023,"[Deleted] f035038c-e9d7-4dc4-943c-01a04c2a6a35","2026-07-19 20:04:42",6.979,7,del=a8f3af9aeaa6ae2f
1443,16567127,"Emre Canik","2026-07-21 15:56:36",6.979,5,emreceng
1444,15865664,"Sébastien henry","2026-07-19 21:27:49",6.979,23,sebmontreal
1445,16548214,"Anida Bath","2026-07-20 00:12:25",6.979,1,matsutake94
1446,16430533,"Joanna C.","2026-07-20 00:22:14",6.979,5,joannaciesielski
1447,16567642,yzyhello,"2026-07-20 01:44:39",6.979,3,yzyhello
1448,16572091,"Тимофей Мартыщенко","2026-07-20 07:30:19",6.979,6,timmass2
1449,16410742,"Chiekh ALLOUL","2026-07-23 04:31:27",6.979,54,chiekhalloul
1450,16448775,"li fuqing123","2026-07-22 12:08:30",6.979,30,lifuqing123
1451,15931595,WannaCry,"2026-07-19 15:54:03",6.979,69,yaroslavkholmirzayev
1452,15893956,按59,"2026-07-27 07:56:08",6.979,9,jzhllin
1453,16084818,Ryutogrrr,"2026-07-20 04:47:45",6.979,36,ryutogrrr
1454,16414497,harlen,"2026-07-20 12:58:27",6.979,13,harlenka
1455,16514373,"Michael Chesher","2026-07-21 04:13:16",6.979,26,michaelchesher
1456,16207734,BDA,"2026-07-28 10:28:41",6.979,96,"aliyabadmaeva,axollo,frumsm"
1457,16424334,hejieaa,"2026-07-25 06:43:00",6.979,21,hejieaa
1458,16557432,bigmv,"2026-07-26 05:56:06",6.979,4,bbigmv
1459,16591555,ikeyu,"2026-07-28 07:32:17",6.979,11,yuheikoike
1460,15900852,Kevin,"2026-07-13 02:44:38",6.985,55,kevinzodiac
1461,16557631,ㅤ,"2026-07-27 13:03:09",6.989,13,"fastlight2007,noobanot"
1462,16430971,Emre,"2026-07-27 18:33:19",6.989,21,emre690
1463,16153866,akmr,"2026-07-27 08:40:33",6.990,60,akimaru
1464,16157280,Emmas,"2026-07-21 15:37:52",6.991,145,enislayramentol
1465,16561455,namopanda,"2026-07-19 14:07:07",6.992,3,namopanda
1466,16232594,Salsinats,"2026-07-27 13:14:44",6.992,87,salsinats
1467,16550792,"Zhexi Guo","2026-07-18 08:52:44",6.995,7,zhexiguo
1468,16129562,ikgm,"2026-07-25 23:44:37",6.995,112,puws06
1469,16485654,"Gaurav Goswami","2026-07-21 00:00:56",6.995,25,gauravgs1007
1470,15864862,"Fritz Cremer","2026-07-22 19:41:39",6.995,10,fritzcremer
1471,16551033,"Ng Juin Ron","2026-07-20 18:29:18",6.995,17,ngjuinron
1472,16581755,"Vignesh A","2026-07-27 23:45:20",6.997,9,vignesha1
1473,16475223,wakaharu999,"2026-07-20 13:39:29",6.997,4,wakaharu999
1474,16570385,nash_efp,"2026-07-26 04:26:15",6.997,8,knatsch
1475,16563378,"Anti Agent Agent Club","2026-07-27 08:02:37",7.000,4,kazuyago
1476,16531919,ASGModels,"2026-07-23 16:49:46",7.002,22,mkjhfghfgh
1477,16343151,"JOP OK","2026-07-22 06:16:12",7.003,10,fuveo24
1478,16490576,weiyang,"2026-07-18 18:56:42",7.003,3,weiyangeliu
1479,16559999,"Teddy Tennant","2026-07-18 20:34:49",7.003,8,thtennant
1480,16566698,"Renji Starfall","2026-07-18 21:52:43",7.003,2,renjistarfall
1481,16567073,hust_xll,"2026-07-22 07:42:17",7.003,12,hustxll
1482,16534437,dengyu233,"2026-07-19 12:55:48",7.003,9,dengyu233
1483,16112461,xmanguo,"2026-07-20 13:29:48",7.003,2,xmanguo
1484,16500239,weiastraia,"2026-07-24 09:04:07",7.003,3,weiastraia
1485,15876056,Himeno,"2026-07-27 17:30:19",7.003,98,lepidon
1486,16534430,momoon,"2026-07-28 00:00:35",7.004,35,nomuraryota
1487,16538661,"Y. Kim","2026-07-28 00:44:09",7.004,57,ywkim22
1488,16369288,OnRoad,"2026-07-14 10:35:49",7.005,6,kongconf
1489,15926091,"Diptyajit Das","2026-07-27 05:54:55",7.005,37,diptyajitdas
1490,16137539,charizard,"2026-07-28 04:40:59",7.008,66,"jeromequeck,richardtiew,singledigitmonster"
1491,15904590,"Shiv Satyam","2026-07-18 07:54:16",7.010,6,shivsatyam
1492,16446180,xaxipiruli,"2026-07-18 09:56:07",7.010,9,xaxipirulazo
1493,16565651,oush,"2026-07-18 16:43:54",7.010,2,enoki1
1494,15870623,vkhydras,"2026-07-18 13:54:28",7.010,19,vickimar
1495,16565621,"Takayasu Hasunuma","2026-07-18 13:58:49",7.010,1,takayasuhasunuma
1496,16566041,AKI_2525,"2026-07-24 09:31:22",7.010,4,ryosukesasakihgl
1497,15864439,"Abdessamed Zetroni","2026-07-18 19:23:07",7.010,21,abdessamedzetroni
1498,16491991,yileijoeQ,"2026-07-18 23:03:31",7.010,5,"baobaobaobaobaozha,joeqiu12138"
1499,16488981,"ZhengHi Fan","2026-07-20 00:27:08",7.010,28,zhenghifan
1500,16532110,"Soheil Ayati","2026-07-28 09:17:13",7.010,19,soheilayati
1501,16537494,orionis,"2026-07-23 00:00:53",7.010,15,orionis
1502,16585994,Vorinaq,"2026-07-22 13:49:04",7.010,2,"novasync88,vorinaq"
1503,16588036,truxivan,"2026-07-23 03:17:22",7.010,2,"sunvex,truxivan"
1504,16422128,bianfu,"2026-07-24 04:20:23",7.010,38,bianfu
1505,16168970,zongzishuang,"2026-07-28 03:25:27",7.012,144,"johniopjkl,smileh6,yajuansheng,zongzishuang"
1506,16557811,"Bửu Phạm Quốc","2026-07-27 19:28:21",7.012,36,buphmquc
1507,15940752,"Zhengyi Cui","2026-07-21 08:01:25",7.016,4,zhengyicui
1508,15875519,"Sung Heo","2026-07-28 00:53:11",7.019,33,kmmmvs
1509,16283653,peter,"2026-07-25 15:34:35",7.020,41,lumoumou
1510,16101647,Doit,"2026-07-27 04:53:16",7.021,8,"aifccnb,gaussashely"
1511,16488389,JTCHEN_TW,"2026-07-27 22:51:02",7.023,76,tim9510019
1512,16253926,sadatch,"2026-07-27 18:02:29",7.025,15,sadatch
1513,15881299,"Jacoby Jaeger","2026-06-09 02:50:44",7.025,20,jacobyjaeger
1514,16543147,Jun,"2026-07-20 14:04:53",7.028,12,jackeychang
1515,16380553,"Tani Yushi","2026-07-11 02:02:35",7.029,14,taniyushi
1516,16339769,"Nguyễn Công Tuấn","2026-07-17 02:58:19",7.030,40,nctuan
1517,16559062,"Nuk Oah Am","2026-07-20 15:11:36",7.030,3,nukoaham
1518,16001031,AbhilashVJ,"2026-07-21 19:31:33",7.032,5,abh001
1519,16107376,yuki.aoki2024,"2026-07-24 05:18:22",7.032,49,yukiaoki2024
1520,16007702,"Akash Deep","2026-07-20 06:27:58",7.033,15,akashdeepo
1521,16387692,Pomore_o,"2026-07-14 03:55:17",7.034,57,pomoreo
1522,16554447,"Ismail Harfi","2026-07-27 15:36:23",7.034,19,ismail89
1523,16587933,orbitmesh,"2026-07-23 02:46:45",7.035,2,"cosmicaa,orbitmesh"
1524,15878439,"Lvov Stanislav","2026-07-16 22:38:32",7.036,10,tickflag
1525,16511137,Arasol,"2026-07-14 07:16:49",7.037,2,yusami
1526,16505492,"Koosha S","2026-07-10 22:53:29",7.037,6,kooshas
1527,16296361,ziheng,"2026-07-23 13:21:23",7.039,40,"napjokerxxl,zihengedie"
1528,16385227,"Kers Aoyagi","2026-07-14 22:54:43",7.039,15,kersaoyagi
1529,16053809,Tao,"2026-07-14 23:42:50",7.040,19,heitao
1530,15892060,Ttkuma,"2026-07-17 14:25:13",7.041,13,ttkuma
1531,16163747,CyberSorcerer-real,"2026-07-19 10:29:12",7.043,39,manaslol
1532,16550300,Brishian,"2026-07-18 18:05:25",7.044,2,brishian
1533,16507052,LKQ669,"2026-07-22 08:24:12",7.044,27,lkq669
1534,16086035,WhereAmI,"2026-06-08 06:27:31",7.045,31,jamerrys
1535,15876724,Yeyang,"2026-07-25 06:47:20",7.045,20,"niuzhaohang,yyleaves"
1536,15871281,"Mathurin Ache","2026-07-16 09:09:30",7.048,172,mathurinache
1537,16548469,"suhzh zjjzh","2026-07-22 12:36:23",7.049,25,suhzhzjjzh
1538,16197569,"Justin Kimlim","2026-07-28 06:06:15",7.049,147,justinkimlim
1539,16509575,我脑子不太好,"2026-07-18 11:30:35",7.050,45,demacia1314
1540,15948207,"Bogdan Kovenko","2026-07-27 19:53:44",7.051,21,bogdan355
1541,16047530,Mohib,"2026-07-23 13:07:20",7.051,41,mohib94
1542,16511972,UnfriendlyAI,"2026-07-22 04:50:27",7.052,11,unfriendlyai
1543,16553471,surtr,"2026-07-22 12:16:28",7.052,7,surtr19
1544,15882833,Pruden,"2026-07-16 17:00:17",7.053,7,mohammedm0iz
1545,16462816,peikopon,"2026-07-13 02:52:52",7.054,62,peikopon
1546,16424562,"Le Trong Hieu","2026-07-28 01:29:21",7.054,69,backtracking
1547,16575532,mai_kac,"2026-07-24 17:43:29",7.056,6,maikac
1548,16555420,"Liu Gawa","2026-07-19 23:39:57",7.056,2,liugawa
1549,16498582,galaxyhunter,"2026-07-20 18:01:23",7.058,8,pkharkwal
1550,16059053,TheLightIs,"2026-06-11 23:17:03",7.058,40,thelightis
1551,16517805,Amin,"2026-07-18 00:31:05",7.060,10,aminvafaei
1552,16018689,Canon,"2026-07-19 03:37:26",7.061,39,sotakurihara1
1553,16384177,"Felipe KNBIS","2026-07-27 14:05:28",7.063,76,felipe1983
1554,15944315,FWC,"2026-07-17 01:21:42",7.063,2,yuto2846
1555,16485348,Jet,"2026-07-25 09:33:07",7.064,15,drkongvis
1556,16003318,itsuki-data,"2026-07-18 01:41:38",7.066,13,itsuki89
1557,16293866,"Jonathan Coletti","2026-07-28 02:00:09",7.067,60,jonathanncoletti
1558,16070865,"Filip Strzałka","2026-07-12 15:55:42",7.067,77,snufkin77
1559,15990649,"Niranjan Nakkala","2026-07-14 06:02:18",7.068,4,niranjanmudhiraj
1560,15948463,riicon,"2026-07-23 13:45:47",7.069,4,risakashiwabara
1561,16427356,Ravindra,"2026-07-14 17:25:22",7.069,6,ravi123a321at
1562,15870210,"Santiago Mota","2026-07-16 18:25:22",7.070,9,santiagomota
1563,16510553,EvilCat,"2026-07-17 01:27:55",7.071,7,xianmao
1564,15882028,"Longkun Shi (Candyman)","2026-07-19 16:28:02",7.072,36,"jacksonhuang666,longkunshicandyman"
1565,15880137,Mahdieh,"2026-07-17 13:11:17",7.072,18,mahdiehrezaie
1566,16516073,小林優介,"2026-07-26 16:20:52",7.072,18,yuyupropane
1567,16274146,arai9953,"2026-07-28 03:31:47",7.073,46,arai9953
1568,16257752,Kaito,"2026-07-26 16:06:04",7.074,13,barelystemkun
1569,16544127,"natanel daniel","2026-07-21 03:11:06",7.074,16,nataneldaniel
1570,16561615,BeTitanX,"2026-07-18 06:20:42",7.074,1,betitanx
1571,16007210,"João Victor","2026-07-27 19:39:34",7.074,121,jvlegend
1572,16553090,Kona143,"2026-07-16 17:24:28",7.075,4,kona143
1573,16189325,ihansel,"2026-07-17 22:22:52",7.075,4,ihansel
1574,16531585,NoOneAhead,"2026-07-15 05:24:12",7.075,1,jerrlu
1575,16537775,"LiFeng Wen","2026-07-17 10:38:49",7.075,9,lifengwen
1576,16555186,xloudmax,"2026-07-27 22:01:07",7.076,13,xloudmax
1577,15867827,rakumo,"2026-07-13 23:54:13",7.076,5,sirakumo
1578,16561922,"Master ALY","2026-07-23 11:44:16",7.077,7,masteraly
1579,16307868,CQUPT1,"2026-07-28 06:04:50",7.077,43,"aster219,zhangshuo666"
1580,15904964,"Henry Javier","2026-07-26 22:02:32",7.077,24,henryjavier
1581,16555467,mnonaka3,"2026-07-16 14:21:06",7.077,2,yamatonadeshiko
1582,15934164,NaSH,"2026-07-15 06:06:13",7.078,35,nabilalagi
1583,16263323,"Sasha Sam","2026-07-16 11:33:21",7.078,15,sashasam
1584,16448829,"Jasin Kowk","2026-07-23 17:19:21",7.078,6,"jasinkowk,yunshan1116"
1585,15889495,"Nazmus Sakib","2026-07-14 18:36:49",7.079,62,beyondlogic
1586,16415977,"Vladi Ivanov","2026-07-26 15:59:21",7.079,50,vladi160
1587,16542379,"Mo Xiaoyan","2026-07-16 17:00:03",7.079,4,kathy809
1588,16263374,KmaiY,"2026-07-14 05:04:55",7.079,77,yoshimitsukumai
1589,16543247,"Qiyue Su","2026-07-14 09:30:43",7.080,1,"luoruofei,victoralen"
1590,16133734,"G. Tarun Reddy","2026-07-17 11:32:37",7.080,41,tarunwiz
1591,15869140,那个男人,"2026-07-14 08:08:23",7.082,1,muran169633
1592,16536001,つるげーねふ,"2026-07-25 15:12:19",7.082,14,atom7666
1593,16488571,honjousetuna,"2026-07-25 12:03:01",7.083,24,honjousetuna
1594,16109734,Monsoon233,"2026-07-18 10:02:42",7.083,1,summermonsoon
1595,15883816,"Anh Tuan Ha","2026-07-25 21:41:26",7.083,24,schw1eg0
1596,16223903,"Toru Tokunaga","2026-07-15 06:06:29",7.083,42,tokutoku00000
1597,15866606,chow.stanley,"2026-07-20 08:18:56",7.084,11,chowstanley
1598,16289351,tngmb08,"2026-07-21 14:44:40",7.084,6,tngmb08
1599,16447306,Rmy,"2026-07-17 17:30:53",7.084,2,mekory
1600,16591457,"Les Owen","2026-07-28 02:05:04",7.084,20,hyperacc
1601,16232604,"Kumar Shivansh","2026-07-22 12:07:20",7.084,14,kumarshivansh
1602,15867480,"Maher el Ouahabi","2026-07-28 03:57:31",7.084,62,maherelouahabi
1603,16554300,"Alex #5","2026-07-18 05:43:01",7.085,13,beaujolais
1604,16557297,YeYuhan,"2026-07-17 08:55:19",7.086,2,yeyuhan123
1605,15874349,"Yassine Alouini","2026-07-19 05:02:46",7.086,57,yassinealouini
1606,16548041,AiGaf,"2026-07-15 10:35:17",7.086,2,sugarandmilk
1607,16543741,skurita,"2026-07-28 00:22:47",7.087,22,skthtu
1608,16549396,"TL Team","2026-07-28 09:34:30",7.088,29,"israrahmed919,marya8,muhammadhunainashraf"
1609,16556678,CalamityChasm,"2026-07-20 15:43:07",7.089,10,calamitychasm
1610,16463306,"Miaaa F","2026-07-20 05:05:51",7.089,45,miaaaf
1611,16256275,n_samii,"2026-07-27 08:17:23",7.089,126,nsamii
1612,16380632,"S. Ogasawara","2026-07-26 15:03:36",7.089,19,shinoogasawara
1613,16461793,"Kerem Ercin","2026-07-19 12:25:09",7.089,40,keremercin
1614,16209143,"Ease Gao","2026-07-16 03:43:31",7.090,5,gojay001
1615,16159486,atl132,"2026-07-28 11:33:44",7.091,13,atl132
1616,16368650,"Surya Siva Lakshmi","2026-07-16 05:58:15",7.091,2,suryasivalakshmi
1617,16249373,"glory steady go!","2026-07-10 13:08:01",7.092,30,"marynaborovska,yuriygreben"
1618,16299041,ryo30,"2026-07-15 04:52:43",7.092,17,ryo1218
1619,16592459,"Alex Masss","2026-07-28 02:38:58",7.093,25,sysrank
1620,16422464,"← Checkout My Cat","2026-07-15 02:29:05",7.094,15,haoruili
1621,16398981,"Yuta Tadokoro","2026-07-20 14:16:31",7.095,31,yutatadokoro
1622,16394979,"Adrian Mrozowski","2026-07-15 17:33:44",7.095,1,adrianmrozo
1623,15951290,"Ali Bauyrzhan","2026-07-15 19:10:22",7.096,29,alibauyrzhan
1624,15877724,Panos,"2026-07-14 08:51:11",7.096,26,panosc
1625,16595403,"Richard Li873210","2026-07-28 02:16:59",7.096,86,"richardli873210,umcolin,zhuqikai"
1626,16543810,rn8205,"2026-07-14 14:00:45",7.097,1,rn8205
1627,16190244,yayaya,"2026-07-14 18:29:53",7.097,7,iromao
1628,16414193,DataLover,"2026-07-16 12:35:29",7.097,20,paulknidler
1629,16441201,doi,"2026-07-16 07:55:38",7.097,1,doit6283
1630,16440503,Sameerk,"2026-07-16 10:05:00",7.098,9,sameerk2004
1631,16058391,maco-macoo,"2026-07-18 16:39:19",7.098,86,macomacoo
1632,16252164,fsun,"2026-07-21 07:52:58",7.099,41,franksunp
1633,15969809,TommyPhan4848,"2026-07-17 13:52:27",7.099,2,tommyphan4848
1634,15866421,F.A.Nina,"2026-07-09 04:21:06",7.099,54,nina2025
1635,16482003,"Deenadayalan Kuravar","2026-07-23 17:24:18",7.100,4,deenadayalandms
1636,16542414,dmainf,"2026-07-19 10:54:37",7.101,7,dmainf
1637,16206893,"Muyassar Abdullah","2026-07-14 05:25:32",7.101,34,muyassarabdullah
1638,16235695,JYA,"2026-07-15 04:34:08",7.102,39,yaojixing
1639,16564125,Meowmet,"2026-07-26 02:27:34",7.102,17,meowmet
1640,15951792,CurveCowboy,"2026-07-11 18:43:07",7.102,33,curvecowboy
1641,16451567,"Hemanth Kumar_Thamada","2026-07-14 09:32:59",7.102,4,hemanthkumarthamada
1642,16430144,MoZayed,"2026-07-22 00:15:51",7.102,8,mohamedzayedahmed
1643,16191137,"weihao huang2004","2026-07-23 07:50:46",7.102,24,weihaohuang2004
1644,16532341,RAJNISH1419KUMAR,"2026-07-19 16:25:59",7.103,2,rajnish1419kumar
1645,16450993,"Michael #2","2026-07-13 01:14:47",7.103,23,mantropic2005
1646,16549372,ayda_zhang,"2026-07-22 09:59:20",7.103,13,aydazhang
1647,16541996,SANNNNN,"2026-07-15 02:30:42",7.103,2,zuhairsan
1648,16588694,"Silver Collectors","2026-07-27 11:03:28",7.103,5,orangger
1649,16543697,"Muhammad Dawood","2026-07-16 13:10:32",7.104,7,muhammaddawood1234
1650,15863884,grifth,"2026-07-12 12:27:32",7.104,3,grifth
1651,16534920,Miz,"2026-07-19 11:26:28",7.104,13,ryota040
1652,16551428,haodou092,"2026-07-17 13:20:55",7.106,1,haodou092
1653,15933047,kmn,"2026-07-23 17:09:25",7.106,45,kmatsu01
1654,16570026,"Lunegov Ivan","2026-07-20 17:15:54",7.106,3,cvvcvccvvcvc
1655,16311331,NonCaffeine,"2026-07-18 07:01:43",7.106,1,noncaffeine
1656,16466161,kirill57678,"2026-07-21 11:06:37",7.107,43,kirill57678
1657,15994144,"Yuka,Ota","2026-07-27 14:01:58",7.108,22,yukaika
1658,15879891,HideBu,"2026-07-14 12:17:39",7.109,4,hidebu
1659,16444651,FuMingzhi,"2026-07-16 10:00:42",7.109,3,fummyz
1660,16407280,"KaNo ChiNaTsu","2026-07-14 08:29:51",7.110,8,cche0214
1661,16536567,"firat yavas","2026-07-18 13:54:02",7.111,15,firatyavas
1662,16043184,Nanettetada,"2026-07-16 05:39:54",7.111,26,nanettetada
1663,15919593,"Aditya Kar","2026-07-03 09:50:44",7.111,15,karadi1997
1664,15997570,"Eugene Medvedev","2026-07-12 19:24:26",7.112,4,medvedew
1665,16237780,"Haruto Kuroda","2026-07-16 08:43:32",7.112,4,harutokuroda
1666,16591783,Christ,"2026-07-28 02:31:42",7.112,25,vibeml
1667,16255394,xuwuu,"2026-07-17 09:56:32",7.114,3,lovemaid
1668,16553130,NineThree,"2026-07-21 07:30:03",7.114,18,xiaoazuzong
1669,15922022,Vish,"2026-07-15 09:33:37",7.114,8,vishhvaksrinivasan
1670,15997109,BJBA99,"2026-07-13 02:48:53",7.115,9,bjba99
1671,16435231,vadek,"2026-07-13 21:47:18",7.116,9,panteleevvadim
1672,15919065,"Mehdi Boumiza","2026-07-12 00:23:12",7.116,2,mehdiboumiza
1673,16118879,Quincy_Chang,"2026-07-18 05:11:35",7.117,53,quincychang
1674,16533489,"Matthew Snyder","2026-07-16 03:45:54",7.117,5,matthewsnyder
1675,16393258,Guowenyuan,"2026-07-26 10:05:47",7.117,45,gwey1025
1676,16428302,sefixnep,"2026-07-19 18:56:25",7.118,12,sefixnep
1677,16044615,hydrogenbonds,"2026-07-26 03:48:50",7.118,80,jeffreyntse
1678,15864621,Stochastic,"2026-07-16 06:53:02",7.119,20,ashok205
1679,16251271,Akabecos,"2026-07-27 11:59:31",7.120,22,hkthbk
1680,16053842,"Bihani Bros.","2026-07-26 21:56:07",7.120,72,"abhishekdbihani,anuragbihani"
1681,16539235,ush,"2026-07-14 14:58:50",7.120,6,kusuha
1682,16532642,WestLakeDiver,"2026-07-17 15:39:29",7.120,10,chenyuheee
1683,16018441,"a little fat","2026-07-17 07:13:13",7.121,33,wulixuejia12
1684,16239471,MBOOK,"2026-07-25 16:38:52",7.121,68,johnlemon3
1685,15894791,Hellboy,"2026-07-27 04:17:39",7.122,94,helmirinaldi
1686,16490703,underline12311,"2026-07-16 23:14:08",7.125,10,underline12311
1687,16152506,Mandel,"2026-07-12 14:05:01",7.125,7,mandelxu
1688,15927973,2115,"2026-07-27 15:08:35",7.125,6,"kuatramazanov,vladimirguz,vladkotlyarov"
1689,15865255,"Rishabh sharma","2026-07-25 19:00:08",7.126,128,rishabhsharma78
1690,16026867,forest2026,"2026-07-24 11:31:32",7.126,17,forest2026
1691,16444076,"Omkar Salunke","2026-06-27 17:34:07",7.127,1,omkarmb
1692,16445145,Ojutai,"2026-07-15 11:04:54",7.127,4,ojutai
1693,16491721,"Maksim Borisov","2026-07-08 18:47:59",7.127,13,ma4ypic4y
1694,16334274,interneuron,"2026-07-18 04:00:51",7.127,47,interneuron
1695,16533703,"Aswin Vinod","2026-07-15 16:41:30",7.127,7,ashkaggle1122
1696,16591489,Dennislin,"2026-07-28 02:10:54",7.129,25,dlbyte
1697,16045155,Mathemortician,"2026-07-13 22:56:09",7.129,2,mathemortician
1698,16591421,Yuranan,"2026-07-28 01:57:21",7.130,20,opscfg
1699,15873114,Troy_xx,"2026-07-22 04:03:19",7.130,59,troyxx
1700,16500087,"Sergey Burik","2026-07-12 13:31:26",7.130,9,sergeyburik
1701,16552230,ademicho123,"2026-07-26 20:01:51",7.130,7,ademicho123
1702,16245217,"Mohammad Fateminia","2026-07-15 12:53:34",7.132,23,matrixamp
1703,16548783,SaTa,"2026-07-16 05:18:45",7.133,3,masa55taka
1704,15876981,justinlamlamlam,"2026-07-15 11:56:14",7.133,19,"eugenelam1,justinlamlamlam,kebenny"
1705,15894687,"Dmitry Kozlov","2026-07-13 00:00:37",7.133,89,dkozlov
1706,16534570,nico,"2026-07-14 00:47:38",7.134,9,sznico
1707,15889935,islet,"2026-07-26 05:02:42",7.136,201,kojimar
1708,15928111,"Gaétan Forestier","2026-07-11 08:48:35",7.136,40,gatanforestier
1709,15952387,OsamaSarhan,"2026-07-10 21:24:37",7.138,1,osamasarhan
1710,16416542,"Paul Pawletta","2026-07-17 18:13:39",7.138,14,paulpawletta
1711,16092732,"Roy Segalz","2026-07-23 06:50:50",7.139,49,roysegalz
1712,16307475,Richie,"2026-06-22 01:25:07",7.139,28,starringo
1713,16278931,"Eva Nastase","2026-07-21 20:05:40",7.139,106,evanastase
1714,16050348,Rheinmetall,"2026-07-28 07:10:42",7.139,57,rheinmetall
1715,16267359,Dna,"2026-07-12 08:13:10",7.140,3,gygyygygy
1716,16412190,Nnneptune888,"2026-07-16 08:51:52",7.141,2,nnneptune
1717,16012228,SeaEag1e,"2026-07-18 02:39:08",7.143,10,seaeag1e
1718,16396355,"Maryam Tahir","2026-07-12 04:23:17",7.143,6,maryamtahir09
1719,16266753,kamesato,"2026-07-14 06:25:16",7.144,11,kamesato
1720,16560156,"Haoyi Zhang","2026-07-28 02:21:33",7.144,21,haoyiiii
1721,16537318,ZiMiao,"2026-07-17 06:47:47",7.147,3,z1m1ao
1722,16278936,jwenwu,"2026-07-12 13:55:53",7.147,16,"dimbaby,jwenwu"
1723,16339870,hatakazu93,"2026-07-13 04:23:06",7.147,25,hatakazu93
1724,16591757,"jason lea","2026-07-28 02:23:29",7.147,25,sparkllm
1725,15868161,"Van-Phuc Huynh","2026-07-17 18:31:08",7.150,49,hvanphucs112
1726,16304121,Bernardus,"2026-07-19 17:28:27",7.153,63,bernubritz
1727,16514363,Kaileh57,"2026-07-15 00:04:47",7.155,9,kaileh57
1728,16558753,"Haotian lv","2026-07-17 09:46:50",7.156,1,lightovo
1729,15893485,"Abdul Wahab Khan","2026-07-11 11:06:00",7.156,8,abdulwahab2321
1730,16399736,Hairet,"2026-07-24 08:42:11",7.157,10,chcsh21
1731,15897577,cocoaAI,"2026-07-27 23:55:41",7.157,79,cocoaai
1732,16375802,"Quey Stanle","2026-07-09 08:46:05",7.158,32,queystanle
1733,16589058,HCK3,"2026-07-28 01:44:05",7.159,53,"gptdev,jaytcr7"
1734,16445534,"Zac Plischka","2026-07-01 04:14:29",7.160,16,zacplischka
1735,16467186,"Egor Tkachenko","2026-07-23 20:45:44",7.160,36,egortkachenko
1736,16584485,XuananTao,"2026-07-28 02:14:48",7.162,101,"fujingwen1375,kalidta,zhangling54"
1737,16506893,zlsama,"2026-07-15 06:01:56",7.162,20,zlsama
1738,16591404,"zhichen yang","2026-07-28 01:51:17",7.163,20,clipcode
1739,16250938,Jokrasa,"2026-07-06 02:17:32",7.164,32,jonaskreutz
1740,16296871,"Shivansh Rana","2026-07-13 06:37:46",7.164,3,shivanshcoding
1741,16212138,"Mukesh Patil","2026-07-23 13:31:54",7.164,26,speedforceyt
1742,15872498,tethdhdjd,"2026-07-05 23:15:04",7.165,68,"tethdhdjd,theunforgiven7"
1743,15875220,"Nawfeel Rahman","2026-07-22 14:34:08",7.165,23,nawfeelrahman1124444
1744,16259494,Shuya_Akaki,"2026-07-27 15:57:34",7.166,7,shuyaakaki
1745,16125235,"shogo aso","2026-07-18 13:14:09",7.166,27,shogoaso
1746,16475804,"Kadouci Abdelhak","2026-07-15 10:47:49",7.166,3,kadouciabdelhak
1747,16541010,Siontist,"2026-07-27 09:53:22",7.168,15,timothyossowski
1748,16260621,"Muhammad Ibrahim Qasmi","2026-06-21 18:36:55",7.168,33,ibrahimqasimi
1749,16590100,"Xuanhui Chen","2026-07-27 16:08:58",7.168,13,lxuanhuichen
1750,16601331,"Chengwei Sun","2026-07-26 10:43:03",7.168,5,chengweisun
1751,16509722,Nikolenko_Sergei,"2026-07-12 16:52:55",7.169,11,nikolenkosergei
1752,16374733,YangAoTian,"2026-06-30 08:01:25",7.169,13,yangaotian
1753,15932962,showtree,"2026-07-28 02:53:01",7.170,30,"lh123463,showtree"
1754,16043556,"MOURYA ARNEPALLI","2026-07-09 03:33:12",7.170,32,mouryaarnepalli
1755,16558441,"Manas Rajan Pandya","2026-07-17 16:03:47",7.170,1,manasrajanpandya
1756,16322162,eblab,"2026-07-07 14:21:39",7.172,48,"aloooooooogusername,wstdddsz,yifeizhao888,yufanwenshu,z1493916656"
1757,16295939,"Reyhan Ksatria","2026-07-07 05:01:29",7.173,4,reyhanksatria
1758,16592465,"Stcey Cong","2026-07-28 02:40:51",7.173,20,loopide
1759,15880574,"Panger Xiao","2026-07-18 01:47:40",7.176,5,xiaopanger
1760,16022859,cherish_zhang,"2026-07-01 08:12:42",7.176,8,cherishzhang
1761,16424451,"Iman Singh","2026-07-09 02:30:38",7.177,11,imansingh12345678
1762,16260925,Abra,"2026-07-19 10:24:18",7.177,55,dragoshh1984
1763,16483577,"Feargal O'Sullivan","2026-07-04 13:19:25",7.178,2,feargalosullivan
1764,16538159,"Techatat Kaewpech","2026-07-17 19:08:00",7.178,8,techatatkaewpech
1765,16089222,hujile,"2026-07-08 06:49:27",7.178,14,hujile
1766,15865057,GeoSLAM,"2026-07-12 17:46:48",7.178,134,iwilldoit
1767,16107642,ILOVEPLAYINGCS2,"2026-07-21 08:31:07",7.179,8,"dicksimon,shawnpanxiaoyang"
1768,16292956,I.GNANESWARA,"2026-07-22 19:51:50",7.182,61,ignaneswara
1769,16440168,SuXin,"2026-07-11 12:21:00",7.184,2,hitsuxin
1770,16496938,"Tiago Mazzutti","2026-07-24 00:07:40",7.185,12,profmazzutti
1771,15865176,Pascal,"2026-07-20 03:26:36",7.186,73,pascalledesma
1772,16239686,"Alex Klos","2026-07-20 11:55:01",7.186,21,klosalex
1773,16413982,"Chunlai Li","2026-07-03 12:10:30",7.186,2,lichunlai123
1774,16279688,"Zhen Liu","2026-07-14 09:51:36",7.190,78,allensmithgodlike
1775,16101791,Blue,"2026-06-24 14:57:46",7.190,3,liulufighting
1776,16445282,takuro_c6cc,"2026-07-07 11:59:45",7.190,11,takuroterui
1777,16480843,"Junxiao Yang","2026-07-09 07:47:16",7.190,19,junxiaoyang
1778,15999336,puku1304,"2026-07-23 03:53:05",7.190,64,puku1304
1779,16491120,srtk_yadav,"2026-07-24 15:27:38",7.191,10,srtkyadav
1780,15870581,da_pond,"2026-07-18 08:15:13",7.191,7,dapond
1781,16464379,"KELI kekeli christ","2026-07-02 22:18:44",7.191,9,kelikekelichrist
1782,16392406,Aevion-Labs,"2026-07-21 16:16:14",7.191,55,aevionlabs
1783,16042837,kosei1701,"2026-07-23 06:51:57",7.192,124,kosei1701
1784,16449076,"Eslam Elzamkan","2026-07-06 02:51:23",7.193,12,eslamelzamkan
1785,16210803,IHateNeuroGolf,"2026-07-27 22:31:47",7.194,51,alvinli0412
1786,16428896,zoro,"2026-06-28 00:53:27",7.194,9,vyankteshdwivedi
1787,16275169,WQAAAA,"2026-07-14 14:47:03",7.194,36,wqaaaa
1788,15928611,Katybalds,"2026-07-23 00:23:32",7.194,71,"edwindt,jerryv69"
1789,16233762,"Sasha Turutin","2026-07-26 11:02:11",7.194,85,alturutin
1790,16310938,zoeyoung,"2026-07-18 17:25:10",7.194,59,zeoyoungy
1791,16465189,wslllll,"2026-07-14 03:45:14",7.194,9,wslllll
1792,16131140,owl,"2026-06-23 12:53:18",7.195,31,yaroslav2710
1793,16255081,"Renuka Shanmugam","2026-06-29 08:46:22",7.195,10,s22renuka
1794,16551538,pipi14ramu,"2026-07-27 02:32:58",7.196,11,pipi14ramu
1795,16093974,Minerjirou,"2026-06-23 16:27:39",7.196,27,minerjirou
1796,16422657,"Sapiens Livre","2026-06-27 02:38:22",7.196,14,sapienslivre
1797,15974363,M.Nguele,"2026-06-24 18:11:35",7.198,21,angelisnguele
1798,16335149,zouxiaofeng,"2026-07-20 12:49:42",7.199,1,zxfhhl123
1799,16494586,"Jordi Rigau","2026-07-09 10:52:24",7.199,1,jordirigau
1800,16082300,ujwal_19,"2026-06-22 16:13:52",7.200,4,ujwal19
1801,16093906,"Gain John","2026-06-25 20:24:34",7.200,31,gainjohn
1802,16036398,Nozprod,"2026-07-27 09:40:51",7.200,27,nozprod
1803,16370714,Secret333,"2026-07-10 03:45:13",7.200,4,secret333
1804,16104178,"Jamie Nojek","2026-07-05 20:19:02",7.201,67,jamienojek
1805,16392032,hygseo,"2026-07-10 07:16:29",7.201,11,hygseo
1806,16449255,EricYHS,"2026-07-08 00:43:12",7.201,19,ericyhs
1807,16439255,"Abhinav Meshram ","2026-06-30 16:42:21",7.201,10,abhinavmeshram
1808,16149329,rumbling_b,"2026-07-10 21:34:44",7.203,21,rumblingb
1809,16358128,"Akira Hirohashi","2026-07-02 14:12:12",7.203,6,akirahirohashi
1810,16498056,"Nake Kahlon","2026-07-08 19:10:51",7.204,7,nakekahlon
1811,16369106,"Xuân Trường Phạm","2026-06-25 17:46:50",7.204,11,xuntrngphm
1812,16385497,nanfeidexumu,"2026-07-02 05:28:49",7.204,1,nanfeidexumu
1813,16549807,Gnanan,"2026-07-16 12:35:21",7.205,1,gnanan
1814,16252151,K2.Tokyo,"2026-07-09 04:39:58",7.205,4,learningbeastkk
1815,16267675,madmax0404,"2026-07-27 12:31:03",7.205,32,max6296
1816,16285911,chunsuri,"2026-07-11 03:57:51",7.205,17,chunsuri
1817,16589119,"Deng Tao","2026-07-28 01:46:52",7.206,25,dasktau
1818,16594108,"ZHONGHAO PANG","2026-07-27 17:36:37",7.206,13,zhonghaopang
1819,16434884,Shardul,"2026-07-04 11:56:20",7.206,28,iamsharduld
1820,16395949,Arziva1,"2026-07-13 21:42:56",7.206,12,arziva1
1821,16282004,maureliusz,"2026-07-19 06:35:56",7.207,18,maureliusz
1822,16454254,Abdourist,"2026-07-04 15:38:26",7.207,5,abdoubenromdhane
1823,16057297,Kagamihara,"2026-07-26 04:38:50",7.207,107,kagamihara
1824,16467990,"Ryosuke Shiroshita","2026-07-03 15:50:36",7.207,7,ryosukeshiroshita
1825,16455953,"Nanda Kishore 14","2026-07-26 08:07:08",7.208,43,nandakishore14
1826,16053290,轨迹,"2026-07-12 04:11:31",7.209,5,kaidaokid
1827,16475337,VaibhavKanojia3773,"2026-07-08 16:55:27",7.209,3,vaibhavkanojia3773
1828,16273378,"Yuminosuke Sato","2026-06-24 03:25:49",7.210,19,yuminosukesato
1829,16480234,k594676,"2026-07-03 06:37:33",7.210,1,k594676
1830,16368995,"Ramana Prabhu Sana","2026-07-03 15:20:58",7.210,49,ramanaprabhusana
1831,16475138,"Mohammed Almadhoun","2026-07-11 19:40:05",7.210,13,mohammedalmadhoum
1832,16402805,"Myckel Uribe","2026-07-10 14:41:19",7.210,38,myckeluribe
1833,16246224,kishizaki-sci,"2026-07-27 21:34:17",7.210,25,superstringdev
1834,16444451,"Perminov Matvey","2026-07-05 00:43:06",7.210,8,mperminiov
1835,16409027,"Alexander #2","2026-07-11 20:50:45",7.210,3,cheeec0
1836,16112546,"Arnav Mishra","2026-07-27 10:38:01",7.210,61,"arnavmishra02,giovannyrodrguez"
1837,16196198,BIT_Guber,"2026-07-20 12:12:45",7.210,63,bitguber
1838,16093806,Alan_Nasibullin,"2026-07-26 14:38:11",7.211,85,"asdasdsadasdsasdasd,ertrerhtytmnbdsefdw"
1839,16368598,AM,"2026-06-20 22:44:16",7.211,22,adammekky
1840,16434512,Shameer.k,"2026-06-28 03:45:37",7.212,1,shameersham
1841,16441145,"cookie kuro","2026-07-13 05:13:54",7.212,30,cookiekuro
1842,16320275,胡萝卜,"2026-07-11 04:39:03",7.212,3,carrotvc
1843,16487790,"Saurabh Maurya","2026-07-13 17:52:46",7.212,11,saurabhmaurya63
1844,16404505,"Charles WangMingxi","2026-07-17 05:37:46",7.214,67,charleswangmingxi
1845,16268904,Handudu,"2026-06-22 04:35:57",7.215,8,handudu
1846,16121049,"Kirill Bobylev","2026-06-22 17:08:17",7.215,13,kirillbobylevdm
1847,16098658,nxank4,"2026-07-01 10:08:07",7.215,13,anmatngu
1848,16411217,Wu-panda,"2026-06-23 10:46:23",7.215,2,wupanda
1849,16588047,strike,"2026-07-28 02:57:49",7.216,11,nicolia
1850,16428329,"Yan Hu","2026-07-01 01:15:23",7.216,28,icyskyhy
1851,16406261,GGBYYDS,"2026-06-24 09:07:31",7.216,2,ggbyyds
1852,16468645,zhangjiaweii,"2026-07-18 15:28:40",7.216,9,zhangjiaweii
1853,15945353,"Seikan Suzuki","2026-07-13 22:34:04",7.217,143,seikansuzuki
1854,16317442,"Nabid Nur","2026-07-01 15:00:03",7.217,9,nabidnur
1855,16418511,隆帝征,"2026-06-28 07:23:18",7.217,20,thans7
1856,16061994,insuperabilehart,"2026-07-18 13:23:50",7.217,14,insuperabile
1857,16501038,Rabe,"2026-07-09 22:31:59",7.217,11,rabegf
1858,16510206,"YI-EN FANG","2026-07-11 14:56:56",7.218,2,yienfang
1859,16595365,YUYA,"2026-07-26 14:00:39",7.218,4,yuyaizumikawa
1860,16449337,"Daiki Fukuda","2026-07-13 08:35:19",7.218,10,daikifukuda
1861,15865705,"YERMES AMINE","2026-07-19 10:08:37",7.218,40,yermes
1862,16413211,a-min,"2026-07-06 17:48:55",7.218,39,arminmonecke
1863,16213380,Kendamarron,"2026-07-26 05:32:46",7.219,61,kazuhirokuriyama
1864,16228643,"well well well","2026-07-28 00:34:38",7.219,47,"cj103cj,ihiratch,nryosukeans,yuu2704"
1865,16209388,Hami-Melon,"2026-07-13 22:10:07",7.219,12,cvkunkun
1866,15870748,sukirman,"2026-06-21 11:44:47",7.219,51,rakbidb
1867,16506605,Calaweh,"2026-07-27 12:57:48",7.220,33,likhuiwee
1868,16373267,"louie lau","2026-07-17 03:49:28",7.220,10,"louielau,yx69696"
1869,16267631,"AYAKA O","2026-07-07 14:58:58",7.221,29,aokita
1870,16201579,"Hire me pls","2026-06-19 21:31:46",7.222,2,nickpudovkin
1871,16576529,"Kirill Labzin","2026-07-27 20:27:19",7.222,36,"ga5534,kirilllabzin,rasdafar"
1872,16388415,"Anurag Roy","2026-07-25 06:03:21",7.222,4,binarybeast880
1873,15866599,"Enric Domingo","2026-06-20 00:30:15",7.222,36,edomingo
1874,16299681,"Mendrika Ramarlina","2026-07-02 21:00:23",7.223,10,ramarlina
1875,16024853,"Shubham Mulay","2026-06-20 12:06:35",7.223,28,sshubham16
1876,16425983,newbyy,"2026-06-24 10:02:35",7.223,1,newbyy
1877,16394157,"Ruben M.","2026-07-11 18:24:08",7.223,20,rubenmoha
1878,16375788,Yurinchi,"2026-07-27 20:33:06",7.223,53,plandic
1879,16244138,mercury12512,"2026-06-27 05:22:23",7.223,26,mercury12512
1880,16450986,"Yash Gurjar","2026-07-05 10:20:52",7.224,6,yashgurjar09
1881,16392718,"Rezlytix Technologies","2026-06-26 16:10:18",7.224,22,rezlytixtechnologies
1882,16032707,"Silvan Müller","2026-07-03 11:04:33",7.224,4,silvanmller
1883,16270377,Santhana,"2026-07-26 23:06:15",7.225,78,santhanalekshmic
1884,16116123,"xiangkai Tang","2026-07-11 11:07:55",7.225,41,xiangkaitang
1885,16337844,"Mikołaj Kurtyka","2026-07-01 09:45:14",7.225,15,mikoajkurtyka
1886,15866717,Lemons,"2026-07-16 19:37:06",7.226,4,takahiromatoba
1887,16337270,"Jia Hao Cheong","2026-06-27 06:07:52",7.226,29,cheongjiahao
1888,15911805,gosu.Kouts,"2026-07-01 14:11:28",7.226,114,gosukouts
1889,16301135,GaoSu0715,"2026-07-06 23:58:26",7.226,69,gaosu0715
1890,16247988,tekitouda777,"2026-07-21 16:26:45",7.226,131,tekitouda777
1891,16409118,"Shrey Mittal","2026-07-27 20:40:42",7.228,21,shreymittal0704
1892,16384275,OTT,"2026-07-26 08:24:26",7.228,8,"kuojenwei,kuyiting,linkuanyu1205,sanren810166"
1893,16508143,strawberrytree,"2026-07-20 21:52:20",7.228,23,strawberrytree
1894,16107342,"Muhammad Ahmed Riaz","2026-06-27 05:54:08",7.229,21,herobrine330317
1895,16049818,l2658183739,"2026-07-09 14:26:28",7.229,89,l2658183739
1896,15927365,UGK,"2026-06-23 11:12:20",7.229,27,meguru07
1897,16511960,"Changye Li","2026-07-23 08:31:02",7.229,16,antoinegg1
1898,15970984,zzzzzzz,"2026-07-24 00:02:20",7.230,22,zfang331
1899,16070527,KotaKagatsume,"2026-07-03 02:00:58",7.230,28,kotakagatsume
1900,16373847,"Kulaphong J.","2026-06-24 16:28:06",7.230,2,kulaphong
1901,15872010,fuad,"2026-07-26 11:35:02",7.231,148,fuadmuhammad
1902,16003537,"Yoshinori Sato","2026-07-27 21:46:29",7.232,24,yosynory
1903,16435206,"Ruslan Akhmetov","2026-06-29 06:21:00",7.232,6,ecolla999
1904,15873460,Sypher_S,"2026-06-28 07:59:57",7.233,6,syphers
1905,16444639,lemon1219,"2026-07-09 07:07:03",7.233,28,lemon1219
1906,15866796,Arun,"2026-07-08 05:05:42",7.233,41,wasbornlazy
1907,15986700,Weifenhuan,"2026-07-14 09:55:02",7.233,15,"schwa6,songwenzheng666,tuduidui"
1908,16512422,有田,"2026-07-12 06:30:34",7.233,8,halsky
1909,15950210,"Tushar #2","2026-07-04 08:18:48",7.233,1,tushartalukder
1910,16254553,akahane,"2026-07-27 21:22:38",7.234,38,shuheiakahane
1911,16489029,KakuTakagawa,"2026-07-05 08:55:58",7.234,1,kakutakagawa
1912,16432933,cx,"2026-06-29 16:21:03",7.234,6,cxphoebe
1913,16268829,"Arizal Muluk","2026-07-14 09:48:07",7.234,8,arizalfirdaus123
1914,16483690,jmatsukuma,"2026-07-28 00:07:44",7.235,24,jmatsukuma
1915,16398638,Reanix,"2026-06-20 04:51:16",7.235,1,reanix
1916,16379381,arman1o1,"2026-07-27 17:05:58",7.235,17,arman1o1
1917,16357276,white_guo,"2026-06-22 10:35:35",7.235,16,whiteguo
1918,15864814,wpl,"2026-06-28 07:02:19",7.235,26,peilwang
1919,16487394,"Benedek Dóra","2026-07-06 19:04:41",7.236,4,benedekdra
1920,16135967,"Alan Scott Encinas","2026-07-21 06:31:28",7.236,20,encinas88
1921,16402981,S.Fujimaki,"2026-07-03 06:33:45",7.236,14,sfujimaki
1922,15881932,"Kita Renji","2026-06-27 21:52:34",7.236,7,champpattara
1923,16147465,minhtu.mt.mt,"2026-07-21 09:20:19",7.236,26,minhtu123
1924,16509986,"Han-Tang Chen","2026-07-13 11:47:21",7.237,8,hantangchen
1925,16424852,shawloong,"2026-06-26 03:17:53",7.237,2,shawloong
1926,16104177,"Roman Stupin","2026-06-26 19:55:47",7.237,13,rcnegby
1927,16396571,"Marcus Henriksboe","2026-07-28 00:45:24",7.238,14,marcushenriksboe
1928,15869200,"feng sui","2026-07-10 08:29:30",7.238,9,fullmagic
1929,16451281,mahiro,"2026-07-07 07:31:47",7.238,20,mahiroyoshie
1930,16508142,"Minchul Shin","2026-07-18 17:23:53",7.238,34,nashory
1931,16432048,bbb,"2026-07-06 15:16:47",7.238,20,sakeke
1932,16070914,ZhangJunwei,"2026-06-21 02:08:15",7.239,40,zhangjunwei868
1933,16497915,AravG97,"2026-07-23 17:53:21",7.239,27,aravg97
1934,16407760,techtech69,"2026-07-27 12:09:22",7.239,40,techtech69
1935,16438508,²²n,"2026-07-04 16:42:53",7.239,7,z0x0zn
1936,16425968,"SAMOILOV MIKHAIL","2026-06-24 14:18:12",7.239,1,samoilovmikhail
1937,16089208,JOJO,"2026-06-23 12:44:35",7.240,1,yolo1996
1938,15864295,Aly-mohamed,"2026-06-29 17:22:19",7.240,135,alynofal2011
1939,16445006,yuhas0726,"2026-07-16 14:10:13",7.240,25,yuhas0726
1940,16399626,reeddotaer,"2026-06-28 06:17:38",7.241,4,liguochen
1941,16324249,titanascended,"2026-07-07 01:08:25",7.241,16,itsyuvrajsharma
1942,16239081,"Meet Tilavat","2026-06-19 10:05:09",7.241,16,meettilavat
1943,16400875,tadamono,"2026-07-03 02:31:21",7.241,6,tadamono
1944,16155085,"Jack Cerion","2026-06-28 03:25:52",7.241,26,jackcerion
1945,16003088,"[Wildberries T&S]","2026-06-20 19:55:40",7.242,46,sleep3r
1946,16324543,umakuchi_shoyu,"2026-07-05 15:13:04",7.242,4,yamaguchi426
1947,15869166,"sixer srinath","2026-07-24 14:45:03",7.242,32,srinath2495
1948,15864527,"Moroz Roman","2026-06-27 10:53:30",7.243,16,crissyro
1949,16472118,a5fann,"2026-07-03 07:43:16",7.243,3,a5fann
1950,16439543,mmagellan,"2026-07-16 06:02:50",7.244,21,mmagellan
1951,16153976,binhvnu,"2026-07-08 18:49:32",7.244,4,binhvnu
1952,16386614,T.Kawahara,"2026-07-24 04:21:27",7.244,9,kawaharataishi
1953,16258692,hi,"2026-07-26 12:50:19",7.244,14,yuryaleksin
1954,16590177,"Denise Mo","2026-07-28 01:49:14",7.245,45,"maskgen,xinyiluo668"
1955,16495610,SwastikaSahu03,"2026-07-10 18:21:59",7.245,7,swastikasahu03
1956,16205099,"Shahzeb Umer","2026-07-11 06:28:09",7.245,17,umershahzeb
1957,16282236,"Carson Builds","2026-07-16 23:02:24",7.246,35,zmcddn
1958,15927991,"[Deleted] 68b9ae9f-7339-4912-8708-5e4ab184508c","2026-06-19 19:16:44",7.246,76,del=d11a993744c492c4
1959,16489158,"Shunsuke Kurita","2026-07-06 12:10:52",7.246,5,shunsukekurita
1960,16344583,"Marc Donovici","2026-07-06 17:51:55",7.246,7,marcdonovici
1961,15875194,"Satkar sarvankar","2026-07-04 09:51:14",7.247,3,satkar003
1962,16483081,"Yanning Dai","2026-07-06 12:47:26",7.247,5,yanningdai
1963,16314200,"alessio mezzina","2026-07-09 11:05:28",7.247,52,alessiomezzinaaa
1964,16032826,TK256,"2026-07-28 07:25:52",7.248,13,tk256ailab
1965,16472975,らむはち,"2026-07-04 04:50:00",7.248,1,ramhachi888
1966,16238544,JAEMIN,"2026-07-09 01:35:11",7.248,39,jaemin3404
1967,15931213,RicardoLópez,"2026-07-22 14:39:35",7.249,34,richi2489
1968,15865592,knac,"2026-06-24 15:16:23",7.249,3,keinakamura
1969,16485248,tani46,"2026-07-11 08:32:19",7.249,2,tani46
1970,16383065,"Yunus Emre Sarıduman","2026-07-27 06:53:45",7.249,12,emresariduman
1971,15889566,BhargavaAbhi,"2026-07-03 10:06:15",7.249,13,bhargavaabhi
1972,16309093,"Zelin Huang","2026-06-24 03:39:08",7.249,3,blueshyy
1973,15870721,CodeXD,"2026-07-04 01:15:50",7.250,43,seeingtimes
1974,15976986,vitaliistarr,"2026-07-13 10:36:32",7.250,20,vitaliistarr1290
1975,16397906,"Furqan yaqub Khan ","2026-07-15 04:41:44",7.250,20,furkaan309
1976,16150088,"Lazy Bandit","2026-07-06 05:06:39",7.250,14,lazybandit
1977,16050411,"RISALAT LABIB","2026-06-27 17:58:07",7.250,19,risalatlabib
1978,15889558,Karthik,"2026-07-11 07:15:12",7.250,43,karg14
1979,16221885,"Mumtahina Ambrin","2026-06-29 04:24:46",7.251,16,mmummmm
1980,15893048,PYK0409,"2026-07-10 00:51:28",7.251,48,pyk0409
1981,16394408,"Darren Amadeus Martin","2026-07-03 05:03:24",7.251,3,darrenamadeusmartin
1982,16429293,NabeelMoin,"2026-06-28 02:56:51",7.251,8,nabeelmoin
1983,16487080,"[Deleted] ac2b3e8f-3395-4338-af19-df472724ed70","2026-07-06 18:05:03",7.251,3,del=9ab3e1420ebaee89
1984,15868340,Samsay24,"2026-06-26 09:37:12",7.251,10,samsay23
1985,15874052,TroyNson,"2026-06-23 06:15:56",7.252,37,toychobkitchakarn
1986,16080127,Syhhhhhhhhhhhh,"2026-07-13 05:58:42",7.252,36,syhhhhhhhhhhhh
1987,15970323,"Alyce Miki","2026-06-24 18:04:10",7.252,9,alycemiki
1988,16428850,Efthimios,"2026-07-27 07:24:35",7.253,22,efthimiosfousekis
1989,15863855,"Marcus Vinicius","2026-06-28 14:50:19",7.253,21,marcux777
1990,16302593,GOSS,"2026-06-26 13:21:32",7.253,2,gossan
1991,16535712,BenjaminAaron,"2026-07-14 00:29:51",7.253,6,"benjaminaaron,hclzxk"
1992,16273193,Panmelon,"2026-07-06 07:21:17",7.254,22,panmelon
1993,15865150,"Irving Ernesto","2026-07-14 01:28:01",7.254,20,thermostatic
1994,16404703,"Rohan Vinaik","2026-07-06 10:57:26",7.254,5,rohanvinaik
1995,16024398,"Zie Chan","2026-07-06 02:05:55",7.255,8,ziechan
1996,16402166,"lxh unbound","2026-06-29 09:41:12",7.255,24,lxhunbound
1997,16448943,摸鱼划水组,"2026-07-10 08:08:32",7.255,19,kunyuzhang0701
1998,16370986,"Team GA","2026-07-27 08:18:06",7.256,26,"ryutarohashimoto,takumuwakamatsu,yuto16"
1999,16510555,liujiani,"2026-07-09 05:45:24",7.257,1,liujiani0605
2000,15869544,Dracarys,"2026-07-22 18:28:06",7.257,134,rohitsingh9990
2001,16066713,quantshayan,"2026-07-23 01:20:17",7.257,13,quantshayan
2002,16441415,"Tevfik Erkut","2026-06-27 11:17:17",7.257,3,peridon
2003,16392867,lhr233,"2026-06-21 01:08:46",7.257,6,lhr233
2004,15907897,bellelli,"2026-06-29 20:34:51",7.258,34,vladikmegakid
2005,16408452,Nait0620,"2026-07-22 14:06:59",7.259,35,nait0620
2006,16265681,江东,"2026-06-26 06:26:34",7.259,3,niubi666
2007,15871323,"ISAKA Tsuyoshi","2026-07-05 00:12:14",7.259,23,isakatsuyoshi
2008,16254973,habakan,"2026-07-25 15:20:51",7.259,62,kansukehabano
2009,16371368,kiyoc,"2026-07-23 14:45:29",7.260,19,kiyoshiohno
2010,16456007,"Showky Tahara","2026-07-02 04:52:53",7.260,9,taharashouki
2011,16450825,"Lucas Meng","2026-07-07 14:38:15",7.261,2,lucasmeng2022
2012,16254583,"Sergey Vandanov","2026-06-29 14:27:17",7.261,8,ox0000dead
2013,16066260,"Sam #3","2026-07-14 16:53:09",7.261,73,beartrader
2014,16318216,okok123,"2026-07-04 08:56:55",7.261,24,okok123
2015,16412759,"aditya sanjeev","2026-06-24 00:23:50",7.262,3,aperzon
2016,15999852,meer_neko,"2026-07-27 01:46:02",7.262,26,suricatta
2017,16401465,SunjaeLee02,"2026-06-21 11:34:38",7.262,2,sunjaelee02
2018,15869057,"Daniel Du","2026-07-03 07:00:27",7.262,7,nghongnhn
2019,16480440,"Linh Le","2026-07-27 06:24:55",7.263,17,linhlethuy
2020,15913843,quezalt,"2026-07-25 00:00:59",7.263,25,quezaltendes
2021,16389371,"Evgenii Lazarev","2026-07-02 11:33:04",7.263,19,evgeniilazarev
2022,16272767,"ali ghasemi","2026-06-24 16:18:33",7.263,6,alighasemi9o
2023,16262863,Nat00,"2026-07-27 07:28:30",7.263,24,natliablascoandreo
2024,15899318,horizen12,"2026-07-17 04:50:37",7.263,26,horizen12
2025,15868256,"ZITAI ZENG","2026-07-12 09:36:11",7.263,10,gruubyhimself
2026,16419262,"Aaron Christian Daniel","2026-06-26 05:34:18",7.263,3,"aaronchristiandaniel,aufaamaulidan"
2027,16475898,AswinM1299,"2026-07-10 21:23:42",7.263,7,aswinm1299
2028,16034488,"Adel Nurutdinov","2026-07-02 14:28:42",7.264,7,adelnurutdinov
2029,16388421,dvv_ram,"2026-06-25 16:02:50",7.264,16,ddvram
2030,16029806,"Minh Phát Trần Viết","2026-07-01 11:51:08",7.264,1,minhphttrnvit
2031,16411540,许先生许先生,"2026-06-27 02:37:34",7.265,6,"bestrongbepositve,etwetw"
2032,16390691,"Maxim Ilyin","2026-06-19 19:51:37",7.265,7,fautei
2033,16081471,toki_wcy,"2026-06-29 09:40:45",7.265,1,tokiwcy
2034,16383466,momuhh,"2026-06-25 16:09:08",7.265,32,"momuhh,tsqwy1111"
2035,16509063,zdtljcpa,"2026-07-12 16:07:13",7.266,9,zdtljcpa
2036,16443400,"kiran kumar 3031","2026-06-30 14:45:33",7.266,3,kirankumar3031
2037,16029669,"KangSeok Lee","2026-06-22 07:44:00",7.266,24,"iiooli,kangseoklee1"
2038,15942073,"Rafael Cunha","2026-07-27 22:17:11",7.267,133,rnascunha
2039,16420716,natae205,"2026-07-28 01:19:39",7.267,7,natae205
2040,16370669,Flyfish666,"2026-06-20 07:44:36",7.267,7,flyfish666
2041,16232803,"Sumit Pandey","2026-06-30 06:18:33",7.269,2,itsyoursumit
2042,16214930,Yuyajk,"2026-07-23 01:11:53",7.269,18,yuyajk
2043,16278807,"Duc Nguyen","2026-06-25 03:19:42",7.269,1,mathormad
2044,15874326,sottnik,"2026-07-05 14:02:15",7.270,3,sottnik
2045,15916995,"Garifullin Timur","2026-07-22 15:48:16",7.270,5,garifullintimur
2046,16438281,"谢 星宇","2026-07-01 10:36:43",7.270,17,cachoid
2047,15870798,"Samith Chimminiyan","2026-06-19 19:50:36",7.270,25,samithsachidanandan
2048,15902399,moJahani,"2026-07-03 06:15:38",7.271,42,mojahani
2049,15895271,fcyan1210,"2026-06-26 01:01:03",7.271,2,fcyan1210
2050,16336062,xiaomo121,"2026-07-06 23:36:39",7.271,8,xiaomo121
2051,15866056,"Ceylon Drill Team","2026-07-04 20:37:14",7.272,35,"amandiudawatta,kanchana1990"
2052,16283565,"Nyctea owl","2026-07-22 01:11:23",7.272,9,nycteaowl
2053,15933198,YAN,"2026-07-02 01:41:34",7.273,24,qujiahui
2054,16266396,chaojiwudiwujie,"2026-07-06 10:02:55",7.274,10,"chaojiwudiwujie,gsgsgg"
2055,16422537,P3069,"2026-06-23 17:54:10",7.274,1,pietrocol
2056,16406694,"Ivan Litvak","2026-07-07 22:24:27",7.275,28,trydotatwo
2057,16478111,Hanliu0408,"2026-07-08 07:13:05",7.275,4,hanliu0408
2058,16291604,Jimmer,"2026-07-25 13:06:03",7.277,12,przemysawonr
2059,16395737,大谷悠斗,"2026-06-21 07:47:22",7.277,7,otaniyu
2060,16288446,"Gabriele Giacometti","2026-07-18 18:34:48",7.277,12,gabrielegiacometti
2061,15866940,Giba,"2026-07-04 19:08:47",7.277,51,titericz
2062,15882166,"Kuang Zhengyi","2026-07-18 09:56:19",7.277,16,kuangzhengyi
2063,16100204,"Asan Ashirov","2026-06-19 18:54:34",7.278,15,asanashirov
2064,16005831,tarobxl,"2026-06-21 09:44:44",7.278,1,tarobxl
2065,16389752,enddl22,"2026-07-05 13:39:03",7.278,17,enddl22
2066,15873987,"Shien Zhang","2026-07-08 09:12:15",7.279,9,shienzhang
2067,15872577,HHorimoto,"2026-06-20 04:31:22",7.279,12,hhorimoto
2068,16205610,RajSaur97,"2026-07-11 07:44:34",7.279,5,rajsaur97
2069,16395745,"Bikram Saha","2026-06-19 16:43:35",7.280,1,imbikramsaha
2070,15886407,"FasterYouChase FasterIRun","2026-07-25 08:30:53",7.280,27,icoguser
2071,15866170,"Mudit Chaturvedi","2026-07-02 05:47:12",7.280,49,muchat007
2072,15880601,千菅弘夢,"2026-07-27 11:05:54",7.280,27,chisuga
2073,16080050,TryTryTry,"2026-06-24 01:21:46",7.281,10,fanyanb
2074,15944035,"york li13","2026-07-13 09:03:46",7.281,12,yorkli13
2075,16236927,"Yan Yan （Peter)","2026-07-07 03:21:27",7.281,32,yanyanpeter
2076,15869528,Mr.キノコ,"2026-06-21 04:51:21",7.281,30,mrkinoko
2077,16402021,"codex auto","2026-06-21 07:11:06",7.281,10,albertchen310
2078,16080051,useless_deno69,"2026-07-16 05:08:03",7.282,34,pratyakshagarwal93
2079,16306488,"fan xie","2026-07-10 07:15:47",7.283,13,xiefan666
2080,16440875,htsbrer,"2026-07-04 06:40:25",7.284,11,ht5brer
2081,16432588,aaryasurya,"2026-07-12 10:39:29",7.284,17,"aaryasurya,hemanth882002,lakshmisayyapureddy"
2082,16421050,minjiechen,"2026-06-27 09:44:11",7.284,11,marvin0421chan
2083,16207101,"Batya neftyanik","2026-06-23 21:16:26",7.284,8,josemcfly
2084,15942021,"Harish K","2026-07-07 16:26:34",7.284,4,harishk2209
2085,16395762,SuMo1290,"2026-06-21 02:20:17",7.285,6,sumo1290
2086,16412626,ML_Bear,"2026-07-06 02:56:13",7.285,19,naotaka1128
2087,16488205,"David Ten","2026-07-12 04:28:05",7.286,23,xang1234
2088,16341567,"Diogo Sena","2026-07-15 01:15:07",7.286,17,diogodmsena
2089,16440909,srcupt,"2026-06-29 04:14:48",7.286,6,srcupt
2090,16402533,"mason McClintic","2026-07-14 03:26:48",7.286,14,masonmcclintic
2091,16427175,LXYLXY599599,"2026-06-24 11:38:55",7.287,1,lxylxy599599
2092,16421097,llillillillj,"2026-06-23 13:33:29",7.287,1,akiyukikouyama
2093,16260336,"Say No To Overfitting","2026-07-09 08:25:27",7.287,22,"connortynan,lukendrills"
2094,16231779,"Phillip Choi","2026-06-30 01:20:42",7.288,11,pchoi85
2095,16591450,"Cyper PSI","2026-07-28 02:02:27",7.290,20,cyberpsi
2096,16591435,"waves wang","2026-07-28 01:59:43",7.290,25,cliwave
2097,16386302,Gyutaaan,"2026-07-06 05:36:33",7.291,4,gyutaaan
2098,16345129,"Alexander Ermachenko","2026-06-24 18:57:55",7.291,4,alexanderermachenko
2099,16466648,viber3221,"2026-07-08 06:56:45",7.291,7,viber3221
2100,16591798,Ymmm,"2026-07-28 02:35:42",7.291,20,cursors
2101,16490759,"Shivam Singh","2026-07-05 15:28:40",7.291,1,shivamsingh17072001
2102,15875862,"Qamar usman","2026-07-27 15:10:06",7.292,169,qamarmath
2103,16493062,Hongyu332,"2026-07-06 07:42:10",7.293,3,hongyu332
2104,16600600,Andrew9603,"2026-07-28 02:03:19",7.295,8,benxvyan
2105,16508608,"Tulip Stopforth","2026-07-12 08:14:40",7.295,8,tulipstopforth
2106,16591472,"yunwen shen","2026-07-28 02:07:42",7.295,25,cudastack
2107,16427073,"Seven Dragon Summer","2026-06-24 14:08:05",7.296,2,sevendragonsummer
2108,16435582,@dity!G@=r,"2026-07-08 03:28:00",7.296,1,ditygr
2109,16053109,sol12378,"2026-06-26 12:01:19",7.297,27,sol12378
2110,16428816,"taki orion","2026-06-30 08:48:31",7.297,4,takiorion
2111,15872343,"Mahdi Ravaghi","2026-07-27 08:51:24",7.298,299,ravaghi
2112,16443045,Gursharan,"2026-06-30 08:22:34",7.298,1,sharan012
2113,16029066,Habibur_Rahman,"2026-07-22 00:19:15",7.299,11,habiburrahman15
2114,16400844,onoy,"2026-06-21 07:18:09",7.301,1,yono18
2115,16319329,"Evgenii Loskutnikov","2026-07-02 19:36:33",7.301,1,evgeniiloskutnikov
2116,16488063,charles625,"2026-07-06 15:07:46",7.302,1,charles625
2117,16301604,junhaofu1,"2026-06-21 04:49:24",7.303,11,junhaofu1
2118,15865569,"Circe N.","2026-06-20 17:50:14",7.303,8,illya2412
2119,16236218,"Parth Talsania","2026-07-09 03:19:23",7.303,28,parthtalsania
2120,16010105,"Leonid Kononenko","2026-06-20 23:55:04",7.303,1,leonidkononenko
2121,16295799,"[Deleted] 7d21bb8c-3e05-4d4a-be7b-617e18350c9f","2026-07-08 23:01:57",7.304,13,del=ecf858d0b8b26aae
2122,16429407,"The Coder Geek Squad Leader","2026-07-08 14:08:57",7.304,2,soulemaneisissifou
2123,16394821,"Dian Deng","2026-06-21 02:57:20",7.304,8,diandeng
2124,16459401,Plamen,"2026-06-30 12:39:48",7.305,1,plamen06
2125,16419458,Baoliangj,"2026-06-23 14:06:36",7.306,5,baoliangj
2126,16592473,"Brooks Shun","2026-07-28 02:42:36",7.306,20,mapmicro
2127,16368432,K3nsho,"2026-07-20 08:51:21",7.307,9,kenshomiyasaka
2128,16238624,ji-ma,"2026-07-08 14:01:17",7.307,9,nkjima
2129,16255846,Starchs,"2026-07-07 02:31:51",7.308,10,starchs
2130,16425470,pd,"2026-07-28 11:39:01",7.310,70,"aruohta,simmons1025,susutem"
2131,16420735,YM,"2026-07-27 11:38:53",7.311,33,saneyuki
2132,16346720,Ymori,"2026-07-19 22:07:40",7.311,4,yasunorim
2133,16082092,"Prince Raiyani","2026-06-23 06:55:47",7.312,31,"princeraiyanim,ramoliyadarshan"
2134,16592568,"Martin Lau","2026-07-28 02:44:14",7.312,25,modelkit
2135,15868619,"Rocker Ritesh","2026-07-13 03:39:28",7.313,25,rockerritesh
2136,16292246,"Will Rice","2026-07-25 12:39:58",7.314,31,willrice
2137,16481381,mindset324,"2026-07-22 14:34:02",7.314,32,mindset324
2138,16054116,KYG,"2026-07-12 23:02:03",7.318,6,kyung1
2139,16566511,"Aarush Sinha","2026-07-19 16:39:18",7.319,6,chungimungi
2140,16278042,tamura_aicon,"2026-06-14 05:11:27",7.319,17,hayatetaf
2141,16318210,lighth,"2026-06-28 05:49:08",7.321,2,lighth
2142,16367608,"Arthur Kim","2026-07-28 07:13:52",7.322,81,lkntrp
2143,15904416,"MS-05 ざこ","2026-06-25 08:32:48",7.322,16,royalacecat
2144,16456638,"Yuhuan Song","2026-07-08 00:06:42",7.323,7,yuhuansong
2145,16449806,QS230,"2026-07-18 09:09:05",7.323,7,hibana2077
2146,15875721,"Joey Fredrickson","2026-07-21 21:45:02",7.325,110,joeyfredrickson
2147,16463016,zjzhujie,"2026-07-21 11:02:50",7.328,1,zjzhujie
2148,16515668,成吉思汗,"2026-07-28 08:06:30",7.328,4,jddhhdh
2149,15864006,SC,"2026-07-21 12:17:24",7.329,22,ryosketchbook2007
2150,16550664,getalife();,"2026-07-15 20:45:11",7.331,1,"dhairyapandya24,rounakagrwl"
2151,15881178,Dawn_gamma,"2026-07-24 10:28:18",7.331,41,dawngamma
2152,15888843,mrmld-v,"2026-07-25 22:01:12",7.332,98,vladmazeev
2153,16449445,"Mohammad Saidul Islam","2026-07-11 08:55:52",7.336,3,mohammadsaidulislam
2154,16287286,"Keshav Joshi","2026-06-28 08:58:11",7.336,12,keshavjoshi22
2155,15921014,Eme,"2026-06-25 09:34:49",7.336,8,rikutoseme
2156,15874888,YtLiu,"2026-07-27 07:27:22",7.337,112,bioconvolutionyt
2157,16247473,"Siripongsa Akarawatthanawanit","2026-06-23 02:19:04",7.337,20,siripongsaa
2158,16433299,Harvey,"2026-07-08 03:13:56",7.338,15,harvyk
2159,15926518,"Matt Davis","2026-07-10 23:02:45",7.338,93,matteius
2160,16552988,Shou_xier,"2026-07-24 09:26:51",7.343,6,shouxier
2161,16591415,"Huning Yi","2026-07-28 01:53:21",7.343,24,nnmerge
2162,16270997,loububu,"2026-07-27 12:04:25",7.346,34,yizhanglou
2163,16452770,badboyhalo1801,"2026-07-27 06:22:01",7.350,7,badboyhalo1801
2164,15878367,Safarbek,"2026-06-28 13:27:52",7.355,5,safar1
2165,16546785,"Rem Galleu","2026-07-17 18:35:56",7.356,5,remgalleu
2166,15896476,m_furu,"2026-07-19 04:43:53",7.357,63,miyafuru
2167,15867432,"Uesugi Erii","2026-07-26 09:33:40",7.359,22,uesugierii
2168,16301462,"Ali Naderi","2026-07-23 20:22:28",7.359,32,alinaderi1
2169,15884480,Holar,"2026-07-08 15:39:52",7.360,78,holar9
2170,16256261,dhue123,"2026-06-21 15:04:18",7.360,5,dhue123
2171,16436110,sawasawasawa,"2026-06-28 05:09:16",7.362,5,yukisawamura
2172,16438699,dpquoc,"2026-07-24 07:38:51",7.362,5,dpquoc
2173,16591496,Carolines,"2026-07-28 02:12:49",7.368,20,dsbeta
2174,16500376,DarkStell,"2026-07-28 07:02:07",7.375,19,darksteeldragon
2175,15920251,"John Doe #2","2026-07-03 04:07:32",7.376,53,johndoe90843
2176,15911321,"K Tanaka","2026-07-18 11:35:13",7.384,45,kanatat
2177,16451241,"Tokio Watanabe","2026-07-11 12:16:30",7.386,6,tokiowatanabe
2178,16560180,wonofone,"2026-07-26 07:02:02",7.394,9,wonofone
2179,15907920,"Vlas Veles","2026-07-27 15:13:52",7.397,38,vlasveles
2180,16539876,daphne,"2026-07-16 02:41:33",7.397,2,daphne4sg
2181,15868820,Suuuiiii4,"2026-06-29 14:42:30",7.398,44,bharath111l
2182,16599264,nabil,"2026-07-27 16:44:42",7.401,5,marchworks
2183,16084229,"Vijay Krishna Lanka","2026-07-28 01:32:33",7.406,20,vijaykrishnalanka
2184,16225686,yingfali,"2026-06-26 09:24:18",7.407,82,yingfali
2185,16252670,"Hugo Ponce","2026-06-17 22:49:46",7.429,25,hugoskn
2186,15907806,Kyle,"2026-07-28 06:19:49",7.432,75,kylewang12138
2187,16381455,"Kazumi Sakamoto","2026-07-26 12:58:19",7.433,2,maehwa
2188,16599947,CarlosGDCJ,"2026-07-27 10:03:15",7.436,5,carlosgdcj
2189,15864971,"Ganesh Sharma","2026-07-26 17:28:04",7.437,189,ganeshstemx
2190,16277748,"uzum stanley","2026-07-02 18:03:23",7.446,40,uzumstanley
2191,16087311,"Steve Watson","2026-07-24 19:57:51",7.447,35,stevewatson999
2192,16532600,"Jeff Horon","2026-07-22 17:46:43",7.449,16,jeffhoron
2193,16289302,AnRyisReal,"2026-07-21 15:14:23",7.449,10,anryisreal
2194,16368098,"ola sadek","2026-06-27 12:58:26",7.450,7,olasadek
2195,16157997,dott,"2026-07-28 09:10:18",7.460,44,dott1718
2196,16197209,huyimin517517,"2026-07-26 17:11:57",7.464,3,"huyimin517517,touyouzhaji"
2197,16208867,swsneaky,"2026-06-30 05:10:40",7.467,61,mdwmb7cnapf54r
2198,15942512,"Wang Yibin","2026-07-28 09:12:38",7.468,20,wklyb1
2199,16508966,"Ahmed El Fazouani","2026-07-27 19:42:34",7.471,18,ahmedelfazouan
2200,15888017,"Leszek Góra","2026-07-26 05:36:12",7.472,12,leonixis
2201,16580100,yamazaking,"2026-07-28 11:00:34",7.474,6,zacky21
2202,16011349,radmirkaz,"2026-06-15 07:14:09",7.474,40,hijest
2203,16281859,Amed,"2026-07-25 18:01:36",7.475,13,amedprof
2204,16246622,河西　正寛,"2026-07-11 08:07:08",7.477,26,masapirika
2205,16001993,"Gowri Shankar S","2026-06-20 06:29:53",7.478,7,gs0504
2206,16019746,Team_07,"2026-06-21 10:05:49",7.485,60,"rngusrb,seokyongkim"
2207,16587339,kq5y,"2026-07-28 02:43:23",7.487,12,kq5yyy
2208,16253882,tamryow,"2026-07-22 02:05:55",7.489,9,tamryow
2209,16125628,邻居喝了点,"2026-07-10 02:40:00",7.490,17,zongchen02
2210,15892986,gakuma,"2026-07-19 12:59:51",7.490,35,takedagaku
2211,16133254,"Sergey Subbotin","2026-07-26 20:09:16",7.496,33,ssubbotin
2212,16432783,"Well Actually","2026-07-28 05:38:58",7.497,31,"angran,kaixuanosmas"
2213,16544985,"Eugen Kirdyashev","2026-07-24 17:37:07",7.499,1,eugenkirdyashev
2214,16406595,"Koji Hiruta","2026-06-29 22:01:37",7.503,15,kojihiruta
2215,16032387,"Long Hu","2026-06-22 03:30:16",7.504,5,longhul
2216,16453678,"João Augusto de Oliveira Jorge","2026-07-04 11:32:10",7.506,12,joaguto
2217,16517413,"yuta #2","2026-07-27 11:29:39",7.508,5,enjooooy
2218,16282849,"Thomas Greissler","2026-06-10 00:29:03",7.508,1,thomasg22202020
2219,15868531,kitsune,"2026-06-15 13:29:17",7.510,115,yutake
2220,16596832,蔡佳辉,"2026-07-28 11:12:08",7.510,8,caijiahuisada
2221,15905248,Yusuke,"2026-06-10 23:02:32",7.514,14,yusuketosa
2222,15873082,"ナハト・ ファウスト","2026-06-17 18:48:39",7.515,115,vitalya05
2223,16092736,"Kento Okumura","2026-07-25 12:28:12",7.517,93,kentookumura
2224,16083008,star,"2026-06-11 15:53:38",7.518,1,liangruiqi
2225,15891767,e-toppo,"2026-06-17 07:04:31",7.519,10,masatomatsui
2226,15895738,तेल,"2026-06-23 05:29:33",7.519,8,swayamsingh48
2227,16198915,"Andreas @ Tenki Labs","2026-06-12 14:37:45",7.519,12,andreasgronbeck
2228,16326407,dasfds,"2026-07-20 10:18:45",7.520,18,dasfds
2229,16279678,"Tanishq Parihar","2026-06-09 16:31:13",7.521,1,tanishq51
2230,16592022,Megalodon,"2026-07-24 10:07:53",7.521,4,itikelabhaskar
2231,15869702,Ayumu_walker,"2026-07-04 11:25:41",7.522,33,ayumushiraishi
2232,16318177,xuedinge_Q,"2026-06-17 00:03:59",7.523,26,xuedingeq
2233,16419966,"Demilade J","2026-07-27 09:19:49",7.523,4,demiladej
2234,16420390,Gilbra,"2026-06-23 11:32:45",7.525,2,gilbra
2235,15989960,Ray,"2026-06-10 16:36:29",7.526,1,ruihaokaggle
2236,16505405,jkatdare,"2026-07-27 01:13:28",7.526,37,jkatdare
2237,16012309,FX-6300,"2026-07-24 14:51:11",7.527,23,fx6300
2238,15875724,"Yusuke Nakayama","2026-07-26 03:54:19",7.529,99,nakayamar
2239,16289267,NickolayKarnev,"2026-06-14 15:20:45",7.530,12,nkarnev
2240,16370385,lccsyl,"2026-07-08 06:07:10",7.531,18,lccsyl
2241,15941504,zhen_huier,"2026-06-16 04:34:37",7.532,59,zhenhuier
2242,16409391,"SANTHULURI VIJAYA BHASKAR","2026-07-13 06:26:01",7.534,8,vijayabhaskar78
2243,16352440,flower_s,"2026-07-06 05:36:01",7.535,19,flower244140625
2244,16350942,혼밥누룽지,"2026-06-19 13:23:05",7.536,7,songasdofij
2245,16283379,Yangtzeu_C207,"2026-06-12 11:34:01",7.536,5,"han1399013493,huajiaodemiao,laimengjiao"
2246,16346964,"Immanuel Savio","2026-06-16 00:09:10",7.537,3,immanuelsavio
2247,15983499,"Osman Bayram","2026-06-16 23:52:32",7.539,95,osman0
2248,16289753,"Dimitrije Adzic","2026-07-03 17:04:10",7.540,12,omadon
2249,16308582,sasaki,"2026-06-14 01:42:17",7.540,9,rsasaki
2250,16253937,korepippi,"2026-06-13 16:15:27",7.540,3,mekiramu
2251,16332957,Sunzy110,"2026-06-14 04:37:55",7.540,1,sunzy110
2252,16219752,oliveira,"2026-07-12 02:57:16",7.540,22,oliveira22
2253,16207804,"Suraj Ranganath","2026-06-15 08:28:17",7.541,50,"arunimaanand25,surajranganath17"
2254,16538230,"peiwei xia","2026-07-13 15:19:51",7.541,3,peiweixia
2255,16385841,"Akash Varma","2026-06-20 16:47:27",7.542,11,akashvarma1903
2256,16392057,"Grace Sunward","2026-06-21 01:50:24",7.542,14,gracesunward
2257,16039493,Mercurydust,"2026-06-10 08:41:56",7.544,13,mercurydust
2258,15868330,"Akshan Krithick","2026-07-18 01:32:50",7.545,85,akshankrithick
2259,15886798,"Andrew See","2026-07-23 12:17:41",7.546,17,andrewfranklinsee
2260,16382672,reg0x00,"2026-07-16 12:59:38",7.547,17,reg0x00
2261,15918238,wohoo!,"2026-06-26 17:10:00",7.547,107,sarpal465
2262,15865046,hengck23,"2026-06-17 04:15:31",7.549,37,hengck23
2263,16416574,TG_Aetheryx,"2026-07-11 09:15:55",7.550,30,subzerin
2264,15913439,"Manav Trivedi","2026-06-11 09:00:41",7.550,11,manavtrivedi
2265,16237319,huangshanle,"2026-06-10 05:51:19",7.550,21,yelloowking
2266,16141328,gominsi,"2026-06-12 15:52:45",7.551,11,gominsi
2267,15904970,"Марк Солунов","2026-06-13 00:14:02",7.552,16,markthelark
2268,16297448,xiaweiyi475,"2026-06-16 02:26:10",7.553,18,xiaweiyi475
2269,16379663,Skamel2023,"2026-07-27 05:36:10",7.554,22,skamel2023
2270,16208162,YYH,"2026-07-27 15:08:23",7.554,101,kagger3
2271,16330757,Koara,"2026-07-26 12:16:54",7.554,8,ferman
2272,16383195,R1tuall,"2026-06-17 16:13:26",7.554,1,r1tuall
2273,16337241,"Adel Zebiche","2026-07-17 13:18:58",7.558,9,adelzebiche
2274,16258838,子非秋月,"2026-06-16 14:03:14",7.558,12,"lil00000,yetaoyu,zifeiqiuyue"
2275,16027623,Nabeel123@,"2026-06-12 09:51:54",7.558,30,nabeel8800
2276,15907115,Wakabourne,"2026-07-27 12:58:56",7.558,13,wakabourne
2277,16033299,"name of team","2026-06-17 07:05:38",7.558,36,yuratrubitsyn
2278,16483331,SKYisSKYisSKY,"2026-07-16 19:59:43",7.558,14,skyisskyissky
2279,16301585,"Cancino Espi","2026-06-12 11:03:28",7.558,4,cancinoespi
2280,16277055,Jivansh,"2026-06-17 22:10:16",7.560,7,"jivanshc,kavyachetwani"
2281,15881237,galaxy2025,"2026-06-09 01:42:44",7.561,33,galaxy2025
2282,16101783,"Rohan Alex Bimal","2026-06-22 17:29:37",7.561,5,rohanalexbimal
2283,16100247,xujiading,"2026-06-13 12:42:11",7.561,60,xujiading
2284,16043441,jlw123456,"2026-06-13 13:44:55",7.562,17,jlw123456
2285,16272579,ErwBal,"2026-06-11 06:50:50",7.562,2,erwbal
2286,16214745,"Shuai Xu","2026-06-15 17:13:15",7.563,28,shuaixu123
2287,15872711,Vandit,"2026-06-30 18:32:34",7.564,54,vandittyagi0909
2288,15889947,"Salah Ibrahiemu","2026-07-26 18:41:15",7.565,56,salahibrahiemu
2289,15870285,SANAULLAH,"2026-06-11 21:43:12",7.566,5,sanaullah03041417973
2290,16285194,Attacker,"2026-06-23 08:41:14",7.566,22,aleaiest
2291,16106248,ZephyrionZX,"2026-06-09 04:11:40",7.566,10,zephyrionzx
2292,16353706,"Eesh saxena","2026-06-26 01:54:31",7.567,23,eeshsaxena
2293,16054806,devilvamp_17,"2026-06-14 18:52:46",7.568,3,"devilvamp17,prabhpreetsingh5"
2294,16363247,seowoohyeon,"2026-07-03 03:21:45",7.569,39,seowoohyeon
2295,16131896,"Szymon Kłapiński","2026-07-07 17:04:28",7.570,32,szymonkapiski
2296,15924891,cookie,"2026-06-16 13:30:58",7.570,13,ryokuki
2297,16428892,istinetz,"2026-07-28 10:29:52",7.571,28,istinetz
2298,16290002,MO7YW4NG,"2026-06-12 23:26:46",7.571,14,mo7yw4ng
2299,16094325,"Whyme Labs","2026-07-10 12:15:15",7.571,49,whymelabs
2300,16332327,"brian bovell","2026-07-12 05:48:50",7.572,4,brianbovell
2301,15885758,huyang111,"2026-06-11 13:20:23",7.572,1,"huyang111,orange116"
2302,16244946,nybbler,"2026-06-13 23:41:18",7.572,25,nybbler
2303,16383228,ma1kslm,"2026-07-27 21:12:38",7.572,13,ma1kslm
2304,16447111,Viracocha,"2026-06-29 05:59:47",7.572,3,ytachikawa
2305,16376705,"Trần Hải","2026-06-19 12:41:05",7.572,4,cryandrrich
2306,16325368,"Jalvo Alef","2026-07-15 09:16:13",7.573,83,jalvoalef
2307,15995773,Nico,"2026-07-01 20:18:04",7.574,25,nicolsignani
2308,16090327,kittugpt,"2026-06-17 15:56:42",7.574,19,kittugpt
2309,16091348,emreaydin,"2026-06-14 06:23:20",7.575,17,aydinemre
2310,16543166,Real-SIM-Real,"2026-07-19 09:36:29",7.575,12,liqiangyang
2311,16303118,"Jegan G G S","2026-06-14 22:17:03",7.575,6,jeganggs
2312,15873634,MECHINE,"2026-06-17 04:37:37",7.576,21,nainglinwai
2313,16063343,nori8774,"2026-06-23 10:35:58",7.576,31,norimasayamamoto
2314,15995978,ryokiti,"2026-07-28 01:24:00",7.576,42,ryokiti
2315,16272069,"Md. Mehedi Hasan","2026-06-19 05:59:38",7.577,10,mehedi052
2316,15922981,"Thomas Cook","2026-06-20 02:56:54",7.577,16,curiouskoala
2317,16127504,"Eunbeen Jung","2026-06-12 09:16:01",7.578,7,e5jung
2318,16230921,"Kevin Xu","2026-06-17 20:41:09",7.578,5,kevhxx
2319,16221819,"B. Zhang","2026-07-03 07:02:24",7.579,42,muonchaser
2320,16287350,"Christopher Akiki","2026-06-16 18:14:45",7.579,2,cakiki
2321,15977627,"Tejas Gluth","2026-06-14 22:18:09",7.580,26,tejasgluth
2322,15986042,"Kevin Zhou","2026-06-16 03:51:07",7.580,1,kevinzhou66
2323,16281952,TarunSingh931,"2026-06-09 20:34:03",7.580,1,tarunsingh931
2324,16240607,"Paul Kamau","2026-06-09 21:31:42",7.581,21,paulnkamau
2325,16390812,"Abid Ali Awan","2026-06-18 19:09:39",7.581,2,kingabzpro
2326,16185457,Ryosuke,"2026-07-07 17:19:26",7.581,8,reiji490
2327,16391373,"Thomas Tschinkel","2026-06-19 15:29:35",7.582,7,thomastschinkel
2328,16309714,"Honggyo Suh","2026-06-23 01:22:40",7.582,14,honggyosuh
2329,16213395,cyk,"2026-06-29 22:49:36",7.582,54,chiaki11
2330,15866274,"Ugur Tasdan","2026-06-10 09:10:28",7.582,20,fairlanderflick
2331,16425151,TGMATH,"2026-07-11 09:14:51",7.583,17,tgmath
2332,16299289,"quanzhong ji","2026-06-14 13:10:09",7.583,18,quanzhongji
2333,16442908,aoi0318,"2026-07-04 14:28:58",7.583,4,aoi0318
2334,16349010,MurphyIIVan,"2026-06-17 11:45:05",7.584,7,murphyiivan
2335,16110339,"Kianoush Haratian","2026-07-01 18:48:00",7.584,22,kianoushharatian
2336,15872199,"Masashi Onda","2026-06-12 05:31:51",7.584,50,masashionda
2337,15864226,"Ryuhki Kimura","2026-06-12 00:02:16",7.584,4,kimura0415
2338,16376079,"Damoon Shahhosseini","2026-07-27 03:29:02",7.584,34,damoonshahhosseini
2339,16082214,adengappa11peru,"2026-07-22 04:32:53",7.584,20,adengappa11peru
2340,15868436,Tasmim,"2026-06-17 16:58:56",7.585,72,tasmim
2341,16553307,codebeforework,"2026-07-27 22:19:12",7.585,12,codebeforework
2342,15867555,"It's not done","2026-06-10 06:31:33",7.587,86,hengzheng
2343,16508705,Thebalanceder,"2026-07-17 03:26:04",7.587,19,thebalanceder
2344,15929747,"Yusuke Igarashi","2026-07-27 14:38:27",7.588,36,"kanjisasaki,nikubanare0702,yusuke1515"
2345,16022601,JojiZhou,"2026-06-13 03:40:34",7.588,23,jojizhou
2346,15885498,"SEYED MEHDI SADAT HOSSEINI","2026-06-15 16:53:13",7.588,19,asamasach
2347,16043875,Raijin,"2026-07-23 12:50:24",7.589,18,vencerlanz09
2348,16132379,goevian,"2026-07-12 04:56:46",7.589,3,"goevian,jiaojiannb"
2349,16060592,"A. H. M. Fuad","2026-06-27 03:22:58",7.589,9,ahmfuad
2350,15886861,"Chenyu Wang","2026-06-18 15:53:24",7.589,8,ataraxyyeah
2351,16386134,"Xu Liuzhuojian","2026-07-20 01:32:45",7.590,5,xuliuzhuojian
2352,15867356,shj,"2026-06-16 18:51:25",7.591,3,sunghun
2353,15870158,"Timofey Kalyak","2026-06-11 08:26:33",7.591,15,timofeytweaky
2354,16084196,"Liam O’Brien","2026-06-24 09:46:21",7.593,15,liamob96
2355,16006260,Tanuki_boosting,"2026-06-17 00:38:13",7.593,29,miyamotodaiya
2356,15878822,"Croft Adams","2026-06-10 06:43:02",7.593,49,croftadams
2357,15993308,InformaBook2,"2026-07-14 10:50:48",7.594,139,informabook2
2358,15874485,"zihao qi","2026-06-16 03:17:42",7.594,106,"aslongas,zihaoqi02"
2359,16317345,kimh,"2026-06-21 15:41:13",7.595,6,myeonghyun
2360,15863665,kun_hail,"2026-07-02 02:00:17",7.595,13,kunhail
2361,16175904,afsaffs,"2026-06-13 08:31:28",7.595,17,afsaffs
2362,16448746,Luca,"2026-07-12 23:11:57",7.596,7,yijiey
2363,16281817,"CaririAI Lab","2026-06-09 20:22:23",7.596,1,allanpereirafenelon
2364,16093132,midnq,"2026-06-17 17:56:31",7.597,2,midnqly
2365,15937858,"Adi Kusuma","2026-06-23 01:16:10",7.597,3,adikusum4
2366,16102528,deepblue123,"2026-06-14 11:49:05",7.597,10,deepblue6666
2367,15868645,"HUN UUNNN","2026-07-17 06:04:54",7.597,12,hunuunnn
2368,15927125,koykoy,"2026-06-13 07:58:14",7.598,24,yejinkyo
2369,16392525,"Pannawat Khoonton","2026-06-20 13:46:13",7.598,2,pannawatkhoonton
2370,15886800,"[RU] Nikita Kuznetsov","2026-06-17 15:06:55",7.598,10,nikitakuznetsof
2371,16297254,hideaki_mizoue,"2026-06-11 06:03:08",7.598,2,hideakimizoue
2372,16096671,geshuai,"2026-06-15 01:31:31",7.599,15,opengs7
2373,16031664,JCM,"2026-06-20 21:10:26",7.601,5,chanpreetsingh07
2374,16315020,"Seunghwan Kim, MD","2026-06-16 09:11:06",7.602,11,kimseunghwan9823
2375,16223138,Camaro,"2026-07-27 13:51:07",7.602,26,bamps53
2376,16371175,"Ivan Silinsky","2026-06-20 07:12:33",7.602,6,ivansilinsky
2377,16281564,"Fabio Spampinato","2026-07-17 13:32:11",7.602,43,fabiospampinato
2378,15944093,"Qiange Chen","2026-06-17 09:52:40",7.602,29,qiangechen
2379,16461419,"Anvith Pothula","2026-07-01 04:22:21",7.602,3,anvithpothula
2380,16392684,stunningvn,"2026-06-20 06:34:02",7.603,3,dedquoc
2381,16266344,无风可掇,"2026-06-11 02:13:18",7.603,18,wufengkeduo
2382,16255566,UKUMUK,"2026-06-16 21:45:15",7.604,2,ukumuk
2383,15871055,anshul3501,"2026-06-12 11:22:47",7.604,25,anshul3501
2384,16383825,VTH,"2026-06-19 08:24:00",7.604,8,storm2501
2385,16086376,"Harish Dhanarajan","2026-07-25 06:04:39",7.604,18,harishdhanarajan
2386,16336529,Godofthunder2407,"2026-06-16 13:57:35",7.605,3,godofthunder2407
2387,16205858,"Ritesh Reddy G","2026-06-16 19:34:08",7.605,5,riteshreddyg1205
2388,15953553,Geo-Team,"2026-07-10 23:31:17",7.606,31,olegolas1
2389,16045246,"Kris Dcosta","2026-06-25 21:40:23",7.609,47,krisdcosta23
2390,15882156,Reeeky,"2026-06-20 01:09:30",7.609,47,rikuonda
2391,15865544,"Emanuel Lázaro","2026-06-27 21:56:35",7.610,6,emanuellcs
2392,15874096,IC2,"2026-06-10 17:03:14",7.611,14,jonathanchan
2393,16023164,ShumingFang,"2026-06-30 09:55:17",7.611,9,shummingfang
2394,15879090,"Jean-Louis Roy","2026-06-09 11:41:43",7.613,17,jeanjean111
2395,16278808,"Labib Shahriar","2026-06-10 20:07:14",7.614,3,labibshahriar
2396,16253421,Willy,"2026-06-11 21:36:48",7.614,9,willybruhn
2397,16147521,"Orlando Cantoni","2026-06-17 20:46:18",7.615,22,orlandocantoni
2398,16147211,.,"2026-07-28 00:44:42",7.616,23,"enrifermi,vasiliibuzmakov"
2399,15863945,"VAP RF5","2026-07-27 22:42:50",7.616,18,vaprf5
2400,16384719,Tanay,"2026-06-19 23:54:46",7.618,10,tanayz
2401,16240624,"Сочи Сириус прикольно","2026-06-22 17:59:28",7.618,21,"emorgunov,gistreg,mikhailkachalin"
2402,15879269,"Luke Stafford","2026-07-24 02:29:01",7.619,43,luketstafford
2403,15868796,Adaluvu,"2026-06-24 08:30:27",7.619,3,adaluvu
2404,15903247,"Sergei Kramnik","2026-06-13 00:13:52",7.619,23,sergeikramnik
2405,16277011,"YA LIN","2026-06-12 15:38:33",7.620,2,yalinwangchuyu
2406,15868126,Minh,"2026-06-16 09:07:54",7.620,1,lnminh
2407,15919256,"Frank YUSUFU","2026-06-10 13:17:33",7.622,32,frankyusufu
2408,16282212,"Hannah Pham","2026-06-10 20:59:01",7.622,5,hantmypham
2409,16031418,"Aditya Krishnan Mohan","2026-06-19 06:18:58",7.622,6,adityakrishnanmohan
2410,16385806,"Fengjun Zhang","2026-06-18 03:18:42",7.622,1,fjzhangdd
2411,16565008,Growingduck,"2026-07-28 02:07:00",7.622,11,jaeminkang2021
2412,16254923,Kiyosan,"2026-06-14 13:08:45",7.623,22,kiyosan
2413,15879456,"Herra Huu","2026-06-22 14:15:40",7.624,5,herrahuu
2414,16006152,Ramzi,"2026-06-10 13:49:18",7.624,2,rzoforai
2415,16281940,"Vinesh Chaudhari","2026-06-11 22:14:19",7.627,10,vineshchaudhari
2416,15878123,"Nick Styles","2026-06-09 19:44:35",7.627,4,styles
2417,16461755,"Justin Kim","2026-07-25 03:12:14",7.628,6,justinkim1216
2418,16188364,weschet11,"2026-06-11 04:23:18",7.629,2,weschet11
2419,16268470,suzuna0831,"2026-07-27 12:33:16",7.629,37,"jinmatsuno,kaiejaowda,naohs01,tropicalbanana"
2420,15892242,"Ra'uf Fauzan Rambe","2026-06-10 07:16:02",7.630,6,rauffauzanrambe
2421,16514931,"Marco Polo","2026-07-22 03:40:19",7.632,22,zhesong1
2422,16386258,"Shane Waxler","2026-06-19 20:24:47",7.632,5,shanewaxler
2423,16148698,"Archit Konde","2026-06-18 00:02:12",7.632,13,architkonde
2424,16535524,"Justin #2","2026-07-25 04:36:53",7.633,29,justin6540
2425,16318276,"Usama Rehman","2026-06-15 07:39:16",7.633,4,usamarehman95
2426,16234526,L1a0JH,"2026-07-01 01:11:27",7.633,4,coolkid14122
2427,16452163,bukovski7,"2026-07-27 19:00:20",7.634,9,"bebra3222,evgeniikomarov,player77"
2428,16059401,"soufiane hajou","2026-06-26 18:11:33",7.634,2,soufianehajou
2429,15884915,"TR Consult","2026-06-18 07:56:49",7.635,4,"richardrusevich,zr7rpqpxghlsxa"
2430,16472565,VFW,"2026-07-13 01:56:26",7.635,19,smj1513
2431,16312323,"Daniel Cecim","2026-07-01 21:12:11",7.636,30,danielcecim
2432,16025962,Catcatcher,"2026-06-15 11:58:23",7.636,8,ferencjuhsz
2433,16467585,Andante,"2026-07-04 08:34:25",7.637,6,gb0132ik
2434,15872385,"Ismael Rodriguez","2026-07-27 07:40:47",7.639,42,ismaelrodriguez49
2435,15900063,hoang_phuc_6868,"2026-06-11 09:30:19",7.639,33,thbdh5765
2436,16100651,"Mohit Balachander","2026-07-09 12:57:46",7.639,32,mohitbalachander
2437,16443828,"Tumaini Makena","2026-06-27 16:17:43",7.639,1,tumainimakena
2438,15993745,"The 13th Seat of The Genius Club","2026-06-11 02:15:21",7.640,15,wudangdexiaodoashi
2439,15971629,"Chen cuidian","2026-07-09 04:16:20",7.642,25,chencuidian
2440,15880531,sud1plamichhane,"2026-06-25 14:37:50",7.642,126,sud1plamichhane
2441,16326548,Alexander,"2026-06-19 21:00:08",7.644,8,burundukchip
2442,16482487,"Mughees Abbas","2026-07-27 17:52:09",7.644,20,mugheesabbas
2443,15905006,Avinash,"2026-06-21 16:35:46",7.645,24,avinash695
2444,16472403,"Sairaamm Bharadwaj","2026-07-02 07:36:04",7.645,1,sairaammbharadwaj
2445,16531194,"Shashank Nautiyal","2026-07-16 10:20:12",7.645,6,aishashank
2446,15946438,shane18,"2026-07-28 07:27:06",7.646,160,shane18
2447,15966813,峨眉山的monkeyn,"2026-06-14 11:53:08",7.648,32,monkeyn
2448,16531821,QWASkU,"2026-07-14 11:36:30",7.649,2,qwasku
2449,16472788,Geo-Learner,"2026-07-10 20:49:30",7.649,12,nayancsejust
2450,16433627,"Alex Oranov","2026-07-14 17:35:05",7.649,7,aoranov
2451,16097501,"Yuto Sano","2026-06-10 11:51:44",7.650,6,yutosano
2452,15997622,primal.host,"2026-06-17 17:43:35",7.650,41,primalhost
2453,16150609,"junseok lee","2026-07-17 08:35:11",7.650,18,jaslee2
2454,16049865,giacomovin,"2026-06-11 11:29:53",7.651,15,giacomovin
2455,16125484,"Maxim Lunitsin","2026-07-02 16:19:11",7.652,8,blinchiklu
2456,15944888,"Kursat K","2026-07-21 05:29:19",7.652,17,minercoder
2457,16284947,"Paul Piper","2026-07-13 18:22:11",7.654,21,paulmpiper
2458,16422229,"Mikayil Yusubov","2026-06-28 18:05:38",7.655,4,"mikayil,tatyanayeleskina"
2459,16536021,"diamond team","2026-07-26 16:32:05",7.655,40,"alikharabsha,brightmind"
2460,16321393,naru,"2026-06-25 03:59:15",7.655,4,naruhisahayashi
2461,16575138,Emonda,"2026-07-26 04:59:22",7.656,11,emonda
2462,16483784,guyko,"2026-07-14 08:03:19",7.658,4,guyko81
2463,16206932,"Dahye Choi","2026-06-28 08:50:23",7.658,47,dahyech
2464,16560248,iwashi,"2026-07-17 16:43:45",7.660,1,iwashi
2465,16027487,"Antonio Trias","2026-06-25 15:07:53",7.661,31,tronpil
2466,16571550,Assistentus,"2026-07-27 09:24:32",7.662,14,assistentus
2467,16543781,kevin8738,"2026-07-16 15:21:56",7.663,9,kevin8738
2468,16262308,zzz.,"2026-06-18 00:54:58",7.663,1,akihoni
2469,16295887,花岡潤矢,"2026-07-23 05:01:40",7.664,9,hana0608
2470,16189291,今井大登,"2026-06-17 01:56:32",7.665,29,naru041104
2471,15863858,Will,"2026-07-20 12:25:22",7.666,52,wguesdon
2472,16407390,"Rafael Gomes","2026-06-30 01:36:24",7.668,29,grafael
2473,16080037,artyom.kouznetsov,"2026-07-27 20:40:07",7.668,8,artyomkouznetsov
2474,16151449,"AI Drillers","2026-06-21 22:17:33",7.669,33,"ramyaramachandran05,zahraasadeq97"
2475,16598440,"yf D","2026-07-27 13:27:26",7.672,15,dengvitruviano
2476,16413828,camurberkayy,"2026-07-27 06:39:32",7.674,8,camurberkayy
2477,16077227,Aman_Deva123,"2026-06-19 02:23:56",7.674,3,"amandeva123,amandevx,khushimalik51126"
2478,16442453,JJ,"2026-07-12 08:49:36",7.674,14,ktaichi
2479,15897921,ELMIR,"2026-07-12 18:17:02",7.675,24,obosrish
2480,16359393,muteman,"2026-06-19 12:33:16",7.677,11,muteman
2481,16579558,"extra eclaire","2026-07-28 06:32:05",7.677,17,extraeclaire
2482,16155958,Via.,"2026-06-16 07:40:24",7.680,41,zhangyunsheng
2483,16141354,aji-pandas,"2026-06-15 07:24:15",7.680,4,ajipandas
2484,16507279,klo000,"2026-07-10 11:32:09",7.680,7,klo000
2485,16462316,"Munal Singh","2026-07-03 20:52:59",7.681,8,munalsingh
2486,16381847,Munshi-PremChand,"2026-07-26 19:32:41",7.683,16,munshipremchand
2487,16465308,Halfcrazydeveloper,"2026-07-04 07:40:22",7.685,13,codingvio
2488,16265011,soso,"2026-07-17 04:56:36",7.685,7,suminshim
2489,16599666,林木子吖,"2026-07-26 10:07:20",7.686,4,linmuzi0108
2490,16516044,"Arnav Modi","2026-07-11 12:03:01",7.693,5,arnavmodimsit
2491,16362480,"Sam kramer_1028","2026-07-21 07:29:28",7.694,18,samkramer1028
2492,16051127,"Vishesh Banna","2026-07-10 08:49:44",7.694,1,visheshbanna
2493,16541908,"Ryu Sonoda","2026-07-17 14:48:12",7.695,8,ryusonoda
2494,15875022,"LEE ZHI XIONG","2026-06-21 07:06:40",7.696,11,leezhixiong
2495,16110310,harmo-miu,"2026-07-08 11:05:30",7.701,25,harmomiu
2496,16415837,"merdar elnak","2026-07-25 19:33:35",7.702,1,"eldarkhisamutdinov,mernak,vladimirbagmanov"
2497,16057307,Joey.ZY,"2026-06-11 10:49:52",7.704,11,joeykaggless
2498,16499517,"Gavedu Ai","2026-07-14 09:46:28",7.707,22,verise6211
2499,16439668,Deucalion_Sash,"2026-07-05 20:46:58",7.708,2,deucalionsash
2500,15905311,Jordan,"2026-07-27 07:00:08",7.709,148,extergeist
2501,16073768,Datatech,"2026-06-17 22:24:49",7.711,35,"yuhanjiang2024,zjz666666"
2502,16508667,"Samuil Petkov","2026-07-08 15:57:58",7.711,1,samuilpetkov
2503,16567228,tokitamago,"2026-07-27 13:32:33",7.712,10,tokitamago
2504,16257571,"Changjun Li","2026-06-17 09:10:50",7.714,1,changjunli123
2505,16251874,A.G.TENSHU,"2026-06-25 15:40:30",7.715,30,kirvk013
2506,16085507,我是刘大聪,"2026-07-10 14:29:40",7.716,25,smartorz
2507,15927222,mandinka_warrior,"2026-06-24 07:34:20",7.716,29,habibbayo93
2508,16509302,JZeXiong,"2026-07-08 18:12:36",7.718,2,jzexiong
2509,15878290,"anuveshika prasad","2026-07-27 16:00:06",7.719,20,anuveshikaprasad
2510,16558170,"Oleg Melnik","2026-07-17 12:47:57",7.719,2,olegmelnik
2511,16466716,"Zhengxu Yu","2026-07-03 12:08:45",7.719,8,zhengxuyu
2512,16531786,"Zhang Qian","2026-07-12 07:06:51",7.721,2,zhangqian0814
2513,16402090,"Taichi Kitajima","2026-07-15 02:07:45",7.722,3,taichikitajima
2514,15866066,ivormontenegro,"2026-07-27 23:58:24",7.723,14,ivormontenegro
2515,16456218,"Andreas Leonardo","2026-07-08 00:38:46",7.723,15,andreasleonardo
2516,16144332,Khalid,"2026-06-11 16:35:53",7.723,32,khalid000000
2517,16501903,"Alejandro Ayestaran","2026-07-11 14:54:17",7.723,5,alejandroayestaran
2518,16415248,Han901104,"2026-07-09 14:43:37",7.723,16,han901104
2519,15917288,"Peter KK","2026-07-25 08:25:30",7.725,50,peterty
2520,15895567,TY.Yang,"2026-07-02 01:37:40",7.725,3,tianyiy
2521,16042924,HEK,"2026-06-29 10:06:49",7.726,31,"emmanuelwandji,khaledchatah"
2522,16317194,"Dmitry Volovikov","2026-06-12 22:00:29",7.727,1,dmitryvolovikov
2523,16509613,"Atharv Santosh","2026-07-08 19:55:53",7.727,1,atharvsantosh
2524,16551722,FRISTY,"2026-07-23 16:14:16",7.727,14,fristy
2525,16215508,"Yuanbo Pang","2026-06-27 05:29:29",7.727,45,yuanbopang
2526,15872188,"Sanidhya Vijay24","2026-06-08 11:11:23",7.727,23,sanidhyavijay24
2527,16537635,CoMessi,"2026-07-16 10:04:44",7.728,10,comessi
2528,15926813,Artem1410,"2026-06-07 08:23:33",7.729,7,anazemcev
2529,15868081,Aabhay,"2026-07-06 15:22:52",7.731,45,aabhaygirwalkar
2530,16201317,"Pushpendra Singh","2026-06-11 14:20:42",7.732,2,singhpushpendra
2531,16056019,Salt708,"2026-07-04 11:40:38",7.732,31,shionao7
2532,16347516,"machi reda","2026-07-03 20:41:33",7.733,25,"aribaymane61,redamountassir"
2533,16514263,"Murari Ambati","2026-07-12 00:28:30",7.734,16,murariambati
2534,16471917,Q8_AIML_masters,"2026-07-25 13:54:27",7.736,28,"hamadude,jahannasimi"
2535,16369239,"Đàm Văn Tài","2026-07-26 18:55:21",7.738,43,damvantai
2536,16076859,"Daniel K","2026-07-23 16:35:41",7.738,51,danielkunzler
2537,16511095,hoon0303,"2026-07-09 06:16:16",7.739,1,hoon0303
2538,16565502,"Lecheng Yan","2026-07-19 08:37:46",7.739,7,lechengyan
2539,16075412,NotWhatYouThink,"2026-06-26 14:19:28",7.743,66,notwhatyouthink
2540,16238053,KARANAMMADHAVARAO,"2026-06-25 05:34:16",7.744,27,karanam12345
2541,16299156,"Syed Hamza","2026-07-13 18:13:03",7.746,21,syedhamzahussain
2542,16534166,yamashuuu,"2026-07-27 21:20:03",7.749,27,yamashuuu
2543,15952814,Tang,"2026-07-09 16:30:28",7.749,20,hirotetsu
2544,16518042,"Brady Meighan","2026-07-11 04:57:13",7.749,3,bradymeighan
2545,16048638,"Louis KLASING","2026-06-17 11:05:16",7.749,38,louisklasing
2546,16439892,Korokke3,"2026-07-20 15:53:25",7.751,6,korokke3
2547,15898881,Mitch,"2026-06-19 20:16:18",7.752,21,mitchgansemer
2548,16257295,"Funny KMT","2026-06-27 10:44:37",7.754,12,yanliqian1
2549,16075593,"Ilja Grigorjev","2026-06-12 09:58:42",7.758,17,iljagrigorjev
2550,15887393,"ccccccy q","2026-06-08 09:39:46",7.760,20,ccccccyq
2551,16152568,서태혁asdad,"2026-06-09 02:45:33",7.760,14,asdsd123
2552,16536132,DONGXINMING,"2026-07-22 16:54:31",7.761,6,dongxinming
2553,15942343,Wealda,"2026-07-27 16:27:19",7.763,3,"alexmatsnev,zxh666"
2554,16098867,Andrey,"2026-06-12 17:11:05",7.765,20,andrey885
2555,15990787,data_gardening_club,"2026-07-27 13:37:42",7.766,138,"hideyochiba,mitsuaccessjam,tapuntyura"
2556,16256154,"Malinda Ersi Apriana","2026-06-09 11:06:18",7.766,8,malindaea
2557,16239318,"Rofa'ul Akrom Hendrawan","2026-06-22 23:32:54",7.768,36,rofaulakromhendrawan
2558,16430203,Lishuyu,"2026-07-17 20:38:26",7.772,15,lishuyu
2559,16514119,amrrs,"2026-07-09 21:40:06",7.772,2,nulldata
2560,16518024,xiao-xiao,"2026-07-10 21:26:50",7.778,1,alluxia
2561,15970258,vn1111,"2026-07-08 10:32:17",7.779,45,vn1111
2562,16495348,EricBrattain,"2026-07-09 12:20:44",7.780,5,brattain
2563,16447508,kosukemr4,"2026-07-13 18:18:55",7.784,26,kosukemr4
2564,15956040,"Pham Kim Hoan","2026-06-08 06:01:51",7.785,49,pham0030
2565,15866791,takai380,"2026-07-10 03:57:46",7.788,1,takai380
2566,16279265,"Churou Deng","2026-06-29 00:27:54",7.790,15,churoudeng
2567,16290289,"Orange Panda","2026-06-10 20:55:01",7.791,3,orangepanda65
2568,15867586,"Steven Anctil","2026-06-09 21:11:32",7.793,13,stevenanctil
2569,16302733,yayayabebe,"2026-07-06 03:58:48",7.794,9,yayayabebe
2570,16279456,lihualk,"2026-06-24 01:10:08",7.795,17,lihualk
2571,16578666,"Azdeen Mana","2026-07-25 21:36:18",7.798,4,azdeenmana
2572,15865227,"Muhammad Hassan Saboor","2026-07-11 02:12:34",7.798,23,mhassansaboor
2573,16516972,"Chenxi Zhao21","2026-07-20 09:00:27",7.799,12,chenxizhao21
2574,16533181,"SEC Pan","2026-07-12 02:15:46",7.800,5,secpan
2575,16333926,"dunky su","2026-06-20 10:25:21",7.800,2,dunkysu
2576,16101063,hemmi.shoma,"2026-07-27 22:33:11",7.801,11,hemmishoma
2577,16489200,"Nerijus Areska","2026-07-09 16:06:47",7.801,12,nerijusareska
2578,16090272,"Parthkumar Vaghasiya","2026-06-09 07:20:03",7.804,3,parth515
2579,16318735,regressionbender,"2026-06-17 17:14:04",7.806,4,mrtkrshn
2580,15865271,"Alexandr Shustikov","2026-07-26 02:18:36",7.806,44,alexandrshustikov
2581,16114579,"Amos Luna","2026-06-10 07:31:28",7.806,4,amsluna
2582,15940255,"adhithyan u","2026-06-08 17:14:33",7.806,12,adhithyanu03
2583,16369195,AmanThapliyal2000,"2026-07-07 17:35:46",7.808,14,amanthapliyal2000
2584,16259112,たかゆき,"2026-06-20 08:27:47",7.808,57,takayuki0127
2585,16551015,nekoha,"2026-07-27 01:16:45",7.810,6,nekoha
2586,16040319,Unicorn,"2026-07-26 02:04:36",7.811,25,scutxuanyu
2587,16425914,pangzi233,"2026-07-10 06:51:37",7.811,8,pangzi233
2588,16252228,yuanyezhiyin2,"2026-06-10 04:06:27",7.812,10,yuanyezhiyin2
2589,15873862,"Ranjit Jadhawar","2026-07-20 05:31:51",7.812,4,ranjitrjadhawar
2590,16516553,"Siarhei T","2026-07-26 20:17:39",7.815,8,sergeyfedatsenka
2591,16543677,houlidai-jiekiulai,"2026-07-25 16:31:56",7.815,17,houlidaijiekiulai
2592,15931692,"Michael R","2026-07-27 19:33:53",7.815,43,mrpies
2593,16396218,radozaprazny,"2026-07-27 19:00:15",7.815,9,radozaprazny
2594,16137320,Almeida,"2026-06-11 12:12:16",7.816,12,alphaarcher
2595,16095341,"Cameron Magari","2026-06-19 15:06:01",7.822,15,cameronmagari
2596,16400231,"Gaurav #2","2026-07-09 08:40:31",7.823,18,genesis96839
2597,16092356,"Akshat Rai","2026-07-22 07:08:09",7.823,7,akshatrai07
2598,16504508,aminkagg,"2026-07-16 16:11:45",7.825,12,aminkagg
2599,16066984,"SAMIUL ISLAM","2026-06-07 18:18:11",7.825,8,samiulislam180041221
2600,15892803,"Chase Bonfiglio","2026-06-23 01:55:18",7.826,87,chasebonfiglio
2601,16078531,JKLEE,"2026-06-30 06:40:58",7.826,24,jkleescp
2602,16056410,kyoukuntaro,"2026-06-08 11:39:52",7.826,7,yawata
2603,16241266,aks05410,"2026-07-27 10:30:51",7.829,44,aks05410
2604,16153171,"Kate Muret","2026-06-11 03:10:24",7.830,7,katemuret
2605,16262526,nkn079,"2026-07-10 04:12:54",7.830,13,nkn079
2606,16515991,krisha2210,"2026-07-18 17:14:00",7.832,4,krisha2210
2607,15863928,Natsume,"2026-07-28 08:11:58",7.835,26,"minatoyukinaxlisa,qaq7864"
2608,15975853,"Sourish Kumar Dutta","2026-06-06 19:24:12",7.837,3,sourishkumardutta
2609,16273146,MtN,"2026-07-18 18:50:11",7.840,18,mariotrsn
2610,16241815,"opus 5.2","2026-06-17 20:08:47",7.840,20,kunal808
2611,16395624,"Quốc Nguyễn Tiến","2026-06-21 13:31:53",7.844,4,qucnguyntin
2612,15867852,"Anjana mohan","2026-07-27 22:57:21",7.844,62,anjanamohan13
2613,15868534,momo,"2026-07-07 07:56:52",7.846,34,fyenneyenn
2614,16533512,"Erfan Eshratifar","2026-07-28 06:15:06",7.847,19,erfaneshrati
2615,16505180,"Thomas Boser","2026-07-23 04:04:44",7.847,18,thomasb0
2616,16141611,DeadMark,"2026-07-06 02:34:38",7.848,12,deadmark
2617,16468529,"VsOS AGI initiative","2026-07-16 18:22:49",7.850,11,"pasha883,phoenix0501"
2618,16088992,"Thang Dinh ","2026-07-18 23:58:02",7.852,27,redeye2512
2619,16056316,山下　桂汰,"2026-07-22 01:30:02",7.852,1,keitalovereri
2620,15929524,"Restu Anggoro Kasih","2026-06-08 12:08:40",7.852,8,restuanggorokasih
2621,16442218,T88,"2026-07-28 06:21:12",7.853,28,t88take
2622,16516453,"Sergey Shcherbakov","2026-07-17 10:39:06",7.853,8,sergey140146659
2623,16437070,Kain,"2026-07-28 07:16:29",7.855,37,kainsama
2624,15881119,gezi,"2026-07-19 13:49:06",7.856,26,goldenlock
2625,15864127,AidenSong123,"2026-06-08 07:16:22",7.857,46,aidensong123
2626,16536726,"Harshini Reddy","2026-07-27 00:16:28",7.860,11,luffyh04
2627,16152694,"wenqian gao","2026-07-26 14:56:31",7.861,8,"ennazzz,wenqiangao1"
2628,16204657,"Abdullah Kazimov","2026-06-04 16:10:34",7.864,4,abdullahkazimov8
2629,16257275,RuiKimura4,"2026-06-07 09:23:29",7.865,1,ruikimura4
2630,16493879,"shige #2","2026-07-11 09:03:25",7.865,2,shigechan
2631,16513164,"Daniil Tchetyrkin","2026-07-21 04:52:45",7.866,14,daniiltchetyrkin
2632,16091138,EnDream,"2026-06-09 09:24:40",7.866,15,"endream,lfyyqaq"
2633,16427317,"Suliman Tadros","2026-07-18 00:47:56",7.867,15,sulimantadros
2634,15866973,"Bryce Chambers","2026-07-05 17:22:52",7.867,5,brycechambers
2635,16255409,Nrapendra.iec,"2026-06-18 23:12:21",7.868,3,nrapendraiec
2636,15867203,TC,"2026-07-27 14:30:37",7.869,22,tcaines
2637,15924803,"Berke Kuş","2026-06-27 12:26:42",7.870,9,berkekus
2638,16097796,シェリー,"2026-07-27 02:30:29",7.872,20,shelly1017tosei
2639,16407027,保迪di,"2026-06-24 06:44:23",7.872,13,absoluking
2640,16498438,lst1923,"2026-07-08 00:55:54",7.873,2,lst1923
2641,16024377,moth,"2026-06-15 16:19:39",7.877,13,alejopaullier
2642,15872774,"rik srimany","2026-07-10 03:31:04",7.878,47,riksrimany
2643,16150473,"Yusupov Shokhrukh","2026-07-27 12:36:01",7.880,29,trf097
2644,16309494,hoony97,"2026-06-24 08:32:27",7.882,9,hoony97
2645,16062896,CLJY_2026,"2026-06-14 01:09:58",7.883,15,cljy2026
2646,16320583,sabamiso,"2026-07-15 01:43:33",7.883,3,"naru19,thynsia,tokiba"
2647,16480949,ZaynYu,"2026-07-05 08:42:50",7.884,6,zaynyu
2648,16233997,goromaru560,"2026-07-19 05:50:24",7.889,17,gorubachohu
2649,16045309,guozhaojie,"2026-06-11 15:07:49",7.890,16,guozhaojie
2650,16264674,"kan xiao0230","2026-06-10 15:53:55",7.893,12,kanxiao0230
2651,16578398,"SeshuRaju 🧘‍♂️","2026-07-28 03:38:28",7.893,11,seshurajup
2652,15911448,"Keith Tang","2026-06-09 05:12:22",7.893,4,tangtszkwong
2653,15868978,"Takfarines Guergueb","2026-07-25 22:54:40",7.893,17,bachaboos
2654,15982386,JezzLynn,"2026-07-09 06:40:23",7.895,42,jezzlin
2655,16514893,MarkChen08,"2026-07-16 03:17:17",7.897,3,markchen08
2656,16410459,"Charles Murray","2026-07-04 16:37:40",7.899,1,charlesmurray023
2657,16131158,ares89,"2026-06-25 09:39:20",7.905,17,ares89
2658,16210384,mochimaru,"2026-06-08 13:21:25",7.905,1,motimaru
2659,15865308,Berkay,"2026-06-06 21:39:10",7.906,21,stormchaser
2660,16571090,Hawksartelier,"2026-07-26 07:44:44",7.906,11,satyapb2002
2661,16428589,matsu997,"2026-07-27 06:57:23",7.906,38,mastu997
2662,16410731,"Takeshi Kaneko","2026-07-15 22:55:25",7.907,7,takeshikaneko
2663,16492523,"Akira Hinokimoto","2026-07-25 03:40:51",7.907,31,akirahinokimoto
2664,16262299,"Chu-Hsuan Abraham Lin","2026-06-16 19:09:32",7.908,11,chuhsuanabrahamlin
2665,15955090,"Bảo Phan","2026-06-15 16:42:44",7.909,16,baopv05
2666,15881394,"Sam & Claude","2026-07-27 04:10:30",7.911,19,sdarmawan
2667,16329393,"Mazin Mahrouqi","2026-07-10 17:15:48",7.911,5,mazinmahrouqi
2668,15913302,infamemconculcemus,"2026-07-16 18:42:24",7.912,55,jcgweb
2669,15930094,"Julio Contreras","2026-07-27 21:34:29",7.913,99,juliocontreras
2670,16120497,"Maxim Danilov14","2026-06-07 13:06:09",7.915,6,maximdanilov14
2671,16440129,ZhengZou,"2026-07-27 18:56:50",7.915,4,zhengzou0416
2672,15869287,Kaiser,"2026-07-13 13:31:56",7.915,12,kaiserm
2673,16448406,wharekawa,"2026-07-07 01:39:14",7.918,9,wharekawa
2674,16431370,"Abhishek Singh Rawat","2026-06-29 12:03:35",7.925,4,happypanda050
2675,15948222,"Roronoa Zoro","2026-07-28 01:26:22",7.926,14,fevziyeniyol
2676,16557678,"Jonathan Lopes","2026-07-27 08:16:26",7.926,4,jonathanwlopes
2677,16444660,"Iyed Djebbi","2026-07-01 14:39:21",7.927,16,iyeddjebbi
2678,16554196,onepunch999,"2026-07-19 01:49:09",7.929,9,onepunch999
2679,16242362,Kronki,"2026-07-25 12:50:07",7.932,27,kronki
2680,15865412,"Aleksey SCHUKIN","2026-06-10 08:12:20",7.933,25,alekseyschukin
2681,16309703,"Harsh Rajbhar","2026-07-23 12:25:04",7.933,32,harshrajbhar
2682,16388593,"shloak shetty","2026-07-13 06:46:39",7.937,16,shloakshetty
2683,16289640,SullivanV,"2026-07-06 15:49:15",7.937,5,sullivanv
2684,16274293,"Hui Ouyang","2026-07-19 05:03:30",7.938,36,owen1024
2685,16095974,"Alexander Olferuk","2026-06-10 20:59:19",7.941,18,olferuk
2686,16501716,"Jason Lau","2026-07-14 05:28:16",7.942,16,jasonlau219
2687,16274464,"Sena Matsuda","2026-07-27 07:45:14",7.942,66,senamatsuda
2688,16445758,"Wonder women","2026-07-10 09:24:58",7.942,23,"anjelineodero,oglorypaul,paulettedushime"
2689,16150216,r13721,"2026-07-26 13:18:01",7.945,6,r13721
2690,16421680,"Yang Kuang Ou","2026-07-17 11:22:12",7.946,14,yangkuangou
2691,16323253,well-bored,"2026-07-26 09:41:31",7.948,66,"harriwashere,prashantinimaniam"
2692,16198991,Sha85889,"2026-06-09 13:23:12",7.949,8,sha85889
2693,16262886,"Peter Nelson Subrata","2026-06-16 05:19:03",7.952,14,pewqter
2694,16600477,Voodoo_m88,"2026-07-28 07:25:54",7.954,8,voodoom88
2695,15865710,"XS 330","2026-07-12 14:30:41",7.955,15,xblade
2696,16073587,"Danila Goncharenko","2026-07-07 15:31:57",7.956,22,danilegovich
2697,16146661,atokata,"2026-07-11 14:41:17",7.956,8,ktamta
2698,15989399,Mulaydm10,"2026-06-25 05:22:13",7.962,13,mulaydm10
2699,16208054,"batuhan kalem","2026-06-09 18:03:49",7.965,13,batuhankalem
2700,15941624,"Hamid Haghshenas","2026-06-08 10:02:55",7.966,7,hamidhaghshenas
2701,16391512,"Collin Christensen","2026-06-20 09:01:57",7.966,1,cchristens
2702,16496614,"Mohammed salah aldeen","2026-07-07 16:40:53",7.970,2,mohammedsalahaldeen
2703,16370909,fudanLiuby,"2026-07-24 13:47:37",7.971,6,fudanliubingyi
2704,15866879,POR160893,"2026-07-06 11:03:42",7.973,160,por160893
2705,16032775,"Andrea Bonomi","2026-06-14 16:46:59",7.973,30,andreabonomi
2706,15878663,"Md Farhad Hussain","2026-07-07 19:01:47",7.974,10,mdfarhadhussain
2707,16321152,"Vaishak Menon","2026-06-13 04:15:06",7.974,2,mvaishak
2708,16602386,Hadeka,"2026-07-27 16:37:57",7.974,7,elhadeka
2709,16240213,goddamned,"2026-07-17 01:11:30",7.977,6,goddamned
2710,15864090,ENZO_NUM,"2026-07-21 14:43:52",7.979,28,enzonum
2711,15865386,Evdilos_Ikaria,"2026-06-30 16:23:35",7.981,53,georgem
2712,15877450,"Felipe Cataneo","2026-06-30 15:04:15",7.982,19,felipecataneo
2713,16251705,Serendipity,"2026-06-09 08:47:03",7.982,3,stringyixuxi
2714,15915262,mahdi,"2026-06-07 13:38:30",7.987,6,mbonyani
2715,16590342,"tao wu11","2026-07-27 23:39:40",7.988,9,"taowu11,xujchill"
2716,16512756,"İsmet Bayramoğlu","2026-07-20 23:21:00",7.989,2,bayismet
2717,16226263,MAAN,"2026-07-27 18:22:00",7.993,22,"boruixie,maaaaaaaaaaaaaaaaaan,whyking123"
2718,16257509,beijijun,"2026-06-08 15:37:53",7.998,3,beijijun
2719,16395255,菱星旺旺,"2026-07-24 00:24:54",8.003,21,lingxingwang
2720,15936430,"Chofuers ver.2","2026-07-21 08:28:57",8.006,36,"ikaku24,miozune,mutsumin1024"
2721,16531074,Raki,"2026-07-19 11:15:09",8.006,10,raki21
2722,15866242,🫘🏴‍☠️,"2026-06-13 09:32:06",8.010,5,kenpachi99
2723,16232361,Milly,"2026-07-28 03:49:00",8.010,26,genadieva
2724,16338994,"tokuda yujiro","2026-07-16 05:35:09",8.012,17,tokudayujiro
2725,16440232,Supr3mum,"2026-07-10 05:25:44",8.013,12,friklez
2726,16116474,"Keshav Sharma","2026-07-13 12:26:37",8.013,12,keshavsharmagg
2727,16289631,TMTA,"2026-07-27 03:50:17",8.014,14,"shibungi,takayah,tongaricorn"
2728,15881179,jsasnowboarder,"2026-07-26 21:39:21",8.015,21,jsasnowboarder
2729,16407041,ZheMa0306,"2026-06-24 23:52:15",8.015,2,zhema0306
2730,15871489,shion,"2026-07-18 05:37:01",8.017,17,k0tame
2731,16388285,KaitoKusumoto,"2026-07-05 13:17:45",8.021,18,kaitokusumoto
2732,16544031,"Utosu Anita Chiamaka","2026-07-25 23:20:48",8.023,2,utosuanitachiamaka
2733,16285598,"Ritsuki Hoshimoto","2026-06-16 12:15:17",8.026,9,ritsukihoshimoto
2734,15945367,Grantley,"2026-06-07 14:15:48",8.030,7,grantleycullar
2735,15868004,"To be happy","2026-07-28 04:46:26",8.030,87,yaokaixinya123
2736,16290909,hobeter,"2026-06-12 14:34:17",8.031,7,hobeter
2737,15896262,Viktor,"2026-07-26 12:18:07",8.044,58,"andreysurovtsev,hdbchfdcfh,katia9848,klarness,zarbondo"
2738,16251054,ershan23,"2026-06-13 03:21:36",8.046,11,ershan23
2739,16240827,kunai,"2026-07-25 04:15:40",8.052,25,kun4qi
2740,16446479,"Samantha Lemke","2026-07-07 13:06:16",8.060,1,samanthalemke
2741,16401991,SAIKHANTSESTSEG.TS,"2026-07-14 14:13:26",8.066,6,saikhantsestsegts
2742,16286775,witchfinder,"2026-06-24 15:48:15",8.072,14,witchfinder
2743,15864356,marumarukun,"2026-07-16 04:05:49",8.073,20,marumarukun
2744,16022680,paceLee,"2026-07-28 00:55:37",8.076,33,pacelee
2745,15870004,ImtiazX,"2026-06-15 17:47:09",8.078,28,ximtiazx
2746,15923168,JBehan,"2026-06-06 06:42:40",8.079,30,jbehan
2747,16113929,"Chinmay Nadgir","2026-06-07 04:20:53",8.081,11,chinmaynadgirnoob
2748,16163529,collinsmacharia70,"2026-06-07 12:58:00",8.083,4,collinsmacharia70
2749,16418931,Gonhe,"2026-07-06 06:39:11",8.084,13,gonghongyi
2750,16251835,"Andres H. Zapke","2026-06-06 13:58:59",8.086,1,andreshzapke
2751,15881127,bestwater,"2026-07-07 09:32:34",8.091,32,bestwater
2752,16412243,xixii,"2026-06-24 06:07:32",8.097,11,xueshuangyang
2753,16379379,annnguyen25,"2026-06-25 17:42:59",8.098,7,trinhnguyenthmai
2754,16114723,"Sharmila Rijal","2026-06-06 10:17:23",8.101,6,rijalsharmila
2755,15938400,Yann,"2026-06-09 14:20:56",8.101,6,skeeyyann
2756,16068796,Zerolee003,"2026-06-06 09:45:30",8.101,7,zerolee003
2757,16342092,Liornis,"2026-07-04 15:42:59",8.104,13,liornis
2758,16253770,"Tatsuya Tanakaa","2026-06-11 20:51:53",8.106,4,tatsuyatanakaa
2759,15875581,Afr1ste,"2026-06-07 09:04:59",8.107,136,afr1ste
2760,16468683,Luis_Contreras73,"2026-07-08 06:26:10",8.107,22,luiscontreras73
2761,16306793,"Andrey Loskutov","2026-06-25 06:12:09",8.108,11,andreyloskutov
2762,16536697,l'rug,"2026-07-24 23:34:53",8.108,10,sdfsfsfsdf
2763,16071513,KimMun,"2026-07-10 15:44:20",8.111,13,munhyeong
2764,15864010,sigmaborov,"2026-06-07 10:41:28",8.112,4,sigmaborov
2765,16437165,"Gopal Krishna Gundumalla","2026-07-07 08:23:49",8.113,22,gopalkrishnag
2766,16212412,"Lucia Yen","2026-06-27 19:23:35",8.115,24,luciayen
2767,15863518,Souhardya,"2026-07-21 22:38:52",8.119,5,souhardyatalukdar
2768,16532666,saihyou,"2026-07-27 12:07:04",8.119,15,saihyou
2769,16254000,"SOUMYAJIT NASKAR","2026-06-07 10:20:11",8.121,1,thunderstrike07
2770,16535225,X-Fish,"2026-07-17 03:21:38",8.127,12,"hxaxdcs,xiaoyu301"
2771,16370085,"John Wincel Marino","2026-06-29 01:32:04",8.130,10,johnwincelmarino
2772,15912950,"Ghazaros Barseghyan","2026-07-21 14:52:37",8.130,3,ghazarosbarseghyan91
2773,15883754,"SA BEYLER TURK WARMİ","2026-07-23 15:48:42",8.130,16,mertbayraktar
2774,16206461,"Tobias P","2026-06-10 12:36:46",8.135,14,tobiasp123
2775,16426541,"Lior Toledano","2026-06-24 14:40:20",8.139,1,liortoledano
2776,16056886,"GG Ayo (AyoGG)","2026-07-28 08:36:37",8.141,16,ggayoayogg
2777,16603437,"Yaso Sharma","2026-07-27 13:54:01",8.142,3,yasosharma
2778,16100790,Ju,"2026-07-12 02:06:51",8.142,1,juziddd
2779,15874687,T.S,"2026-06-04 19:15:48",8.147,2,birdst
2780,16127096,xerkey,"2026-06-10 08:22:29",8.150,4,xerkey
2781,16371381,Moni,"2026-07-02 06:24:10",8.151,19,monikakocianova
2782,15864007,"Pranay Vishwakarma","2026-06-05 18:31:46",8.153,5,pranayvishwakarma
2783,15889632,"Dimitrios Giannoulis","2026-07-04 20:29:49",8.161,27,plagiagia
2784,16354899,"Dennis Iversen","2026-06-23 07:48:45",8.168,21,diversen
2785,15902570,Experto,"2026-06-06 17:38:59",8.169,2,zahedi
2786,16238545,dreamtear,"2026-06-05 08:34:00",8.169,1,mohanzeng
2787,15876700,"SHUBHOJIT NASKAR","2026-06-05 19:14:34",8.171,7,shubhojitnaskar
2788,16298824,"Quyền Thịnh","2026-06-20 02:43:05",8.174,8,quynthnh
2789,16264977,"Akash Kumar Barnwal","2026-06-08 10:05:25",8.175,1,sumeakash
2790,15869668,Mattpelor,"2026-06-05 15:58:11",8.180,7,mattpelor
2791,15865782,Behrang,"2026-07-11 04:07:49",8.186,3,behrang
2792,16537274,"Zibang Fang","2026-07-26 14:44:56",8.187,3,zibangfang
2793,15872502,kif,"2026-06-05 08:07:35",8.187,42,echigobran
2794,16206866,"Debatreya Biswas","2026-06-05 20:29:34",8.188,3,debatreyabiswas
2795,16268185,"Seunghwan Yoon","2026-06-10 09:44:58",8.189,7,y305205
2796,15867780,hikahika,"2026-06-12 17:47:25",8.193,9,naganohikaru
2797,16138979,kyogosuzuki,"2026-06-19 13:35:11",8.196,1,key2001
2798,16266277,"Andrei Bulzan","2026-06-13 19:56:02",8.200,11,andreibulzan
2799,16016031,"Karol Trawiński","2026-07-27 21:15:22",8.200,25,karoltrawiski
2800,15924957,Eugene,"2026-06-05 15:45:47",8.201,1,eugenesysu
2801,16093589,"Benedek Brandschott","2026-07-03 07:22:13",8.205,20,benedekbrandschott
2802,15870308,"Amit Gautam02","2026-06-05 08:36:55",8.206,12,amitgautam02
2803,16073838,Hinata,"2026-06-07 14:04:28",8.208,14,mihoirie
2804,16062910,UnRealYoussef,"2026-07-27 21:21:47",8.208,38,youssefsalemishere
2805,15888284,MasonLeSaint,"2026-06-14 17:20:32",8.209,16,masonlesaint
2806,15870737,"HARIKRISHNA K R","2026-06-13 17:08:08",8.211,1,harikrishnakr
2807,15983273,Chalyx,"2026-07-03 10:02:20",8.211,19,chalyx
2808,16245648,"Adrian Acala","2026-06-06 00:34:19",8.218,8,pirho3141
2809,16045012,RebelRaider,"2026-06-06 13:51:09",8.222,48,chesnikovleonid
2810,15873881,"Yuya Shintani","2026-07-27 22:52:59",8.225,30,uplus26e7
2811,16480429,Epoch0,"2026-07-23 17:45:40",8.225,63,"faye1113,jingwenzhengyaya,wangqianada"
2812,16088006,"Jiayou(Rick) Liang","2026-06-05 09:31:07",8.229,28,jiayourickliang
2813,16320637,YsM0819,"2026-07-28 02:27:43",8.232,34,ysm0819
2814,16127955,"Wilmer E. Henao","2026-06-05 04:09:55",8.234,10,verracodeguacas
2815,16098868,__ChrisQ__,"2026-06-18 17:14:02",8.235,34,chrisqiu
2816,15885054,Mommi,"2026-07-10 08:00:05",8.238,74,khaledben
2817,16320564,shin0000,"2026-07-18 13:34:18",8.240,13,shin0000
2818,16532490,"gavi asai","2026-07-27 22:11:50",8.241,35,gaviasai
2819,16443617,"Stefan Henß","2026-07-10 13:07:51",8.249,37,shenss
2820,16440763,"Daniil Stepanov","2026-06-28 09:11:43",8.251,8,sweetlhare
2821,16450030,Measurement,"2026-07-02 00:22:27",8.251,14,"yanwenwang2001,zjwxdu,zyliangk"
2822,15886174,"Kea Kohv","2026-07-21 21:18:39",8.256,92,keakohv
2823,15864211,"Triston Morgan","2026-07-13 13:40:53",8.258,6,yanzhou06
2824,15868028,motono0223,"2026-07-25 07:15:18",8.259,15,motono0223
2825,16114711,"Zitong Xi","2026-06-11 05:22:53",8.259,6,"apriljcc,oliverkang,xixueba"
2826,15888484,"Vasu Bhut","2026-07-14 14:34:52",8.259,3,vaisubhut
2827,16234261,"DL Geeks","2026-07-26 01:40:14",8.259,4,"adaptron,andrewhushcha,danielkholodenko,kspatel"
2828,16599787,"Rishabh Roy","2026-07-27 11:15:51",8.259,7,rishabhr0y
2829,16429143,"Tahar HAMDAOUI","2026-07-19 09:11:44",8.260,23,taharhamdaoui
2830,16447131,"Arya Arun","2026-06-30 08:47:27",8.264,4,aryaarun07
2831,16339463,"Akai Red","2026-07-26 21:55:50",8.267,14,akaired
2832,16516868,Wyrmbane,"2026-07-12 13:24:51",8.271,4,yuson9
2833,16490475,k1ownnn,"2026-07-05 17:50:05",8.272,3,k1ownnn
2834,16394541,Vicky@126,"2026-07-05 05:08:48",8.273,3,vicky1262
2835,16063002,"LI YIYANG829","2026-06-11 08:02:36",8.279,37,liyiyang829
2836,16414665,"[Deleted] 67e2b74a-34e0-4ed2-bb4c-67c57ecbe0f0","2026-07-06 11:07:07",8.285,21,del=5ba755dbe30a02fb
2837,16063639,hasibirok0,"2026-06-06 10:17:46",8.294,10,hasibirok0
2838,16486877,"Michael Spina","2026-07-09 23:21:41",8.294,4,h1csuntdr4c0n3s
2839,16487749,KiloTango,"2026-07-09 20:15:41",8.295,8,kilotango
2840,16600789,AnaLuisa2901,"2026-07-27 23:54:29",8.309,2,analuisa2901
2841,16104664,banzai8031,"2026-06-21 10:00:11",8.310,3,banzaikazuya8031
2842,16104942,"Prashanth Reddy Biyyani","2026-07-16 04:37:31",8.310,20,"prashanthbiyyani,sumu1526"
2843,16282599,rariwa,"2026-07-17 22:55:12",8.313,10,rariwa
2844,16100577,"Enfance finie","2026-06-08 19:35:46",8.318,30,enfancefinie
2845,16099083,mywind,"2026-06-04 12:23:33",8.320,13,mywind
2846,16420058,"Hiệp Lê Văn","2026-06-25 11:41:28",8.323,3,hieplv
2847,16552346,Doug,"2026-07-21 19:22:43",8.324,12,dougsgrott
2848,16434279,"Prabhath Vinay","2026-07-01 06:27:48",8.328,9,prabhathvinay
2849,16301326,"shinya kaneda","2026-06-17 13:11:14",8.328,9,snykaneda
2850,16029569,"duder broseph","2026-06-24 04:09:29",8.328,18,duderbroseph
2851,16572990,"Sun Youran","2026-07-25 00:02:16",8.329,15,sunyouran
2852,15864464,NANACHI,"2026-06-29 12:55:54",8.335,2,wadakoki
2853,16457358,"Zhe Arthur","2026-07-06 02:35:13",8.335,17,zhearthur
2854,16553326,G_ssk,"2026-07-22 13:54:51",8.343,12,thinkphil
2855,16425494,"Yash Vardhan","2026-07-09 06:27:09",8.353,4,poruskapil1
2856,16110600,doublechoice,"2026-06-04 05:09:28",8.353,11,"doublechoice,songpeixu"
2857,16516675,nanare,"2026-07-20 06:42:48",8.355,8,nanaresudo
2858,15876801,Abdulsamad,"2026-06-23 17:47:03",8.356,7,abdulsamadjod1234
2859,16209138,MMM,"2026-07-27 23:37:37",8.357,31,"del=7ba178d22afbdc70,kazuyamiki,midorikawayuuri,yotarokagn,yukiy04"
2860,15873628,YassY_The_AlchemYst,"2026-07-11 10:37:15",8.362,32,yassineelhallaoui
2861,16452300,"Prince of Lanling","2026-07-27 08:07:34",8.367,22,zjm271441
2862,15870203,HongyuChen123321,"2026-06-05 06:50:49",8.375,10,hongyuchen123321
2863,16439385,Aristotle.Chen,"2026-07-08 18:15:09",8.376,39,aristotlechen
2864,15929644,"Andrey Kozhemyakin","2026-07-16 11:49:37",8.376,10,andreykozhemyakin
2865,15867849,SSV,"2026-07-12 23:31:42",8.378,3,vigneshirtt
2866,16108811,harrykuo1,"2026-06-07 01:59:55",8.386,27,harrykuo1
2867,16233608,"RADU ȘTEFAN BANCU","2026-06-05 13:29:13",8.388,2,radutefanbancu
2868,15876915,stefanoclss,"2026-06-24 15:41:00",8.389,10,stefanoclss
2869,16071263,Aigege,"2026-06-08 05:44:54",8.403,12,zslkaggle
2870,16013110,func-nano,"2026-06-28 08:43:47",8.404,6,funcnano
2871,16099047," Cheery Ose","2026-06-10 08:41:26",8.407,2,cheeryose
2872,16406926,UD,"2026-07-11 16:51:31",8.410,6,utkuduzen
2873,16488547,"Labmem Tang","2026-07-20 16:45:50",8.411,13,labmemtang
2874,15864401,MansaMusa,"2026-06-21 12:27:52",8.412,9,bomera
2875,16533887,Void_Rune,"2026-07-28 02:13:09",8.413,7,voidrune
2876,16385426,"GIVE ME A JOB","2026-06-20 06:23:04",8.419,9,tarokogawa
2877,16237106,"Likai Su","2026-06-10 08:44:34",8.419,8,likaisu
2878,15892744,"Kairui Huang","2026-06-04 10:32:49",8.425,32,kairuihuang
2879,16229754,k3218321757,"2026-07-06 16:00:19",8.433,13,k3218321757
2880,16305486,"Otmane Elmahda","2026-06-17 04:11:39",8.437,4,otmaneelmahda
2881,16482815,draccoo,"2026-07-03 22:23:49",8.443,2,draccoo
2882,16087621,NyuuDev,"2026-06-10 03:14:42",8.449,48,nyuudev
2883,16574155,"Kabil is Trying","2026-07-22 04:53:56",8.451,5,kabilrh
2884,16465114,"All I need is you","2026-07-28 11:07:07",8.453,11,"deersirz,elainanami,shoulesui"
2885,16551308,Faruq,"2026-07-21 11:27:10",8.454,7,dossofalikou
2886,16420505,"Ehab Ibrahim Khalil Mohamed","2026-06-25 14:35:50",8.454,3,ehabkhalil0
2887,15865645,SajayR,"2026-07-12 03:41:12",8.455,10,sajayr
2888,16262727,"Na Ve Ba","2026-07-24 20:11:44",8.460,4,naveenvenubagadi
2889,16582910,"Mehmet Ensar Çetin","2026-07-28 00:56:21",8.462,3,mehmetensaretin
2890,16230425,zhegerushigui666,"2026-06-12 18:00:37",8.471,5,zhegerushigui666
2891,15919896,Xudream,"2026-06-10 15:53:01",8.479,31,xudream
2892,15866975,"PC Jimmmy","2026-07-27 13:15:29",8.483,163,"medali1992,pcjimmmy"
2893,16372244,"Михайлов Сергей Никитович","2026-06-29 10:30:53",8.485,5,sergeymikhailovn
2894,16256477,"Me and me","2026-07-27 15:21:39",8.487,42,solomonseifu
2895,16145819,wjy,"2026-06-04 02:54:31",8.492,3,wjy030522
2896,16287442,"Hsyn Kskn","2026-07-27 09:53:53",8.492,85,hsynkskn
2897,15920810,"Tao Song ","2026-06-12 05:49:36",8.494,6,taosongmath
2898,15942500,Steven_Y,"2026-07-26 13:25:22",8.495,7,yyyu54
2899,16057679,YU_OBA2000,"2026-07-05 04:11:30",8.496,55,yuoba2000
2900,16283055,Asg2005,"2026-06-30 02:08:42",8.496,9,asg2005
2901,16552833,"Ahmet Karagöz","2026-07-24 11:14:24",8.497,12,ahmetkrgztr
2902,16028614,Helldiver,"2026-06-02 18:35:16",8.500,8,navyabhat239
2903,16224461,moisougata,"2026-06-07 14:01:38",8.502,9,moisougata
2904,16390795,"khalid harouach","2026-07-19 19:31:53",8.503,37,khalidharouach
2905,16468527,paragura,"2026-07-20 04:44:10",8.505,24,itiromuro
2906,16537048,"Runsheng Tian","2026-07-15 00:58:38",8.510,9,runshengtian
2907,16145051,fukangzhang9,"2026-07-28 04:38:36",8.510,32,fukangzhang9
2908,16235278,Amaranta,"2026-07-18 03:35:31",8.515,11,ulyanovantonamaranta
2909,16459964,橋本徳蔵,"2026-07-20 04:03:42",8.525,4,htstlx
2910,16157366,"Ruoxuan Zhuang","2026-06-08 12:43:04",8.525,9,ruoxuanzhuang
2911,15867962,嘴爷,"2026-06-06 05:48:04",8.527,26,zui0711
2912,16540112,234411,"2026-07-16 15:41:37",8.528,6,tudousisi
2913,16097741,"Shaaz Hussain","2026-07-24 15:21:20",8.536,49,shaaz74
2914,16392960,GordenGao,"2026-07-03 13:02:30",8.538,11,blownb
2915,16494217,Chris_CH_Lee,"2026-07-26 13:05:38",8.540,30,chrischlee
2916,16439493,o_O,"2026-07-09 03:27:46",8.541,10,kegelkaggle
2917,16379236,scroller,"2026-07-05 09:31:13",8.545,54,scroller
2918,16137188,"Osamah Sarraj","2026-06-05 02:45:49",8.564,14,osraj0
2919,16201570,"Nikitas Sourdakos","2026-06-19 08:43:57",8.565,6,nsourdakos
2920,16270964,beifa,"2026-07-21 21:29:56",8.566,56,beifaa
2921,15871478,ToMo,"2026-07-13 03:45:43",8.571,33,tomohiroh
2922,16424463,hidenov,"2026-07-23 08:25:08",8.577,15,hidenov
2923,15880347,askbox,"2026-07-02 08:46:06",8.581,8,askboxnet
2924,16016980,"Pavel Kazlou","2026-07-26 11:11:37",8.589,9,paulik
2925,16125185,"Asterios Terzis","2026-06-11 08:46:14",8.598,13,asteriosterzis
2926,15867040,"🐢 Jun Koda","2026-07-08 23:24:54",8.598,6,junkoda
2927,16410892,"Anh Lam","2026-07-27 23:34:54",8.598,10,amelialam
2928,16531582,ml_explorer,"2026-07-16 16:17:54",8.599,1,vaibhavbansal
2929,16493028,"yinsu mirage","2026-07-16 08:39:45",8.600,3,yinsumirage
2930,16332694,iam_groot,"2026-06-24 13:10:04",8.601,14,atsuh02
2931,16438375,0STG0T,"2026-07-01 00:55:30",8.606,5,oostg0t
2932,16301278,"Leonard Wetzel","2026-06-13 12:25:35",8.614,9,leonardwetzel
2933,16161960,neuroslop,"2026-06-15 20:43:05",8.631,24,"gerantonstorm,viktor1709"
2934,16558148,ommo007,"2026-07-19 07:51:35",8.642,9,ommo0047
2935,15895321,"Kan #2","2026-07-16 04:21:16",8.646,13,kantamotohashi
2936,15878525,"Musab Ahmed","2026-06-09 16:09:34",8.646,55,musabyagoub
2937,16245356,"Juan Luis Carrasco Merchán","2026-06-19 02:45:51",8.652,18,jlcarrasco
2938,16254230,"Silicon Valley","2026-06-26 22:31:18",8.653,9,"circiumaru,dulgherustefan,radugoga"
2939,16466277,"Dmitry Bardonov","2026-07-01 21:16:34",8.658,3,bdesim
2940,16512746,"Ohm Mingrath","2026-07-12 04:10:06",8.661,7,mingrathmekavichai
2941,16238672,"sergio callarelli","2026-06-29 19:01:35",8.666,12,sergejc
2942,16591569,Pones_kaggle,"2026-07-28 06:41:00",8.675,20,pyd966
2943,16464308,董子廉（六道仙尊）,"2026-07-04 11:02:06",8.697,6,dzl666
2944,16401564,"Samar Abbas , Abhay Prabodh","2026-07-19 13:46:40",8.705,5,"abhayprabodh,s19757777777777777"
2945,15876204,"Tariku Mehdi","2026-07-26 09:26:03",8.710,50,tarikumehdi
2946,15876946,"james harden FC","2026-06-10 06:40:51",8.718,25,kirosamurai
2947,15967777,himkkk,"2026-06-12 16:49:27",8.723,25,himkkk
2948,15947029,WangZhi0201,"2026-07-21 09:15:25",8.723,8,"tyalia23123,wangzhi0201"
2949,16598256,"junwei lee","2026-07-27 05:01:25",8.724,3,ljwyoona
2950,16568705,"Minkyu Jung","2026-07-20 13:10:20",8.724,4,lepus2
2951,16375233,LagrangianLocomotive,"2026-07-03 17:13:27",8.730,8,lagrangianlocomotive
2952,15909982,"Panagiotis Niarchos","2026-07-12 15:28:47",8.732,15,panagiotisniarchos
2953,16132046,RiN0804,"2026-06-04 14:21:04",8.737,5,rin0804
2954,16375553,"Arnab Paul Choudhury","2026-07-28 09:04:02",8.738,5,oshin94
2955,15893533,s.sato,"2026-07-16 08:07:47",8.739,33,ssato23216
2956,16448409,guptadev26,"2026-06-30 21:23:17",8.740,3,guptadev26
2957,16117205,Rishpal27,"2026-06-10 11:08:01",8.745,4,rishpal27
2958,16213296,groovin,"2026-06-05 02:42:20",8.747,6,dhruvgup1a
2959,16486243,"Oleksandr Kovalchuk","2026-07-06 15:24:32",8.750,2,oleksandrkovalchuk
2960,16086788,"Shamim Kabir Kazim","2026-06-18 21:59:29",8.757,11,shamimkabirkazim
2961,16450358,Sethroth,"2026-07-14 09:40:38",8.772,1,sethroth
2962,16132727,"Im so tired","2026-06-04 07:01:51",8.777,3,yfrite
2963,16099415,Poemcourt,"2026-06-04 03:50:45",8.777,8,poemcourt
2964,16213823,ChengxuGu,"2026-06-04 07:40:57",8.777,1,chengxugu
2965,16200604,GarbageOoze,"2026-06-06 06:47:02",8.777,14,garbageooze
2966,15903444,KDEEEE,"2026-07-25 15:00:34",8.777,38,kdeeee
2967,15937377,"Sangram Patil","2026-07-10 12:17:03",8.781,48,sangrampatil5150
2968,15872367,"RODNEY MAWERO","2026-06-10 18:26:19",8.781,7,rodneymawero
2969,16056166,AdhokshajaPradeep,"2026-06-07 06:03:49",8.781,4,adhok93
2970,15907792,"Team 15","2026-06-21 08:09:04",8.781,24,"gkwhddnr,sehoon0529"
2971,16043699,inori315,"2026-06-27 08:12:07",8.781,1,inori315
2972,15891915,NobelK5342,"2026-06-10 12:35:29",8.782,26,nobelk5342
2973,16146250,狼山客,"2026-06-05 06:23:58",8.782,7,va11ey
2974,15870580,"Naveed Ali","2026-06-30 08:46:53",8.783,52,naveedali86
2975,16591650,Sere1n,"2026-07-27 07:03:38",8.790,11,chacc0
2976,16426754,Touyu,"2026-07-12 17:19:22",8.798,2,yutoaoki
2977,15975433,JK,"2026-07-22 15:39:26",8.799,3,kjenia
2978,16592339,"Satishvaran Ragu","2026-07-25 01:39:06",8.802,3,satishvaranragu
2979,16253067,"Philip Snyder","2026-06-10 14:16:03",8.803,5,darkhorsecodes
2980,16199480,"Pravin Takpire","2026-07-18 14:25:18",8.803,3,pravintakpire
2981,16037608,KitLim,"2026-06-20 10:17:50",8.814,23,"limkskr,sunghunim"
2982,16479992,"Imran Ahamed","2026-07-22 07:46:42",8.815,14,immu4989
2983,16380174,SebastianQbiak,"2026-06-19 13:12:59",8.819,5,sebastianqbiak
2984,16532904,"Nick Koron","2026-07-23 10:26:00",8.826,15,nickkoron
2985,16156579,JustinybGao,"2026-06-16 06:35:18",8.830,15,justinybgao
2986,16031384,"daliang chen","2026-06-08 12:43:46",8.832,43,daliangchen
2987,16223875,smalltrain,"2026-07-08 14:42:18",8.835,9,smalltrain
2988,16602435,"Chirag Kapoor","2026-07-27 20:46:46",8.836,4,chikap
2989,16169998,hono6(#._.)b,"2026-07-11 16:37:15",8.848,6,hono6b
2990,16159621,"Semih Eren","2026-07-28 06:50:35",8.854,17,semiheren
2991,15997293,kumaram_vipinam,"2026-06-20 10:37:32",8.855,5,kumaramvipinam
2992,16153971,krittao3,"2026-06-04 11:40:36",8.860,7,krittao3
2993,15923050,"Vinh Nguyen","2026-06-03 06:42:50",8.860,12,vinhnguyen
2994,16193489,"Yihan Guo","2026-06-03 09:49:55",8.860,1,yihanguo
2995,15864453,"Alhasan Abdellatif","2026-06-03 13:19:52",8.860,87,alhasanabdellatif123
2996,16158265,oliver,"2026-06-12 04:44:41",8.860,22,oliverlang
2997,16131159,"Dimple Bhardwaj","2026-06-03 17:22:13",8.860,2,dimplebhardwaj536
2998,16070127,"Daniel Sleiman","2026-06-04 04:20:45",8.860,11,danielsleiman
2999,16509147,"Alexander Chesnokov","2026-07-14 13:16:12",8.860,3,alexanderchesnokov
3000,16088512,hadimaster,"2026-06-09 01:33:49",8.863,20,hadimaster
3001,16056170,andreafe,"2026-06-02 04:38:57",8.863,22,andreafe
3002,16060865,"Rachit Yadav","2026-06-27 00:26:13",8.863,15,rachiteagles
3003,16153873,"Sungu Kang","2026-06-02 06:44:57",8.863,1,sungu122
3004,16155719,XiaoZhiren,"2026-06-04 08:48:15",8.863,3,xiaozhiren
3005,16155975,"Harish Yadav","2026-06-07 19:43:36",8.863,4,harishyadav0506
3006,16129717,"sunil kumar","2026-06-08 15:47:55",8.863,6,sunil123kumar
3007,16084887,UddipanB,"2026-06-02 11:12:00",8.863,4,uddipanb
3008,15922891,yuhaman,"2026-06-02 12:20:00",8.863,3,yuhaman
3009,15869513,eiheychan,"2026-06-08 11:14:17",8.863,74,eiheychan
3010,16021278,borkun0429,"2026-06-10 05:22:23",8.863,26,borkun0429
3011,16065184,"Alexander Smetannikov","2026-06-02 21:31:41",8.863,5,smetannikov
3012,16102201,"Aman Sharma","2026-07-03 13:28:23",8.863,6,aman5153684
3013,16000113,irona,"2026-06-08 10:01:01",8.863,14,ironaa
3014,16141637,"NUP CSAI","2026-07-27 12:55:23",8.863,19,"goshectiveog,mikhailfadin,valentinhilko"
3015,16170846,MingKai123,"2026-06-03 02:29:55",8.863,1,mingkai123
3016,15885709,"yangdon tshering","2026-06-13 08:43:00",8.863,66,yangtshering
3017,16042251," ykn_718","2026-06-05 06:36:21",8.863,12,ykn718
3018,15880225,Yuto.T,"2026-06-03 14:40:19",8.863,5,yutotamura
3019,15949915,"Ettore Magni","2026-06-04 14:57:03",8.863,4,ettoremagni
3020,16145289,"Abongile Njokwana","2026-06-05 19:07:16",8.863,2,abongilenjokwana
3021,16111395,"Arko Bera","2026-07-04 12:24:03",8.863,1,cartoonistbeard
3022,16490655,wsdsby,"2026-07-08 19:13:14",8.869,9,wsdsby
3023,16430364,"Daystrom Institute","2026-06-30 20:52:23",8.870,16,rijulgupta
3024,16535922,"Gudla Sanjay","2026-07-15 09:17:28",8.882,10,gudlasanjay
3025,16146847,"Zeynep Başar","2026-06-11 03:04:50",8.892,22,zeynepbaar
3026,16269714,나경흠,"2026-06-15 01:37:36",8.893,11,skrudgma
3027,16586465,"Sushanth Tiruvaipati","2026-07-27 20:20:40",8.905,4,sushanthtiruvaipati
3028,16402583,"Alberto Mocchi","2026-06-22 18:09:29",8.909,5,albertomocchi99
3029,16462705,Javier,"2026-07-28 03:03:48",8.912,53,javiernavas
3030,16510272,"Edidiong-Abasi Anwanane","2026-07-21 14:22:56",8.913,26,didianwanane
3031,16437887,Kemamire,"2026-07-05 05:10:04",8.915,3,nishimuraryo
3032,16443730,"Anjou Makino","2026-07-06 16:36:40",8.915,29,anjou0618
3033,16204914,GEOTRON,"2026-07-27 17:23:21",8.936,26,"adithyaled24b039,sagarred24b026"
3034,16413374,Boltuzamaki,"2026-07-23 16:18:24",8.940,10,boltuzamaki
3035,16112088,"Tommy Lar","2026-06-03 18:17:19",8.945,19,tommylar
3036,15973765,"Parthiban Elavarasan","2026-07-13 13:46:03",8.948,35,parthibanelavarasan
3037,16512853,"Chutayu Adhittayawong","2026-07-12 07:57:32",8.954,3,arteezy009
3038,16435896,"Mahesh Chandrashekharan","2026-07-02 04:15:36",8.969,7,maheshshekharan
3039,16457127,"Just A game on your lips","2026-07-27 09:34:08",8.970,2,proptiter
3040,16382448,kaggle_what,"2026-07-03 00:12:08",8.971,40,kagglehyzkaggle
3041,16433344,Threadclaim,"2026-06-29 12:21:24",8.975,2,threadclaim
3042,15929272,"Marcin Wojciechowski","2026-06-21 11:36:15",8.979,74,marcinwojciechowski
3043,16566062,Smrn111,"2026-07-19 16:45:48",8.985,3,smrn111
3044,16434421,"Yusuf kerem","2026-06-26 09:15:22",8.985,1,yusufkeremt
3045,16374097,k289399799,"2026-07-06 06:02:51",8.988,5,k289399799
3046,16586753,xandr_jih,"2026-07-28 09:38:16",8.996,12,xandrjih
3047,16153652,"Saurav Chaudhari","2026-06-04 08:13:13",9.001,4,saur3x
3048,16143223,nbhk,"2026-06-24 13:38:15",9.001,4,msmnbhk
3049,16241522,"George Daniel Gherasim","2026-06-23 23:10:56",9.005,18,georgedanielgherasim
3050,16542865,Huuyx1,"2026-07-28 05:07:17",9.011,6,huuyx1
3051,16106731,"Tejas Arondekar","2026-06-09 07:56:18",9.012,7,cyclotorn
3052,16579084,FlameZywoo,"2026-07-26 12:01:24",9.014,5,zgdllt
3053,16370747,larry54321zhao,"2026-06-29 17:04:35",9.022,16,larry54321zhao
3054,16535345,monoqlo78,"2026-07-20 09:15:16",9.028,8,monoqlo78
3055,16596807,"Martin #2","2026-07-27 07:15:15",9.036,9,martinwasswakalema
3056,16607133,esis_ai,"2026-07-28 06:58:30",9.038,4,alexesn
3057,16534890,cstdy,"2026-07-26 10:59:19",9.040,7,kirill0212
3058,16151943,azita,"2026-07-28 11:05:19",9.056,10,azita0127
3059,16400002,Nirvana,"2026-07-06 00:22:21",9.057,15,alchemist101
3060,16112767,fanyuchen,"2026-06-08 15:32:36",9.062,30,chenyfdws
3061,15867813,"preetham krishna","2026-06-10 02:11:19",9.062,18,preetham1239
3062,16059412,"Visca Barça","2026-06-03 05:06:33",9.064,3,alikhalil10
3063,16209732,Dreamurr,"2026-06-04 18:49:57",9.064,4,dreamurr
3064,16470907,"Tim Stock4433","2026-07-10 13:56:26",9.074,2,timstock4433
3065,16042712,moritake04,"2026-07-05 05:38:19",9.078,6,moritake04
3066,16583318,"Semyon Epanov","2026-07-27 01:56:55",9.079,1,semyonepanov
3067,16392697,"Dynastes hercules","2026-07-08 21:56:06",9.092,4,joeonaka
3068,15941516,SniperGotYou,"2026-06-23 15:42:13",9.096,62,snipergotyou
3069,16509942,"Quentin LBZ-GIU","2026-07-27 22:59:14",9.099,2,quentinlbzgiu
3070,16395846,飛線炯,"2026-07-27 11:43:19",9.099,24,kaizocoolworld
3071,16134390,4san,"2026-06-14 21:06:08",9.102,5,soreiru
3072,16287640,Wangrevelainapple,"2026-06-12 18:34:32",9.105,6,wangrevelainapple
3073,16001895,"KUSHAGRA MATHUR","2026-06-24 13:15:55",9.120,20,kushubhai
3074,15868780,"Marcus Qin","2026-05-20 04:35:38",9.120,22,marcusqin
3075,16036257,mohsen2050,"2026-07-24 23:19:23",9.134,42,mohsen2050
3076,16579306,"Rishi Jambagi","2026-07-27 00:04:10",9.144,7,rishijambagi
3077,16116184,Sunnywu27,"2026-05-31 18:59:59",9.150,9,sunnywu27
3078,15870592,"Vaibhav Sharma","2026-06-01 05:53:05",9.150,3,vaibhavsharma3012
3079,15911012,vamos_field,"2026-06-01 12:52:03",9.150,13,kotaroosako
3080,16145929,DeeperNet,"2026-06-01 14:20:25",9.150,1,deepernet
3081,15898175,donaldxu,"2026-07-19 09:46:28",9.150,13,abc1705
3082,16146613,Oliver,"2026-06-01 15:07:28",9.150,2,wangzn0410
3083,16148514,olougern111,"2026-06-01 18:53:22",9.150,2,olougern111
3084,16150949,"Jiyong Kim","2026-06-02 03:04:04",9.150,5,jiyongkim11
3085,15946026,Dec20B,"2026-06-02 02:41:15",9.150,11,xupeng9702
3086,16154825,"Jiayi Du","2026-06-07 13:08:34",9.150,15,jahyee
3087,16105500,"CHEN YUXUAN","2026-06-25 03:33:04",9.150,12,chenyuxuan020117
3088,16206012,"Petits Enfoirés","2026-06-03 20:00:23",9.150,1,petitsenfoirs
3089,16282363,MinghaoFu0609,"2026-06-10 00:14:33",9.150,2,minghaofu0609
3090,15908225,!!!!!,"2026-07-14 09:36:10",9.150,11,forgakki
3091,16472306,symmys,"2026-07-28 10:12:41",9.156,2,toasthink
3092,16267121,"Rohit Gurung","2026-07-28 05:35:54",9.162,77,"rohitgrg,suvayashrestha"
3093,16404046,"Goutham Varma Indukuri","2026-07-21 22:47:45",9.167,2,gouthamvarmaindukuri
3094,16186148,嵇禄lugent,"2026-06-11 03:53:27",9.175,11,lugent
3095,16395658,"Алексей Пахомов","2026-06-20 23:36:36",9.175,1,whofromfriends
3096,16427995,"Abolfazl Vaezi","2026-07-05 10:58:38",9.184,8,abolfazlvaezi
3097,16297970,"Zeyu Feng","2026-06-13 04:04:48",9.226,3,zeyufeng
3098,16443218,monbayashi,"2026-07-05 11:58:33",9.232,7,monbayashi
3099,15974383,"Chirag Desai","2026-07-27 21:03:55",9.233,77,cid007
3100,16242724,Pavlichenko,"2026-06-28 22:23:35",9.236,10,shionpavlichenko
3101,16594637,ChrisDavis,"2026-07-27 19:38:01",9.250,6,alpacas
3102,16320402,Ryuuga89,"2026-07-26 16:31:50",9.257,12,"bossaertsvincent,harukikasamatsu,ryuuga89"
3103,16131829,Morbius108,"2026-06-23 10:43:03",9.263,27,akash108
3104,16434701,yirmiüçellidokuz,"2026-07-17 11:51:16",9.269,4,truthisneverlinear
3105,15876408,Qixiu,"2026-05-21 01:34:34",9.273,34,lantingguo
3106,16300921,"Maksim Kostritsya","2026-06-11 16:08:04",9.273,3,maksimkostritsya
3107,16485293,Михаил,"2026-07-05 05:30:14",9.278,4,jazzyflavor
3108,16031524,shineminkhant31,"2026-05-25 08:21:30",9.294,10,shineminkhant31
3109,16535441,OSELCOUN,"2026-07-22 17:53:57",9.300,10,vibekaggler
3110,16582881,"Jared Floersch","2026-07-23 06:24:34",9.309,2,jaredfloersch
3111,15902796,"Manushina Svetlana","2026-06-13 00:14:31",9.312,27,manushinasvetlana
3112,16360394,"Hiroki Deutsch","2026-07-11 13:29:53",9.319,29,hirokideutsch
3113,16079023,perchik228,"2026-05-30 19:56:27",9.324,13,perchik228
3114,16543142,"Vedant Gupta","2026-07-23 08:46:19",9.329,16,vedantgupta070
3115,15929654,suguuuuu,"2026-05-29 22:54:36",9.336,14,sugupoko
3116,15908843,Alfaxad,"2026-05-20 16:06:45",9.341,30,alfaxadeyembe
3117,16007785,"Son Pham","2026-05-18 15:17:47",9.355,3,sonphamorg
3118,16018848,yamanoue_sinbee,"2026-07-11 21:57:57",9.359,3,yamanouesinbee
3119,16449628,"Chuong Phung","2026-07-03 18:33:15",9.360,12,chuongpo
3120,16110373,"Julien Genzling","2026-07-14 09:33:20",9.362,10,juliengenzling
3121,15948553,mins0_0,"2026-05-29 14:44:24",9.374,12,mins00
3122,16386968,LazyCoder,"2026-07-01 05:00:57",9.374,17,thanhcao
3123,15874926,Justus,"2026-06-10 18:16:39",9.384,88,justus0
3124,15876812,Ko,"2026-07-28 07:18:09",9.388,80,komurase
3125,16583001,"Abhimanyu R B","2026-07-26 09:56:11",9.389,8,abhimanyu122
3126,16177495,"Ivan Tretyakov","2026-06-03 03:56:07",9.390,1,hopeofchange
3127,16443957,"Noussair Mighri","2026-07-27 17:00:01",9.396,34,noussairmighri
3128,15940119,"seeker wind","2026-05-26 06:43:06",9.401,23,seekerwind
3129,16417684,shahram,"2026-07-13 00:16:26",9.404,31,shahramk61
3130,15928884,BNBU_group7,"2026-05-16 18:31:10",9.407,10,"brittanybnbu,jinyishan,pepperfan"
3131,16555220,wataru420,"2026-07-28 04:28:28",9.409,35,wataru420
3132,16092080,"Jie Li","2026-05-30 21:52:45",9.417,9,drjieli
3133,15870955,"Byron Odhiambo","2026-06-14 07:29:01",9.418,28,byronodhiambo
3134,15864976,"Shamil Yagiyayev","2026-05-17 20:35:55",9.426,45,thegrey
3135,16331311,cryptozenith,"2026-06-17 03:41:48",9.430,6,cryptozenith
3136,15883372,"Divyam Singh","2026-07-11 07:45:48",9.433,4,"divyamsingh2356,manishmodak"
3137,15923561,jayhun,"2026-05-22 03:48:36",9.436,2,cyberzzhhss
3138,15873555,"Crystal Wong","2026-05-25 06:17:53",9.438,4,crystalwong01
3139,15884088,wuxi,"2026-05-29 09:04:47",9.438,41,wuxi223
3140,15934942,lanyangyangdangdachu,"2026-05-21 10:37:28",9.438,10,lanyangyangdangdachu
3141,16029488,"Maman Salto","2026-06-02 11:00:23",9.439,8,saddamaditya
3142,15864975,Arpit1Bansal,"2026-07-19 16:01:13",9.440,11,arpit1bansal
3143,16051421,"David Pupăză","2026-05-31 11:16:21",9.441,43,davidpupaza
3144,16444085,"Yuri Viazovetskyi","2026-07-12 11:41:27",9.442,13,face1e55
3145,15866487,"Lucas Henrique Mateo","2026-07-20 23:45:41",9.448,9,lucashmateo
3146,16603727,lxmjlove1,"2026-07-28 01:55:13",9.449,1,lxmjlove1
3147,15882626,watszo,"2026-05-25 10:30:26",9.450,22,watszo
3148,15867022,"Svanik Kolli","2026-05-24 14:22:38",9.450,78,svanikkolli
3149,16605379,ZetX_Zephyr,"2026-07-28 10:44:57",9.451,1,zetxzephyr
3150,15911567,らすはる,"2026-05-23 17:10:14",9.458,44,yamashita
3151,16064375,Yuki_Kaneko,"2026-06-02 06:27:27",9.470,24,yukikanek0
3152,16211097,"hardik rathod","2026-06-11 04:48:57",9.473,15,hardikrathod001
3153,16219866,"Silvio Delgado","2026-07-15 19:58:18",9.476,2,caelix
3154,16514258,"Pioneer 3","2026-07-24 03:47:27",9.477,13,sigint
3155,16376821,"Sravan phani kumar","2026-06-19 18:17:38",9.478,9,sra1phani
3156,15939187,"samuel tan","2026-07-27 15:00:14",9.478,35,simingtan
3157,15865884,"Berkay Özkan","2026-06-03 12:44:35",9.478,20,berkayzkan
3158,15863636,Xz,"2026-05-17 01:43:10",9.479,9,xiaoz259
3159,15865028,"Scott Willis","2026-05-22 01:13:34",9.481,44,scottgwillis
3160,15947404,RoTSL,"2026-06-12 07:52:03",9.482,32,rbrtsl
3161,16572327,"Aditya Aryan","2026-07-20 18:43:34",9.487,3,adityaaryan526
3162,15868685,"Juan Arturo Gutiérrez Aguilar","2026-05-19 13:53:19",9.488,3,jarturo
3163,15972917,"yingtao sun","2026-05-18 01:15:01",9.490,7,yingtaosun
3164,16095874,dCoder30,"2026-06-12 20:31:52",9.490,10,aayushsalvi
3165,15868847,Abhi,"2026-05-28 16:59:51",9.491,46,abhijeet45
3166,16023369,Han,"2026-05-24 08:04:46",9.492,11,han21400
3167,16101991,"Yuya Sakaguchi","2026-06-01 22:31:53",9.492,6,yuyasakaguchi
3168,16561231,zky张开元ool,"2026-07-19 13:59:23",9.494,3,zkyool
3169,15933129,"youich wada","2026-05-22 11:34:29",9.495,1,youichwada
3170,16090171,BAILW,"2026-05-31 09:30:51",9.496,9,baimatubama
3171,16170316,HongweiLuan,"2026-07-09 18:00:20",9.496,60,hongweiluan
3172,15910324,jhjLog,"2026-05-29 01:36:26",9.502,26,jhjlog
3173,15886799,StudyExchange,"2026-06-02 17:01:17",9.504,24,studyexchange
3174,16549429,ashsah,"2026-07-26 23:33:35",9.505,7,ashsah
3175,15929346,cry,"2026-05-18 06:00:38",9.508,6,shangyuanfeimali
3176,16537016,VinhNguyenTha,"2026-07-14 09:49:58",9.509,2,vinhnguyentha
3177,15865144,"Dharun Prasanth S","2026-06-02 07:49:31",9.510,13,diversedharun
3178,15889132,"Mohamed abdelrazik","2026-05-25 16:50:12",9.510,9,mohamed3abdelrazik
3179,16031749,"Thin Nwe Soe","2026-05-25 06:41:24",9.511,12,thinnwesoe
3180,15870353,Lz7_129,"2026-07-22 09:38:52",9.512,25,lz7129
3181,15908928,"Sohail Khan","2026-06-04 08:44:51",9.515,7,sohailkhanlml
3182,16589390,"Kerem çelik","2026-07-25 06:57:31",9.517,8,keremelik
3183,16572110,"Paweł Jankiewicz","2026-07-20 21:39:59",9.518,2,paweljankiewicz
3184,16259258,Seiya939500,"2026-07-26 13:49:29",9.520,21,seiya939500
3185,16232490,RLSalvi,"2026-06-05 09:23:07",9.521,2,rlsalvi
3186,16328949,"Matthew Huang","2026-06-23 22:18:22",9.527,15,matthewwh
3187,16572702,"Xian Xu","2026-07-28 00:46:24",9.529,16,xianxu
3188,16282607,KaustubhGharat0415,"2026-06-10 00:58:06",9.533,3,kaustubhgharat0415
3189,15995750,Rensyu,"2026-05-22 13:57:54",9.535,7,rensyu
3190,16508634,"Alejandro Gómez","2026-07-26 14:50:37",9.536,25,alejandrogomez1
3191,16046235,Moyuan_neko,"2026-05-30 09:24:13",9.537,5,moyuanneko
3192,16062219,senroku,"2026-05-27 11:12:11",9.544,11,senroku
3193,16534109,"the A","2026-07-18 03:59:38",9.545,4,dariushafshar
3194,15960980,Frank_LH,"2026-05-14 10:32:51",9.548,3,franklh
3195,16140293,"boom vector","2026-07-27 23:35:34",9.549,9,boomvector
3196,15908413,dfedukovvvv,"2026-05-23 13:05:46",9.553,12,dfedukovvvv
3197,16056008,dgasgfdafga,"2026-05-25 06:03:21",9.556,4,dgasgfdafga
3198,15967537,"Aurora Rabbit","2026-05-21 14:03:59",9.556,9,nghiahoangtrung
3199,16033079,Jubido,"2026-05-25 13:07:38",9.558,15,jubido
3200,16586454,theguitar,"2026-07-24 17:04:34",9.559,2,theguitar
3201,16549869,YIWutong,"2026-07-19 07:30:22",9.562,5,yiwutongg
3202,15869034,"jose mata","2026-05-20 08:50:24",9.563,14,kaligulas3456778900
3203,16252208,"Jing Lulu","2026-06-29 11:18:50",9.564,3,jinglulu
3204,15868075,🔥🦫📿🗽,"2026-05-25 06:51:42",9.566,2,datafad
3205,16117352,Ridao,"2026-05-30 07:13:48",9.566,1,caucasus15
3206,15924921,ArynRajani,"2026-05-18 18:07:02",9.567,13,arynrajani
3207,15935925,Lwen1243,"2026-05-15 07:36:42",9.567,7,lwen1243
3208,15915557,"Deepak Chaudhari","2026-07-26 06:18:31",9.571,27,deepxchat
3209,15996565,"Sirapoap Thamthum","2026-05-29 02:05:02",9.577,33,sirapoapthamthum
3210,16438487,"Michal Ulias","2026-07-21 01:39:51",9.578,10,michalulias
3211,16560670,allenWuuu66,"2026-07-20 19:42:52",9.581,5,allenwuuu66
3212,15867431,Zacchaeus,"2026-05-22 01:18:26",9.583,20,zacchaeus
3213,15869979,M.Choisuren,"2026-05-25 06:27:43",9.588,30,choisuren
3214,15950958,Andrij,"2026-05-25 16:18:27",9.588,2,aikhmelnytskyy
3215,15874145,tyuyoshi,"2026-05-23 06:50:09",9.591,54,hasegawatsuyoshi
3216,15948078,BJJWWANG,"2026-05-16 06:11:04",9.592,16,bjjwwang
3217,16209063,lyhlyh,"2026-05-20 07:00:55",9.594,14,"lyhyh123,matianyuu"
3218,15882408,GGbond,"2026-05-23 14:26:40",9.594,3,dalilalala
3219,15867396,geeknik,"2026-05-30 00:03:34",9.595,32,geeknik
3220,16608952,"David Mashiah","2026-07-28 11:13:20",9.599,1,davidmashiah
3221,16039933,"Sercan Yeşilöz","2026-07-14 13:03:37",9.599,7,sercanyesiloz
3222,15892312,moeuuu,"2026-05-23 01:53:09",9.600,13,moeuuu
3223,15949026,"Zhong Lyu","2026-05-21 04:23:12",9.601,24,zhonglyu
3224,16322968,"Shih Hua Chou","2026-07-19 07:08:48",9.601,15,shihhuachou
3225,15865769,"Prometio Group","2026-06-09 19:03:49",9.604,63,"kimberleyduran,sebastiangil00"
3226,15868445,"Day After Day","2026-06-28 03:25:46",9.605,20,linkinpony
3227,15914877,"Dhairya Jaswani","2026-05-19 22:03:32",9.606,18,dhairyajaswani
3228,16100122,"Zheng Yukun","2026-06-01 05:45:52",9.606,7,zhengyukun08
3229,15989859,Troyxxf,"2026-05-26 14:42:14",9.609,22,troyxxf
3230,15892632,"Joy Boy","2026-05-18 01:46:50",9.610,21,arpitsingh2744
3231,16490943,Raiden.B,"2026-07-09 15:43:57",9.612,6,raidenb
3232,16025001,ZhaorongDai,"2026-05-24 00:24:13",9.613,28,zhaorongdai
3233,15866570,"G karthik koundinya","2026-05-18 15:26:58",9.617,33,gkarthikkoundinya
3234,15994373,Sanjay_Arvind,"2026-05-28 04:48:39",9.617,30,sanjayarvind
3235,16425392,kdylky,"2026-07-21 05:05:18",9.620,18,kdylky
3236,16102328,Lio,"2026-05-29 21:00:49",9.622,5,motive
3237,16568968,"mina wailin","2026-07-28 01:31:00",9.622,6,minawailin
3238,15896679,UT,"2026-05-31 09:46:08",9.622,21,umedatomoki
3239,15922995,Momoo,"2026-05-22 02:48:03",9.622,36,lizhiiii
3240,16603878,Squid,"2026-07-28 08:10:35",9.622,8,tkasasagi
3241,15943731,"Ken Ohshimo","2026-05-29 08:14:32",9.624,13,kenohshimo
3242,15890146,"Paulo Pinto","2026-05-21 16:44:37",9.625,16,paulorzp
3243,15949571,"Mohit Sharma07","2026-05-13 18:05:30",9.627,4,mohitsharma07
3244,16039966,Big_Hammer_zz,"2026-06-30 04:23:21",9.627,4,bighammerzz
3245,16566804,"Nicholas Daal","2026-07-20 02:45:05",9.628,1,nicholasdaal
3246,15880472,"Hem Viramgama","2026-05-12 09:28:23",9.631,7,hemviramgama
3247,15967253,Arturklik,"2026-05-26 03:09:25",9.633,42,"arturklik,bitmann0"
3248,16000531,TedTian66,"2026-05-24 02:29:06",9.635,1,"sylvanas9527,tedtian66"
3249,15914588,william.wu,"2026-05-14 18:08:18",9.635,19,wuwenmin
3250,15890918,torrreeesss,"2026-06-01 04:08:03",9.637,12,torrreeesss
3251,16117394,"Md. Iqbal Hossain","2026-07-22 03:56:58",9.638,4,mdiqbalhossainjoy
3252,15882907,burgundy,"2026-05-13 02:14:17",9.638,15,burgundy
3253,16270213,"Danny Bai","2026-06-09 08:24:32",9.640,2,"dannybai,soleilkk"
3254,15885929,Hibat,"2026-05-18 10:26:11",9.640,15,hibaterrahmendjecta
3255,16377214,js,"2026-06-25 18:34:06",9.640,6,legdend
3256,16051355,"Htet Naing","2026-05-31 00:52:47",9.641,25,javelin1991
3257,15884600,shadowmask1130,"2026-05-19 12:51:27",9.642,9,shadowmask1130
3258,15996582,Bidhendi,"2026-06-14 16:12:22",9.644,12,ajbidhendi
3259,16055287,"Adam Vajda","2026-05-23 11:40:46",9.646,3,vajdad4m
3260,16512040,GumJum,"2026-07-10 13:11:27",9.647,7,gumjum
3261,16490138,matcha110,"2026-07-28 05:37:08",9.648,16,matcha110
3262,15908101,"Alexandru Tanasel","2026-05-22 14:12:49",9.650,5,tanasel
3263,15871344,dsafdsaf132,"2026-05-21 06:40:44",9.653,9,dsafdsaf132
3264,15972530,"Adarsh Sharma","2026-05-30 09:34:21",9.654,20,adarsh5harma
3265,16296944,dataleon,"2026-06-15 00:08:41",9.654,5,at3191
3266,16575426,"Mur Zwi","2026-07-25 16:16:41",9.655,5,murzwi
3267,16403471,Tenchi-t,"2026-06-29 00:57:56",9.657,17,tenchit
3268,16131092,yankang_XZK,"2026-06-01 10:08:59",9.657,5,yankang233
3269,15968590,Stencil,"2026-06-11 21:50:15",9.659,24,carlosarmeromoneo
3270,15985299,"Antoine Passemiers","2026-05-30 18:44:15",9.661,6,antoinepassemiers
3271,16269741,"Shaan Patankar","2026-06-11 16:33:17",9.662,3,shaanpatankar
3272,16055248,U29oYW0gU2Vu,"2026-05-24 05:23:10",9.664,1,theawesomecoder
3273,15899316,"Simon Makumi","2026-05-27 15:48:35",9.664,24,mufasasimon
3274,16098267,BrownMar,"2026-05-28 07:30:11",9.665,1,brownmar
3275,15945382,wfzvic,"2026-05-19 11:36:54",9.666,14,wfzvic
3276,15947938,mutant2001,"2026-05-14 21:47:47",9.667,8,mutant2001
3277,15863589,Victor3113,"2026-05-20 03:50:23",9.667,29,victor3113
3278,15868155,"Johnson Chishimba","2026-05-14 22:02:33",9.669,22,johnsonchishimba
3279,15868566,"Clark Kitchen","2026-05-22 00:32:01",9.670,12,clarkkitchen
3280,15935708,Yallon,"2026-05-14 05:19:14",9.671,2,yangq369
3281,15999555,"Koki Nozawa","2026-05-17 05:30:39",9.672,1,noza198
3282,16533249,"Alberto Luengo","2026-07-26 22:53:33",9.673,9,albertorkive
3283,15934365,"Shubham Vaghasiya","2026-05-17 05:57:11",9.679,13,shubhamvaghasiya
3284,16387310,"Wenqi Zhou","2026-07-24 08:00:36",9.679,13,wenqizhoualan
3285,16079776,"Swapnil Tripathi","2026-05-28 00:42:12",9.680,3,swaptr
3286,16488288,Guest21222,"2026-07-14 05:38:25",9.681,7,guest21222
3287,15875385,"Yoshimura Koei","2026-05-27 07:48:41",9.685,27,yoshimurakoei
3288,16011366,Spark3,"2026-05-30 13:25:53",9.689,11,yomisys
3289,16281171,"Sarvesh Talele","2026-06-16 15:18:42",9.690,9,sarveshtalele
3290,16421070,"Lu Mingming","2026-07-13 08:18:05",9.691,11,mming0430
3291,16139245,Flow3ry,"2026-06-01 06:15:10",9.691,1,flow3ry
3292,15870917,"Raphael Malikian","2026-05-14 09:34:03",9.693,2,raphaelmalikian
3293,15996256,"Tugay Abdullazade","2026-05-17 12:51:10",9.695,3,tuqayabdullazade
3294,16086009,Diganta,"2026-05-26 18:13:28",9.702,3,digantabhattacharya
3295,15895990,yanqiangmiffy,"2026-05-26 04:40:28",9.704,46,quincyqiang
3296,15904686,kaggle_白,"2026-05-17 04:22:33",9.704,14,asdfghasdf
3297,16157695,"Aliaksei Kaliutau","2026-07-18 17:41:52",9.705,4,akaliutau
3298,16552877,patchmeifucan.ko,"2026-07-26 02:50:53",9.705,5,tiktoktrendz
3299,15994125,iamlonely,"2026-06-03 08:54:05",9.707,6,iamlonely
3300,16382755,Causality,"2026-06-20 17:01:15",9.707,4,valuequant
3301,16285860,kakuteki,"2026-07-27 11:48:27",9.708,4,kakuteki
3302,16559649,"Cate James","2026-07-27 11:02:40",9.709,10,catejames
3303,16089890,takoihiroaki,"2026-06-12 00:17:33",9.711,4,takoi55
3304,16008078,LLLL,"2026-05-27 07:54:32",9.712,17,"lllyuaa,sepiris"
3305,15910598,moss,"2026-05-18 05:02:54",9.712,32,kenyashimizu
3306,15880430,"Hiromune Wada","2026-05-13 09:32:01",9.717,4,hiromunewada
3307,16162146,Gurto,"2026-07-11 19:22:38",9.718,25,garettomholt
3308,15899900,"Master Teo","2026-05-14 01:03:36",9.719,19,sirteo
3309,15926879,Sankaran-Techjays,"2026-05-14 05:38:34",9.719,7,sankaranrajendran
3310,16038517,"Kaung Hset Hein","2026-05-26 06:42:13",9.719,5,kaunghsethein
3311,15970402,"Maxim Danilov","2026-05-24 17:35:37",9.719,6,thypogean
3312,15864719,"Descendants of General Giap","2026-05-28 14:59:48",9.720,33,bibanh
3313,15874100,UOM_190471C,"2026-05-19 05:27:26",9.721,30,uom190471c
3314,15891936,"Lei Wang","2026-07-28 09:42:55",9.721,114,cherylwang
3315,15865790,Valentina,"2026-07-26 10:24:33",9.725,40,valecc
3316,16092005,J,"2026-06-03 08:20:37",9.727,11,zhoujiachen
3317,16046307,soramame0311,"2026-05-22 08:02:54",9.727,1,ano12pmo
3318,16209001,"mert bk","2026-06-07 04:19:59",9.728,16,mertbk
3319,15875152,"Proteek Chaudhuri","2026-05-18 08:23:02",9.729,14,proteekchaudhuri
3320,15938758,"Dmitry V","2026-05-12 13:10:12",9.733,1,sam1dy
3321,15881569,Ahjin,"2026-07-13 14:13:43",9.738,26,megsharma
3322,15916644,Reexel,"2026-05-13 10:39:31",9.738,15,ky7240
3323,16581839,BioSJ,"2026-07-25 02:24:51",9.743,4,jiangwuguang1
3324,16158928,ry2525,"2026-06-02 14:54:57",9.745,1,ry2525
3325,15880816,mango,"2026-05-24 07:52:56",9.745,1,mango789
3326,16022558,Milo777,"2026-05-23 19:00:13",9.747,5,milo777
3327,15901315,TinuMalik,"2026-05-19 03:16:12",9.749,13,tinumalik
3328,15864555,"Aleksandr Zakharov","2026-05-15 18:21:16",9.751,1,fanich71
3329,15981744,"Alister Luiz","2026-05-15 07:41:47",9.754,1,alisterluiz
3330,16450061,"zsw issac","2026-07-21 04:34:20",9.755,21,zswissac
3331,16254191,"Nishant Agrawal","2026-07-27 18:56:41",9.756,2,imw0lf
3332,16071257,"Marcelo Destefani","2026-06-18 10:02:34",9.761,35,destefanim
3333,15867772,"Thach Ninh","2026-05-15 12:27:42",9.765,18,thachninh
3334,16070530,"kuroda ryosuke","2026-06-04 16:02:31",9.771,3,kurodaryosuke
3335,15920750,"Ignasi Alemany","2026-05-28 10:34:36",9.773,21,ignasialemany
3336,15950728,Glitch,"2026-06-28 18:05:02",9.774,52,"beegee11,saumy25,singhharkirat47,tanuj1850,tejassinghkhurana"
3337,15897466,"Emile Andrieu","2026-05-18 13:09:39",9.775,5,emileandrieu
3338,15892021,JinchengZhang1,"2026-05-17 10:38:30",9.778,2,jinchengzhang1
3339,16118902,"Varun Rao","2026-05-31 08:46:14",9.778,3,varunraosfanlkan
3340,16018478,"Matt graham","2026-05-27 22:43:20",9.782,8,mooseml
3341,15996045,Atreus,"2026-05-18 01:10:06",9.782,3,evangele
3342,15868082,hahahaj,"2026-05-28 09:41:54",9.784,9,"gongyuting,hahahaj"
3343,15950285,jamrclem,"2026-05-19 09:38:26",9.785,4,jamieclements
3344,16005694,Tensor,"2026-05-18 23:04:54",9.785,9,ivankallio
3345,15870993,"tensor choko","2026-05-18 23:31:56",9.785,3,tensorchoko
3346,15908381,"Rayyan Khattak","2026-05-14 08:30:19",9.790,9,imaprobro321
3347,15871731,"Zhesheng Xu","2026-05-15 11:09:28",9.791,10,ericxu0924
3348,15894051,akane,"2026-05-22 04:29:42",9.792,15,nagataakane
3349,16070229,"Alexander Karpich","2026-07-10 07:13:38",9.793,28,lambdaterm
3350,16054375,Liovinajo,"2026-05-30 08:41:09",9.795,26,liovinajo
3351,15970851,"ahmed cherif","2026-06-01 18:20:34",9.797,18,ahmedcherif19111998
3352,16018111,"Iaroslav D.","2026-05-19 02:05:32",9.799,1,zhjckfd
3353,15901177,Impact_Makers,"2026-05-31 16:07:17",9.800,10,"haridoss31,nithinnivhar,pravinkannan18,sivasudharsanb"
3354,15912989,"Raja Sai Vardhan","2026-06-04 18:50:16",9.801,15,rajasaivardhan
3355,15870977,"Krishna Priya","2026-05-30 18:53:19",9.802,12,krishnapriya18
3356,15936673,Krecik,"2026-05-24 18:19:39",9.803,9,igorkolodziej
3357,15885057,codylee,"2026-05-11 15:35:26",9.804,2,techsaswata
3358,15984391,Renfy,"2026-05-18 13:01:20",9.809,8,renfly
3359,16464589,"pavan Medarametla 6","2026-07-25 20:59:07",9.809,18,pavanmedarametla6
3360,15866322,ONODERA,"2026-05-12 14:08:52",9.812,6,onodera
3361,16053570,"Le Van Khoa","2026-05-23 07:02:24",9.812,2,khoalevan37
3362,16070563,"Nannicha Phraemetta","2026-05-25 12:31:17",9.814,3,nannichaphrapersonal
3363,16116101,MakiMakiAi,"2026-05-30 12:40:31",9.817,3,makimakiai
3364,16103130,JosephMontana,"2026-06-04 01:02:27",9.817,10,josephmontana
3365,15894665,"Aloïs Simon","2026-05-17 05:28:31",9.818,10,alossimon
3366,16023281,"Kyaw Nanda Thu","2026-05-23 09:45:21",9.819,7,kyawnandathu
3367,16019525,Mark`n,"2026-05-27 02:46:19",9.820,1,masarusanada
3368,16016616,"Ryosuke SHIMIZU","2026-05-30 10:59:43",9.820,11,tttgazerttt
3369,15890042,ulasdesouza,"2026-05-26 00:43:04",9.821,16,ulasdesouza
3370,16020298,Bayarbat,"2026-06-29 07:24:34",9.821,4,baba1230
3371,16538530,"ayutin tin","2026-07-14 06:51:14",9.826,3,ayutintin
3372,15938050,eyui1128,"2026-05-23 14:35:46",9.828,11,eyui1128
3373,16253054,Walker,"2026-06-09 16:53:17",9.833,1,walkerwulbern
3374,16366096,"José Manuel Rodríguez Vélez","2026-07-23 16:27:58",9.834,18,marthinal
3375,15871286,おちゃ,"2026-05-31 16:30:16",9.839,10,ocha4728
3376,16376765,ffw0t0,"2026-07-27 01:11:40",9.840,4,ffw0t0
3377,16510329,"bryte Sikazwe","2026-07-11 22:35:19",9.842,2,brytesikazwe
3378,16007414,"Scenery SunFireInk","2026-05-25 13:51:47",9.844,4,scenerysunfireink
3379,15864667,AnpAn_Men,"2026-05-13 15:39:50",9.847,2,anpanmen
3380,16513512,JAB100,"2026-07-14 18:42:52",9.847,19,jab100
3381,15870379,"sampath bharath","2026-05-24 06:09:30",9.849,17,sampathbharath
3382,15868525,"Ravindra kapse","2026-05-26 04:24:51",9.849,17,ravindrakapse
3383,15908240,"Marcin Jarosz","2026-05-17 18:15:51",9.852,20,mjarosz
3384,15947464,"Anupam Singh122","2026-05-15 09:09:11",9.853,1,anupamsingh122
3385,15868186,Malespero,"2026-05-19 13:43:38",9.855,6,malespero
3386,15969887,CalyxNZ,"2026-05-15 00:02:48",9.857,6,domengland
3387,16100728,Metropolis40,"2026-06-05 10:15:19",9.858,6,metropolis40
3388,15892460,Ansarsky,"2026-05-12 10:33:01",9.859,19,ansarsky
3389,16005826,"Ben Jenkins","2026-06-08 12:00:20",9.868,9,"benjenkins96,jgschaefer,stevejenkins"
3390,15881059,akihiro,"2026-06-30 12:47:54",9.868,43,akihirokkkkk
3391,16114627,Murppp,"2026-05-31 20:46:46",9.869,2,murppp
3392,16057102,"Euro Pochvasin Parinyaprach","2026-05-24 12:01:59",9.871,4,europarinyaprach
3393,15924790,Feza,"2026-06-17 03:55:39",9.872,3,tunadeniz
3394,15864533,"Mrutyunjay Joshi","2026-05-16 17:42:41",9.873,4,mrutyunjayjoshi
3395,16045563,JJShadow,"2026-05-22 00:59:50",9.874,1,rvslight
3396,16086111,Venkat,"2026-05-27 16:50:17",9.876,1,venkatnallapu
3397,15877899,"Ayush Gupta #2","2026-05-12 17:31:00",9.878,4,ayush500
3398,16438181,"Lev AKA","2026-07-28 06:31:06",9.879,25,levaka
3399,16479658,"Koki Funahashi","2026-07-24 11:59:11",9.879,15,funashi
3400,15974804,"Alessandro Virga","2026-06-06 21:24:52",9.881,20,alessandrovirga
3401,15984981,WentJiao,"2026-05-25 07:58:13",9.884,16,bigbigclever
3402,16059539,"Macaulay Oladimeji","2026-06-01 20:43:33",9.887,19,macaulayoladimeji
3403,16077021,Yufeng,"2026-05-25 23:56:25",9.888,1,mxtennet
3404,15916870,"Horikita Saku","2026-06-02 13:06:04",9.890,4,horikitasaku
3405,16111558,"Vandana Pathania","2026-06-09 17:15:44",9.892,2,vandanapathania
3406,16129473,kurota0612,"2026-06-28 23:14:12",9.895,9,yuichit
3407,15914500,"Eslam Elokpy","2026-05-13 13:30:50",9.898,5,eslamelokpy
3408,16282820,SAKULALALA,"2026-07-27 22:15:59",9.898,23,sakulalala
3409,16478016,"Jaeseung Yang","2026-07-06 13:50:01",9.902,10,jaeseungyang
3410,16595440,linchuhan,"2026-07-25 10:42:44",9.902,5,linchuhan
3411,16380631,"Arkadiy Bagdsaryan","2026-07-27 09:24:11",9.903,15,"arkadiybagdsaryan,maximkirpichev,qrvmil"
3412,15874693,Ichigo_E,"2026-05-26 13:44:55",9.903,6,ichigoe
3413,15897244,"Shigeru Kondou","2026-06-11 04:01:36",9.904,20,shigerukondou
3414,15863651,JeremyH43,"2026-05-26 18:47:06",9.904,43,jeremyh43
3415,15949179,"Etienne Mlt","2026-05-14 14:18:11",9.905,4,etiennemlt
3416,16001592,"Hiroyasu Okuno","2026-07-04 03:55:03",9.908,5,hiroyasuokuno
3417,15866503,"Exalted Joseph","2026-05-12 01:31:50",9.909,1,theexaltedone
3418,16045302,"Dheeraj varma1287","2026-05-24 01:54:50",9.910,3,dheerajvarma1287
3419,15867513,"TABOUT MHAMED","2026-05-18 18:26:54",9.911,13,taboutmhamed
3420,15867627,seven,"2026-06-26 14:59:22",9.911,13,morikawatakeshi
3421,15869530,"Lê Quang Anh","2026-05-10 10:08:29",9.922,2,lquanh
3422,16437962,clawspark,"2026-07-07 09:58:31",9.923,3,clawspark
3423,16009057,Vic710,"2026-05-22 09:28:35",9.925,5,shloksangamnerkar
3424,16400366,叠氮化呐,"2026-07-16 03:38:48",9.927,8,momo9113
3425,16516157,"Andri Darnius","2026-07-28 03:34:14",9.928,21,andridarnius
3426,15902396,"Alpha ROGII","2026-05-22 08:15:51",9.928,5,"chiragmc,udaysonawane"
3427,16119939,Syf-KAF,"2026-06-22 03:56:00",9.934,3,sunyifankaf
3428,15967225,YangJun@123,"2026-05-18 02:53:23",9.934,2,yangjun123
3429,15870556,"Emir Akdogan","2026-05-08 19:36:09",9.935,15,ahmetemirakdogan
3430,16586468,"Fredrick Underwood","2026-07-28 02:33:26",9.935,12,fredrickunderwood
3431,15869201,zhenglei_001,"2026-06-28 09:31:31",9.936,3,zhenglei001
3432,16443277,"Aleksandr Nagaev","2026-07-08 12:27:42",9.945,22,kelagan
3433,15871414,"Trying to do better","2026-07-06 17:50:10",9.946,2,huanhkv
3434,16104592,"Alem Amenov","2026-05-31 15:48:17",9.946,6,alemamenov
3435,15874407,"Chattso-GPT (Yasuhito Yanagisawa)","2026-05-18 02:53:29",9.949,6,yasuhitoyanagisawa
3436,16141904,fuyo1622,"2026-07-11 11:25:54",9.949,14,jack10519
3437,15908929,"Yield Smarter","2026-07-15 15:00:02",9.950,9,yieldsmarter
3438,16110331,Chriz,"2026-05-30 08:29:42",9.954,2,chrisopherjoshy
3439,16115156,"Franklin Gois","2026-05-31 03:53:15",9.954,2,franklingois
3440,16027263,Baptiste_74,"2026-06-04 17:12:00",9.956,7,baptiste74
3441,16058935,"Ismail Umar Ajingi","2026-05-25 07:36:16",9.958,6,ismailumarajingi
3442,15873529,"John Scanlan","2026-05-20 21:49:44",9.959,25,johnscanlan
3443,15913627,ianchute,"2026-06-24 23:53:37",9.961,12,ianchute
3444,16135756,"khang nguyen","2026-05-31 17:53:02",9.963,1,niraitoo
3445,16426321,SGY2512,"2026-07-28 01:21:48",9.964,62,sgy2512
3446,15947790,"Sergei Tikhonov","2026-05-13 12:28:14",9.964,1,stkhnv
3447,15897718,NeckBeard,"2026-05-13 12:21:17",9.965,19,akihiroorita
3448,15890852,Hayalet,"2026-06-04 11:43:18",9.971,53,ssabribb
3449,16049181,Todo_M_Mame,"2026-05-23 01:35:23",9.971,4,titanic12
3450,16365462,"SOHAM PAHARI","2026-06-22 15:37:33",9.973,5,suhanxd
3451,15943066,Natsu0909,"2026-06-17 22:08:23",9.975,6,natsu0909
3452,15914864,"Anselm Adrian","2026-05-12 16:55:55",9.976,2,anselmadrian
3453,15988634,npetitclerc,"2026-06-07 09:13:14",9.981,7,npetitclerc
3454,15923179,yukanglimofficial,"2026-05-13 01:26:32",9.982,3,yukanglimofficial
3455,15875454,"LAHOUCINE BOUSMENE","2026-05-23 18:41:53",9.986,32,fadmadahouz
3456,15970747,brexe,"2026-05-25 14:15:12",9.988,19,"brexit,mouradyoussoufi"
3457,16591711,"Ashton da goat","2026-07-28 08:31:52",9.991,2,"ashtondagoat,ray2008z16"
3458,15899332,PxlPau,"2026-05-27 03:26:16",9.992,9,studybeetutoring
3459,15878262,"[Deleted] d443de30-52af-4a0a-893d-30de20d365d5","2026-05-13 23:13:06",9.995,16,del=47107fb6b7d3ce01
3460,15863680,ducnh279,"2026-07-13 19:27:47",9.996,13,ducnh279
3461,16495301,isps,"2026-07-20 14:30:34",9.998,4,isps737
3462,15965810,nazorazaja-v10-twin-torbo,"2026-05-16 08:00:08",9.998,8,"lordnawazx,soradacroi"
3463,15930207,"Simona Gradinaru","2026-05-19 13:18:08",9.999,2,simonagradinaru
3464,16033184,"moncef elm","2026-07-27 00:59:54",10.003,5,moncefelm
3465,15892836,"Bekhzod Olimov","2026-05-19 08:26:38",10.005,8,killa92
3466,16487258,brianiac-star,"2026-07-05 18:25:22",10.007,2,konichiwasepogaichi
3467,16020942,shadow-boxing,"2026-05-24 13:58:52",10.008,1,jerrywu0605
3468,16045026,"Nikita Stepochkin","2026-05-31 20:21:13",10.008,12,nikstep
3469,15913689,"Gaurav Upreti","2026-05-25 06:56:11",10.009,9,"kwakuwiredu,reaper0ai"
3470,16079487,"Pembek Anton","2026-05-26 05:50:32",10.009,1,pembekanton
3471,16064856,"Younes Hlal","2026-05-27 13:51:45",10.010,2,youneshlal
3472,15877638,"Vietnam - Nguyễn Hoàng Anh","2026-05-26 00:39:12",10.011,15,hoanganhjuu
3473,15879832,Justin,"2026-05-11 17:00:53",10.011,2,justin2009
3474,15921689,"Sudhir Sude","2026-05-30 09:55:07",10.013,20,sudhirsude
3475,16136452,Asim,"2026-06-02 18:24:21",10.014,6,aiwagan
3476,15984072,Loong,"2026-05-31 13:15:45",10.015,8,fullname852
3477,15938502,Xuan_,"2026-06-17 10:23:14",10.016,23,jdiame
3478,15911477,"vineet dairashri","2026-05-19 08:36:10",10.017,13,vineetdairashri
3479,15915624,KarlYH,"2026-05-29 16:43:43",10.020,14,karlyh
3480,16022477,"Soichiro Shido","2026-07-08 02:46:04",10.021,6,soichiroshido
3481,15992744,"Pietro Maldini","2026-05-16 08:53:44",10.022,1,pietromaldini1
3482,16024265,"Hani Edy","2026-05-26 18:41:14",10.022,1,haniedy
3483,15892152,"sixue yang","2026-05-16 03:33:33",10.025,16,sixueyang
3484,15889027,"Jacob Aldrich","2026-05-20 22:56:38",10.028,12,jacobaldrich
3485,16108582,"Nelson Mganga","2026-06-04 10:05:32",10.031,2,nelly43
3486,16014529,"Kushal ","2026-06-04 08:36:49",10.033,10,kushal0412
3487,15992727,Eissam.0,"2026-05-22 20:36:22",10.033,2,eissam0
3488,16053329,"Wenchong Huang","2026-05-24 05:59:59",10.035,3,wenchonghuang
3489,16159772,"Rihito Nagamatsu","2026-07-04 02:56:31",10.038,12,rihitonagamatsu
3490,15876968,"Brandon Khuu","2026-07-05 21:00:19",10.049,13,brandonkhuu
3491,16247860,"koh gyeol","2026-06-07 07:28:37",10.053,2,kohgyeol
3492,16022964,zoro9292,"2026-06-23 14:08:44",10.053,93,zoro9292
3493,15868644,laudari,"2026-06-11 08:04:55",10.055,11,laudari
3494,15865935,"Adam Lee81","2026-06-02 19:20:17",10.058,25,adamlee81
3495,15873054,TAKMADA,"2026-05-28 08:49:12",10.058,31,takmada
3496,15911027,"Matthew Degtyar","2026-05-15 16:58:23",10.063,11,matthewdegtyar
3497,15914459,digimagi,"2026-07-04 00:16:40",10.070,26,digimagi
3498,15922212,johnny,"2026-05-29 05:39:35",10.071,4,jonykarki
3499,16386756,BaiYuBY,"2026-06-18 23:35:48",10.074,5,baiyuby
3500,16437545,ando,"2026-07-05 10:56:54",10.076,2,andoshunsuke
3501,16132401,Ridako,"2026-06-01 05:37:42",10.076,1,narumifujii
3502,15969356,karankk80406,"2026-07-22 08:55:11",10.077,94,karankk80406
3503,15938737,Noah.Weill,"2026-05-12 13:30:14",10.079,2,noahweill
3504,16086246,"Maxence Gérard","2026-07-14 11:24:11",10.082,15,mgerard
3505,16260171,toruneko,"2026-06-16 09:59:29",10.085,11,toruneko
3506,16034544,"Francesco N.","2026-05-23 22:26:32",10.088,3,y99dr4s1ll
3507,15875282,shinya,"2026-05-17 05:51:05",10.088,14,shinyanagai123
3508,16291947,Alvaro,"2026-06-12 10:46:10",10.089,7,alvaroma
3509,16448546,"Andrija Ikovic","2026-07-05 19:53:28",10.094,1,andrijaikovic
3510,15865968,"Jiayu Li","2026-06-02 01:09:50",10.095,26,jiayuli32
3511,15864266,"Chen Nora","2026-07-17 09:51:40",10.096,3,chennora
3512,16090725,findshan,"2026-05-29 06:26:32",10.098,7,findshan
3513,15868597,"Rushank Choksi","2026-05-13 17:40:09",10.098,1,rushankchoksi
3514,16016865,"Team Mellstroy","2026-05-20 15:55:42",10.100,7,bibisorobabydjon
3515,16127488,"Priyanka Sanjana","2026-06-04 08:09:59",10.103,10,"priyankanidadavolu,sanjanasangarimella"
3516,16443861,"Haruto Saiki","2026-06-29 16:18:57",10.103,1,haruto031903
3517,16132086,K-shir0,"2026-05-31 12:05:40",10.103,1,kshir0
3518,16042094,Kristian,"2026-06-01 15:41:34",10.105,6,aldisued
3519,15894892,khursani,"2026-05-15 06:44:20",10.106,19,khursani8
3520,15896136,Azhi,"2026-05-13 07:10:46",10.106,17,azh1sdad
3521,16051008,larry,"2026-05-22 18:26:02",10.107,4,larry141186
3522,16404326,"Tyler James","2026-07-25 22:03:22",10.118,9,jmidski
3523,16109704,PGFLMG,"2026-06-04 07:25:48",10.121,10,pgflmg
3524,15991468,"Jun Ideal","2026-05-23 15:16:52",10.123,3,junideal
3525,16144048,YuriMIyamori,"2026-06-06 00:30:07",10.129,13,yurimiyamori
3526,16081239,n,"2026-06-01 22:00:55",10.129,3,fokinna
3527,16073954,"André Brasil","2026-05-27 14:02:16",10.131,1,abvwmc
3528,15925934,"Pann Chobkitchakarn","2026-06-08 04:47:36",10.133,24,pannchobkitchakarn
3529,15897552,sladwet,"2026-05-14 10:53:46",10.134,11,sladwet
3530,15872018,Ares,"2026-05-30 11:33:01",10.139,15,"charlie1018,wangzikai666"
3531,15874417,"Evan Arlen","2026-07-12 08:11:16",10.140,19,evanarlenhandy
3532,15910513,"Rizky Anugrah Ananto","2026-05-25 09:15:10",10.140,11,rizkykiky
3533,16463379,"Sehyun Kim","2026-07-05 16:12:20",10.141,7,sehyunkim34
3534,15868602,"Mooo Yuan","2026-05-12 08:00:43",10.141,9,moooyuan
3535,15917387,"Oskar Seweryn","2026-05-16 15:18:34",10.142,6,oskarseweryn
3536,16013526,Windprince29,"2026-05-26 01:52:31",10.142,4,windprince29
3537,15868576,"Seungmin Ha","2026-05-12 13:54:13",10.147,5,seungmin2987
3538,15898590,reez12g,"2026-05-09 01:18:03",10.149,1,reez12g
3539,15868085,"Yu_Krxfo _","2026-05-11 14:41:36",10.153,13,yukrxfo
3540,16197303,"Manoj Guduru","2026-07-28 05:21:00",10.154,11,manojguduru
3541,16483180,"Paulo Pinheiro Pereira","2026-07-06 11:54:06",10.156,3,paulopinheiropereira
3542,15869672,"ML MAVERICKS","2026-06-03 12:59:42",10.157,9,"anbuselvans7,ashwinanarendrakumar,gughangugu,kishorenarayanansr,varshinidevaraju7"
3543,15876720,"Karnakbayev Artur","2026-05-17 19:45:55",10.159,22,karnakbaevarthur
3544,16418525,cha7ura,"2026-07-04 06:31:44",10.159,10,cha7ura
3545,16035071,"Blessing Mwiti","2026-05-28 03:54:04",10.161,30,blessingmwiti
3546,15892022,"Yanggong Chi","2026-05-18 13:45:38",10.162,6,yanggongchi
3547,16440519,"Sam Dumont","2026-07-02 07:31:02",10.166,12,samdumont
3548,16288216,WenZiTong,"2026-07-03 06:17:59",10.166,8,"renyingyan,wenzitong"
3549,15988405,DarkLayer​,"2026-05-25 07:03:53",10.172,16,nnpaopao
3550,16366898,"Поздняков Сергей (ШАД)","2026-06-16 20:07:44",10.173,4,serfg3232
3551,15867183,"Abrar Chowdhury","2026-05-30 19:29:00",10.175,11,abrarchowdhury
3552,15871041,qizhenguo,"2026-05-31 17:38:57",10.177,21,qifei121243121243
3553,16555876,Fumitozzo,"2026-07-16 16:39:06",10.178,1,investorfum
3554,15881150,001,"2026-05-09 17:20:14",10.181,3,"calebchandrasekar,rister101,stharundhatri"
3555,15930773,anzy,"2026-05-12 12:32:38",10.184,2,anmolsin
3556,15872970,"Amit Kumar","2026-05-27 09:05:22",10.188,11,amitkr97531
3557,15955018,"Aflah T P","2026-05-14 14:18:17",10.193,1,aflahtp
3558,16533131,CCandAA,"2026-07-18 09:58:43",10.196,9,"hongzhicong,mlaa18"
3559,15868242,tuannm3812,"2026-06-10 15:27:55",10.197,9,tuannm3812
3560,15866533,"Mohammad Dehghanmanshadi","2026-05-15 15:44:52",10.201,1,mohammaddehghan
3561,15922992,"Ali Afzal","2026-05-16 01:12:23",10.201,1,aliafzal9323
3562,15916744,"SAHIL AGRAWAL","2026-05-11 08:38:57",10.207,2,sahil1605
3563,16489475,"Sima Yi","2026-07-08 23:11:44",10.208,6,aceplayer11
3564,16093742,Pawan4545,"2026-05-27 16:28:33",10.208,1,pawan4545
3565,15867050,"shrenik JADHAV9394","2026-05-10 00:36:38",10.212,2,shrenikjadhav9394
3566,15881289,jasy,"2026-05-29 10:02:27",10.217,71,jasythecoder
3567,15889599,Clyde,"2026-05-19 04:06:49",10.217,3,clyde7470
3568,15903312,キンミヤ,"2026-05-18 04:56:50",10.220,16,jaeeon2020
3569,16572058,akifcankilic,"2026-07-20 13:48:21",10.220,3,akifcankilic
3570,16012957,"Jacobo Martin","2026-05-18 18:17:42",10.222,1,jacobomartin
3571,16487949,Kohecchi,"2026-07-13 12:29:33",10.226,6,kohecchi
3572,16412196,"Haoyu Jiang","2026-07-21 02:57:05",10.228,4,jianghaoyu68
3573,16029047,goodfox,"2026-05-21 02:58:27",10.229,3,goodfox
3574,15868809,"( ͡° ͜ʖ ͡°)","2026-06-28 13:56:19",10.231,3,truonghoang
3575,16389759,"xy0v0 zhang","2026-07-14 19:01:03",10.235,10,xy0v0zhang
3576,15866700,"AYEGBE JEAN-NOEL DJAHOUA","2026-05-10 17:07:40",10.236,5,ayegbejeannoel
3577,15887856,"manish nadella","2026-05-29 15:03:39",10.236,7,manishnadella
3578,16112248,"Zhennan Wan","2026-06-07 14:48:08",10.238,2,zhennanwan
3579,16050360,Cafelatte1,"2026-05-27 06:33:51",10.241,11,cafelatte1
3580,16325702,"Cengizhan Tümer","2026-06-13 17:42:24",10.242,3,cengizhantmer
3581,16033497,Moeeee,"2026-05-28 07:50:08",10.245,5,"namsiunhon,vunnguyen"
3582,15880556,"K.THARUN KUMAR","2026-07-26 14:18:28",10.253,8,tharunkumar369
3583,15880585,12345,"2026-05-12 02:13:00",10.253,2,"akimiojr,minghaomei"
3584,16057186,shibuyaboy,"2026-06-10 04:42:01",10.253,2,kanarienet
3585,15948220,"Baseer Shah","2026-07-13 21:20:50",10.256,25,baseershah
3586,15867837,"Jonathan Roy","2026-05-14 11:48:10",10.260,25,jonathanroy7
3587,15920823,jackykchan,"2026-05-11 15:53:22",10.262,3,jackykchan
3588,15936439,washida,"2026-05-13 15:19:17",10.264,1,washida
3589,16558115,Junnosukeqqq,"2026-07-23 06:30:17",10.265,7,junnosukeqqq
3590,15926932,Wirasasmita,"2026-05-13 02:06:04",10.267,1,saktiwirasasmita
3591,16366320,"suzy su","2026-07-26 13:36:29",10.268,13,suzysu997
3592,15944949,tacorice,"2026-05-26 06:17:10",10.269,1,atagiyuya
3593,15877209,"Saurabh Raj Varma","2026-05-10 16:41:08",10.270,1,saurabhrajvarma
3594,16451600,"Akshay Mathur","2026-07-27 12:45:13",10.273,23,akshaymathur777
3595,16559956,Brian74804,"2026-07-20 16:55:42",10.274,6,tsengchienchih
3596,15923761,"Kaid Duong","2026-06-11 22:52:28",10.277,11,kaidduongcl
3597,16080658,冰镇大西瓜,"2026-05-31 10:34:48",10.279,15,xiguahaochi
3598,15866584,"Chen Peng","2026-05-13 21:58:56",10.279,14,"echoltao,pengchzn"
3599,16039784,"Tâm Tống Trọng","2026-05-21 14:43:48",10.295,1,tmtngtrng
3600,16289627,tuannm3823,"2026-06-10 21:47:04",10.299,3,tuannm3823
3601,15865504,"Jason Karpeles","2026-05-17 05:08:27",10.301,5,jasonkarpeles
3602,16385347,xtcpete,"2026-07-25 00:06:05",10.313,2,"mingxihu,xtcpete"
3603,15865532,KaneDean,"2026-05-18 01:20:47",10.314,15,kanedean
3604,15914617,tytmcp,"2026-06-03 12:42:39",10.315,9,"kittonn,nakanishiwataru,narutakanomura,rikusasaki,sota1204"
3605,16220137,"OKA Shunri","2026-07-12 07:10:24",10.320,3,okashunri
3606,16511919,"Changzhi BAI","2026-07-24 00:05:04",10.327,2,changzhibai
3607,15873291,"Sandro Paradžik","2026-05-20 23:22:54",10.329,7,sandroparadik
3608,15986424,UncleWKTK,"2026-05-18 12:44:48",10.330,11,unclewktk
3609,15918920,amarbabu228,"2026-05-11 16:34:58",10.330,4,amarbabu228
3610,15930891,PiKaaa,"2026-05-14 19:58:48",10.334,16,pikaaa
3611,16066934,jtelcc,"2026-06-04 21:26:44",10.338,9,jtelcc
3612,15867688,"Ovie Odeimor","2026-05-10 16:18:48",10.339,9,ovieodeimor
3613,15962440,gougou1,"2026-06-06 17:31:36",10.343,28,gougou1
3614,16283265,maru2481632,"2026-06-16 17:03:10",10.349,5,maru2481632
3615,16251749,"Sailor Ren","2026-07-22 07:51:22",10.361,9,sailorren
3616,16430532,"Hongbin Guokaggle","2026-07-19 16:11:31",10.361,15,hongbinguokaggle
3617,16474004,"Samir Hossain","2026-07-05 08:49:50",10.367,11,samirhossain099
3618,16584160,"Tushar Kaushik","2026-07-24 09:30:16",10.369,9,tusharkaushik
3619,16442487,zhiyue666,"2026-07-18 12:39:38",10.372,11,zhiyue666
3620,15918270,Auravana,"2026-05-10 15:57:18",10.378,2,fountainheadle
3621,16103631,"Pavel Kuznetsov","2026-06-01 19:36:07",10.380,11,dzinski
3622,16559501,3dpointcloud,"2026-07-18 09:08:10",10.382,1,pointcloud3d
3623,16402236,Challenger,"2026-07-25 11:54:56",10.383,35,bassamabdellatif
3624,15871537,Suienish_KZ,"2026-05-11 10:15:41",10.387,2,suienishmirambekov
3625,16289793,koooeo,"2026-06-16 11:31:26",10.387,1,koooeo
3626,16061723,"Kim Hyun Bin","2026-06-21 15:27:53",10.393,12,kimmik123
3627,15868562,"Đăng Trương Hải","2026-07-18 14:06:53",10.395,3,ngtrnghi
3628,15866539,"pencil red","2026-07-26 17:05:58",10.396,10,pencilred
3629,16094673,"Roger Park","2026-05-28 06:02:15",10.405,3,rogerpark
3630,15938554,"Nickson Mwamsojo","2026-07-23 18:39:14",10.416,27,nicksonmwamsojo
3631,16603758,yuki0731,"2026-07-28 06:52:30",10.416,4,yuki0731
3632,16412080,sci-shi,"2026-06-24 23:31:44",10.416,2,scishi
3633,16110366,"Gabriel Oliveira","2026-06-07 00:50:46",10.417,9,gabrieloliiveira
3634,15868894,"Hồng Bảo Đoàn","2026-05-09 07:56:26",10.418,8,hngboon
3635,15869300,"Ravi Shah11","2026-05-13 04:25:10",10.428,6,ravishah11
3636,16115771,kozaczki,"2026-06-25 12:17:33",10.430,16,drlukasz
3637,15902905,"Timo Diehm","2026-05-23 21:17:24",10.430,3,timodiehm
3638,15902415,"Amit Verma","2026-05-10 13:10:47",10.432,1,amitverma24
3639,15869003,Kh0a,"2026-07-02 07:21:09",10.434,21,llkh0a
3640,15871588,Amit_K_Singh,"2026-05-11 19:20:52",10.445,20,amit005
3641,16532863,"Dalia Mowafy","2026-07-26 22:37:37",10.446,23,daliamowafy7
3642,15867340,ZAOUI_Yassine,"2026-07-09 10:34:30",10.449,11,zaouiyassine
3643,15942966,"Sergey Kahn","2026-05-21 16:54:40",10.453,4,sergeykahn
3644,15871098,"ANKIT AGARWAL","2026-06-08 13:54:23",10.459,13,ankwall223
3645,15929137,BillyBoyPA,"2026-05-21 14:10:34",10.462,4,billyboypa
3646,15881833,"Buchan Liang","2026-05-09 02:18:00",10.463,11,buchananliang
3647,15877881,"Rob Schieber","2026-06-22 19:39:20",10.466,79,robschieber
3648,16143718,Ace1727,"2026-06-06 07:48:36",10.478,10,ace1727
3649,16466033,"Blue #2","2026-07-02 07:41:52",10.479,7,cheney12
3650,15867733,lyx0217,"2026-07-26 15:22:13",10.493,6,bojackkk
3651,15879425,"Mayobanex Santana","2026-06-15 22:34:18",10.498,3,mayobanexsantana
3652,15921238,Jason-Oh,"2026-05-11 18:19:34",10.502,3,dossantoss
3653,15884630,"ran yi li","2026-05-09 11:24:03",10.507,6,ranyili
3654,16411087,ryo,"2026-07-19 21:02:54",10.510,13,ojimaryoji
3655,15979693,AlexanderMolinar,"2026-06-09 21:48:19",10.512,5,molinarfamily2010
3656,16272672,"Bhuvan Nallamothu","2026-07-09 00:32:46",10.514,4,bhuvannallamothu
3657,16559058,"Vadim Soin","2026-07-27 09:44:09",10.522,2,vvsoin
3658,16464144,"Liu Mingxi","2026-07-24 13:32:12",10.524,12,ypypypyp4
3659,16362417,"Alexander Drennan","2026-06-20 04:52:42",10.526,13,alexanderdrennan
3660,16289330,"Tom Eto","2026-06-20 09:23:30",10.532,1,tometo
3661,15932988,ITK8191,"2026-07-20 00:15:57",10.533,2,itsuki9180
3662,16133909,"Jacek Poplawski","2026-06-17 20:43:35",10.535,27,jacekpoplawski
3663,15909459,float_dream,"2026-05-13 15:53:37",10.538,4,floatdream
3664,15865314,skaak,"2026-05-28 05:59:10",10.543,18,mgferreira
3665,16160562,alekh,"2026-06-12 23:56:45",10.548,6,aleksanderhan
3666,16131638,"Holley Alfred","2026-07-26 15:55:06",10.552,21,holleyalfred
3667,16299412,"Matvei Nizovsky","2026-07-17 07:34:51",10.553,8,"matveinizovsky,sabyralymbekov"
3668,15868415,ianwulalala,"2026-06-11 08:03:46",10.553,22,ianwulalala
3669,16146032,"Ilia Solomatin","2026-06-02 09:28:19",10.554,1,iliasolomatin
3670,16442149,"Ron Zehavi","2026-07-03 10:16:19",10.565,1,ronzehavi
3671,16306369,"Mist Qingyu","2026-06-13 03:31:27",10.575,5,mistqingyu
3672,16281643,Claudmaxxing,"2026-06-11 19:03:33",10.577,2,antoinedescamps123
3673,15867365,"José Manuel Echevarría Rubio","2026-05-29 06:26:39",10.587,10,jechevarriar17
3674,16292217,"Timothy Yu","2026-06-12 19:43:42",10.601,1,locomotim
3675,15864273,"Nikita Shevyrev","2026-06-09 19:10:33",10.611,24,nikitashevyrev
3676,15892145,simple,"2026-05-09 01:24:18",10.615,2,weekendt
3677,16491846,JDow76,"2026-07-16 01:54:10",10.616,9,jdow76
3678,16337772,"Hugo Gauvrit","2026-06-22 13:01:52",10.622,16,hugogauvrit
3679,15872320,JuseTiz,"2026-07-22 14:17:11",10.635,4,jusetiz
3680,16392906,"David kinyanjui","2026-07-27 08:06:31",10.641,16,davidkinyanjui
3681,15869718,"Jay Prajapati","2026-05-30 14:17:43",10.645,38,coderjay
3682,15985313,Yuchen20,"2026-06-28 20:43:38",10.647,2,yuchen2066
3683,16412426,"Sami Almuaigl","2026-07-09 05:41:56",10.647,29,samialmuaigl
3684,16582659,Cassell,"2026-07-26 17:32:14",10.648,3,meirbekz
3685,15874570,aditya_mangla11,"2026-05-09 16:22:01",10.660,4,adityamangla11
3686,15883229,rickzai,"2026-05-19 04:39:35",10.661,10,rickzai
3687,16416846,"Yung Brawlers","2026-07-27 17:39:55",10.675,10,"dmitriigromak,mironoxxxy"
3688,15872117,"Zeshan Akber","2026-05-22 04:49:29",10.683,13,zeshanakber
3689,16548540,"Daniel Kim","2026-07-16 07:07:49",10.693,2,danieljhkim
3690,16539792,"Xi Ran","2026-07-14 16:48:49",10.693,2,ranxi169
3691,16500568,weimean,"2026-07-19 19:56:55",10.699,24,gtwm98
3692,15864335,"AJINKYA CHINTAWAR","2026-05-08 20:50:59",10.704,7,ajinkyachintawar
3693,15937321,shouun,"2026-06-10 02:07:18",10.717,25,shouun
3694,15864244,"Ansh Kushwaha","2026-07-04 07:54:02",10.719,12,anshkushwaha
3695,16238821,"Adwait Tarpe","2026-07-14 10:56:57",10.725,2,adwaittarpe
3696,15864632,"Abhishek Yadav","2026-05-09 14:26:21",10.729,8,abhishekyadav2597
3697,16148079,alejandroradisic,"2026-07-13 16:05:50",10.730,10,alejandroradisic
3698,16255855,Zooom,"2026-06-10 12:24:02",10.749,7,zoooom
3699,16544138,JorDea,"2026-07-16 21:50:20",10.753,3,jordea
3700,15941167,"EMMANUEL ODEDELE","2026-07-15 15:27:19",10.755,2,emmanuelodedele
3701,15910372,Galza98,"2026-05-14 15:07:43",10.757,9,galza98
3702,16108554,"Robin Smits","2026-06-20 08:24:45",10.772,9,rsmits
3703,16038300,Chiranjith,"2026-06-12 13:07:52",10.781,9,chiranjithdharma
3704,15866459,"Abdul Malik Ajibade","2026-05-18 13:13:30",10.782,3,abdulmalikajibade
3705,16444372,"Abdishakur Mohamed Ali","2026-07-12 02:28:03",10.784,20,abdishakurm
3706,15890106,"Raphael Alte","2026-07-27 12:23:33",10.784,6,raphaelalte
3707,16012137,"Nicolas Bridelance","2026-05-22 08:24:24",10.790,2,nbridelancetb
3708,15946790,"Ulrich G.","2026-07-08 22:11:34",10.793,10,ulrich07
3709,15867354,"LEVAN KANKADZE","2026-06-10 05:35:46",10.794,7,synchrocyclotron
3710,16257067,mkeriy,"2026-07-23 09:33:41",10.797,20,mkeriy
3711,16115471,"ChinWei Kuan","2026-06-16 07:30:51",10.801,5,chinweikuan
3712,16265303,"Pansheng Chen","2026-06-11 07:38:42",10.809,6,panshengchen
3713,16534461,"Tsingyuan ","2026-07-22 01:44:52",10.811,1,tsingyuan
3714,16335683,"Boopsy bopsy","2026-06-19 02:52:02",10.811,11,alexknvl
3715,15908662,minghigh,"2026-05-30 06:55:11",10.813,8,minghigh
3716,16568988,peter_22,"2026-07-28 10:09:34",10.817,6,ssah2025
3717,16440832,KENT430,"2026-07-27 13:15:42",10.829,9,kent430
3718,16096739,橙子,"2026-06-09 16:40:38",10.834,5,isaacliew
3719,15898736,mzl13,"2026-05-09 15:27:23",10.837,1,mzl1978
3720,15878930,sidgaur92,"2026-05-09 19:03:32",10.838,3,sidgaur92
3721,15889069,"Hiếu Trần Trung","2026-05-09 22:15:24",10.840,13,iamtrunghieu
3722,16487801,"Gleb Kuryanov","2026-07-07 04:40:48",10.841,2,glebkuryanov
3723,15882685,Yijue1,"2026-05-10 04:03:26",10.841,5,yijue1
3724,15869481,"Ian L","2026-05-10 02:05:18",10.841,9,ianleonardo
3725,15928924,"Charwis Reno","2026-05-13 18:52:10",10.844,1,charwisreno
3726,16256394,"Harry Zhong","2026-06-12 05:57:44",10.845,2,wendywilliamszhong
3727,16566225,RovleZ,"2026-07-20 01:20:58",10.867,5,rovlez
3728,16282303,"Lennart Paduch","2026-06-10 15:08:33",10.869,6,lennartpaduch
3729,16079798,"xavier fernando","2026-05-29 09:29:23",10.870,5,xaviertce
3730,16486160,JacobAI,"2026-07-07 18:49:45",10.875,2,jacobai2
3731,16153240,Saisiddharthpapasani,"2026-06-11 10:02:31",10.877,5,saisiddharthpapasani
3732,15880800,------------下等马分界线------------,"2026-05-09 10:25:18",10.879,3,aaawenxu
3733,15865336,Theerawit,"2026-05-10 10:25:50",10.884,2,theerawitplukmontol
3734,15893975,"KITAURA Soki","2026-05-20 01:31:14",10.889,20,kitaurasoki
3735,15894293,"Naman Singh","2026-05-30 18:20:18",10.897,3,namansingh15
3736,16098245,gxxxx_20,"2026-06-11 06:05:53",10.904,6,gxxxx20
3737,16434637,"Saunak Das Chaudhuri","2026-07-24 06:59:52",10.918,19,saunakdaschaudhuri
3738,16437978,"Arseniy Kalashnikov","2026-07-17 17:29:54",10.935,5,arseniykalashnikov
3739,15864932,"David Foster","2026-06-26 08:35:02",10.939,7,davidfoster
3740,16303762,"Abid Munna","2026-07-26 16:59:02",10.942,1,abidmunna
3741,15867120,"Gamer LTDA","2026-05-10 07:15:51",10.948,12,gamerltda
3742,15928059,Reina,"2026-07-18 04:20:50",10.959,46,reina20xx
3743,16412010,"Norman Neira","2026-07-24 19:15:41",10.965,9,normanneira
3744,16440652,"Temidara Sodeinde","2026-07-26 13:07:59",10.969,16,temidarasodeinde
3745,15995078,"Vivek Raj Anand","2026-05-23 22:19:05",10.974,13,vranand
3746,15951167,@luke,"2026-06-19 03:45:17",10.975,12,loukaspritsas
3747,16459489,"y sasa","2026-07-05 01:38:20",10.976,4,yukisasagawa
3748,16004023,vishnut,"2026-05-26 16:22:36",10.985,2,tpjvishnuvardhan
3749,16541339,Kagentle,"2026-07-19 06:45:16",10.995,8,underestimated
3750,16590900,imakiire,"2026-07-24 09:55:43",10.997,3,imakiire
3751,16432852,"Zhengru Li","2026-07-11 09:27:28",11.000,1,leechengju
3752,16594578,Staratnyte,"2026-07-26 15:19:04",11.000,8,staratnyte
3753,16559275,"Joan Bitutu","2026-07-26 19:44:23",11.023,5,joanbitutu
3754,16285281,Beta,"2026-07-01 15:40:07",11.032,6,ste1nsgate
3755,15868217,"Sahaj Deep Singh","2026-07-20 12:23:48",11.045,6,sahajdeepsingh9877
3756,16295429,Lawrence,"2026-06-13 11:57:54",11.049,5,lan13005
3757,16536666,"Adrian Martinez 1111","2026-07-27 04:04:44",11.058,10,adrianmartinez1111
3758,15988696,Alb_bat,"2026-06-16 16:40:33",11.061,26,alberto1492
3759,16517568,"Yulong Yang","2026-07-25 07:54:54",11.064,4,yulongt
3760,16233384,julymarc,"2026-07-11 21:36:32",11.064,21,julymarc
3761,16421791,MLNomads,"2026-06-24 16:22:01",11.069,6,skywolfmo
3762,16601868,"Gagan David ","2026-07-28 10:01:55",11.083,9,gagsy17
3763,15874963,"Mitsuhiro Iizuka","2026-06-08 15:14:57",11.101,20,mitsuhiroiizuka
3764,16429385,"Yigit Kayali","2026-06-30 18:45:43",11.107,5,yigitkayali
3765,16098116,"Sumant chakravarty","2026-06-08 17:40:23",11.110,4,sumantchakravarty
3766,15977523,CARMEN.AI,"2026-06-10 16:29:07",11.115,17,carmenai
3767,16515265,"Ling Li","2026-07-18 15:13:08",11.129,11,lingster
3768,15872148,"Atsuto SHIMADA","2026-07-13 13:03:25",11.129,6,atsutoshimada
3769,15991553,Pacifista,"2026-05-31 09:41:49",11.131,8,ruma3ruma3
3770,15868776,"Ahmad Alfian Faisal","2026-05-22 01:36:13",11.131,2,ahmadalfianfaisal
3771,16403806,javed,"2026-06-21 00:59:33",11.138,3,jakkaj
3772,16535474,"Nipun Weerasinghe","2026-07-12 16:37:55",11.141,1,nipunweerasinghe99
3773,16490279,loren,"2026-07-05 13:48:15",11.144,1,alloren
3774,15888803,Miker,"2026-05-10 09:26:16",11.144,9,miker1
3775,16247598,AioRaito,"2026-07-25 05:39:53",11.146,1,aioraito
3776,15911908,kuruma,"2026-05-18 18:22:47",11.147,10,takuroazuma
3777,16491276,Jagan,"2026-07-22 07:57:08",11.153,20,jacjagan
3778,16304036,hhhhhhh,"2026-07-04 22:06:36",11.154,13,mateomangialomini
3779,15916731,"Patryk Wolny","2026-07-12 14:06:25",11.160,34,patrykwolny
3780,16025969,FarahsD,"2026-07-27 18:35:30",11.166,97,farahsd
3781,16051982,"japjeet singh","2026-06-01 05:10:30",11.172,12,japjeet26
3782,16310942,"Nishchay Mahor","2026-06-15 05:04:27",11.180,3,nishchay01mahor
3783,16594875,Ta6leTkaa,"2026-07-27 21:21:19",11.181,5,ta6letkaa
3784,15931696,buaazwb,"2026-05-13 03:56:29",11.185,3,buaazwb
3785,16444379,"Md. Asif Hossain","2026-07-18 18:07:39",11.191,10,sabuktagin
3786,16048651,"Sabreen Elkamash","2026-07-26 20:52:48",11.214,59,sabreenelkamash
3787,16278104,"Chris Spears ","2026-06-13 13:36:13",11.226,8,chrisspears
3788,16104796,"Tendai Chikake","2026-06-29 10:56:07",11.230,22,tendaichikake
3789,15889805,"Wenxi Huang","2026-05-08 01:59:05",11.231,1,wenxihuang1
3790,16267313,"Anatoly karpov","2026-06-09 21:51:10",11.242,2,kenjimelhem
3791,15876607,"Roshan Rateria","2026-05-15 03:45:05",11.246,15,roshanrateria
3792,16393606,"JunWoo “Junu1229” Kim","2026-07-09 09:49:58",11.247,7,junwoojunu1229kim
3793,15922882,hommamunehisa,"2026-07-06 06:00:13",11.256,21,hommamunehisa
3794,16592084,U_suke,"2026-07-26 02:56:03",11.263,5,usuke4
3795,15881908,邓567,"2026-06-13 14:55:11",11.270,20,deng567
3796,16517577,kumachl,"2026-07-28 09:50:00",11.272,9,kumachl
3797,15881252,Never$,"2026-06-07 16:19:28",11.277,3,matrixneo
3798,16312377,"Willian Rodrigo Schuster","2026-06-19 09:51:00",11.287,7,wrschuster
3799,16485808,Michan22JP,"2026-07-07 03:19:27",11.302,7,michttt
3800,16587288,"Ana Ghindariu","2026-07-27 18:43:11",11.303,2,anaghindariu
3801,16289420,"Shilpa Kangya","2026-07-16 08:21:11",11.312,64,shilpakangya
3802,16473903,ArkadiyB123,"2026-07-05 07:36:38",11.314,2,arkadiyb123
3803,15988670,"STEFAN POPESCU","2026-06-12 05:17:36",11.326,5,stefanpopescu
3804,16584540,quzhihang,"2026-07-26 17:21:31",11.330,2,quzhihang
3805,16540177,bihrain,"2026-07-16 15:40:09",11.333,4,bihrain
3806,15867988,"Vikramchandra Alladi","2026-05-09 08:24:38",11.352,11,vikramchandraalladi
3807,15920393,"Mario Nicolae","2026-05-12 05:39:18",11.363,3,marionicolae
3808,16590206,"manas joshi","2026-07-27 22:51:59",11.373,8,justforgags
3809,15953523,"Nischal Patel","2026-07-01 02:39:34",11.374,1,nischalpatel
3810,16392331,"Santipab Tongchan","2026-06-19 07:28:17",11.399,5,santipabtongchan
3811,16582160,fsodogandji,"2026-07-23 16:03:50",11.400,6,fabsod
3812,15919138,cage,"2026-05-11 22:26:36",11.411,4,omerkaangrbz
3813,16248082,"Jon Blanchard","2026-07-19 19:40:51",11.412,61,jonblanchard
3814,16080281,508shuto,"2026-06-27 01:35:00",11.416,1,goyashuto
3815,15890053,noahrolandd,"2026-05-09 19:46:36",11.422,8,noahrolandd
3816,15877659,"Iwa Iwa","2026-07-12 17:43:31",11.426,5,iwaiwa
3817,16384163,NiDrigo,"2026-06-23 22:44:47",11.427,19,"nicoletrindadesouza,rodrigolps"
3818,16481627,"Koki ANDO","2026-07-06 13:47:10",11.432,4,kokiando
3819,15865987,"Ivan Sabev","2026-07-04 12:30:33",11.445,11,ivansabev
3820,16591391,"Mario Cicala","2026-07-26 06:32:46",11.460,14,mariocicala
3821,15943666,AIPractix,"2026-06-29 06:39:16",11.463,14,"duyqtrn,hocamtruc,ndkanh,nqkhai1706"
3822,16052079,Aristeides,"2026-06-02 11:10:19",11.465,30,wolframbopp
3823,16161754,Promissa,"2026-06-11 03:31:28",11.475,7,promissa
3824,16276594,"parth kanani","2026-06-11 10:17:09",11.492,1,parthloglogn
3825,16274232,abcfd,"2026-07-11 02:53:21",11.494,12,matsunagaxxx
3826,16599944,shanmukh,"2026-07-28 05:42:30",11.497,2,shanmukhkool
3827,15975111,Vcp1919,"2026-05-25 03:31:27",11.504,14,vcp1919
3828,16394009,ckyasb,"2026-07-01 14:59:20",11.512,14,ckyasb
3829,16096420,KK172,"2026-06-06 02:29:23",11.516,8,krishnakanth4228
3830,16576890,"adel benmouhoub","2026-07-21 08:50:11",11.517,4,adelbenmouhoub
3831,16343301,AnkumaKaggle,"2026-07-02 23:27:42",11.521,21,ankumakaggle
3832,16376995,keaixiaozhu,"2026-06-18 13:23:39",11.522,8,keaixiaozhu
3833,16001009,"Khalid Mustafin","2026-05-18 22:01:37",11.525,5,welddon
3834,16295710,Mineaholic,"2026-06-24 10:23:09",11.534,43,geojgs
3835,16203944,"Kaloyan Stoyanov","2026-06-03 17:42:12",11.544,1,kaloyanstoyanov
3836,15911774,Álvaro,"2026-06-06 19:22:55",11.552,2,alvaroborras
3837,16532349,"Sunny Kumar","2026-07-28 08:58:29",11.558,24,sunnykumar6203
3838,15882071,K2_codes,"2026-06-03 13:45:05",11.560,8,k2codes
3839,15914570,nilochan,"2026-06-18 12:33:34",11.563,11,nilochan
3840,15880376,"Anim Samuel K.","2026-05-13 12:37:31",11.564,6,animsamuelk
3841,16260225,Artification,"2026-07-14 18:14:18",11.579,3,shanyiming
3842,16061375,"Pratyush Negi","2026-07-07 09:26:24",11.581,17,pratyushh
3843,15992560,GNR_network,"2026-05-17 15:11:40",11.584,1,gnrnetwork
3844,15872928,"Abdelhafid Ammari","2026-05-24 08:22:27",11.592,25,abammari
3845,16509726,"Prudhviraju Chekuri","2026-07-24 02:04:38",11.594,4,prudhvirajuchekuri
3846,15883261,"Abinesh S","2026-05-12 18:17:21",11.595,4,abineshsdataa
3847,15926175,nanoxas,"2026-05-23 13:04:29",11.595,9,nanoxas0
3848,16596842,rikkei,"2026-07-25 05:15:20",11.598,3,rikkei
3849,16442215,"Govind Sharma","2026-07-03 07:26:35",11.601,6,govindsarswat
3850,16266312,"Abhi #2","2026-07-09 10:00:29",11.606,8,zeroday19
3851,16268719,Pointseal,"2026-07-23 00:58:29",11.622,9,pointseal
3852,15867206,"Andi Hisyam","2026-05-09 02:49:06",11.622,10,"andihisyam,ratihambarask"
3853,16264403,T41K1,"2026-07-10 08:26:15",11.629,5,taiki2
3854,15966156,"Onishchenko Bogdan","2026-07-23 18:42:53",11.633,9,windnict
3855,16441960,"Dmytro Rakovskyi","2026-07-19 07:19:19",11.638,20,dmytrorakovskyi
3856,16068463,Quixotik,"2026-05-28 13:33:16",11.644,12,xiaokangqin
3857,16403186,YinuoChen271,"2026-06-21 15:52:46",11.646,2,yinuochen271
3858,16566284,qwertykeypadapple,"2026-07-20 07:00:59",11.652,5,qwertykeypadapple
3859,15886690,"Dhanush BE","2026-06-24 07:11:50",11.654,3,dhanushbe06
3860,15897774,"Mike Zeng 2009","2026-07-12 10:41:24",11.663,5,mikezeng2009
3861,16461436,"Kirtan Adeshara","2026-07-04 19:14:02",11.667,3,kirtanadeshara
3862,15872423,"Bereketab Bantewesn","2026-05-26 15:44:49",11.668,8,bereketabbantewesn
3863,16390642,"Илья Хейчиев","2026-07-14 19:35:54",11.669,7,kheichiev
3864,16472460,"Exxon Mobil Destroyer","2026-07-02 15:40:12",11.677,5,"aydhin,gouthamk16"
3865,16043592,"michael kruse","2026-05-30 18:09:27",11.704,4,kruser85
3866,16485225,hjhgjhj,"2026-07-12 11:11:06",11.707,22,hjhgjhj
3867,16492067,sorcerer-program,"2026-07-07 05:12:21",11.707,2,sorcererprogram
3868,16408709,Nakano,"2026-07-14 16:42:16",11.715,4,spicatom0914
3869,16566604,"Sposato Analytics","2026-07-27 20:38:15",11.729,12,"marcelosposato,martinsposato"
3870,15901069,"Deeptanush Kapaka","2026-05-10 21:26:24",11.737,9,deeptanushk
3871,15902004,"Erhan Eker","2026-05-13 06:17:49",11.740,11,erhaneker
3872,16073951,"Felipe Matus","2026-06-01 15:44:24",11.750,3,felipematus
3873,15869886,"Hitarth Pandey","2026-05-17 04:01:37",11.752,19,hitarthpandey
3874,16492064,lchen106,"2026-07-08 02:42:00",11.755,6,lchen106
3875,15864404,Orion,"2026-05-19 12:57:47",11.756,8,fastthanh78
3876,15872983,"Niaz Mahmud","2026-06-18 06:15:10",11.762,56,niazmahmud0201
3877,16557727,"Chirapathleo Saelim","2026-07-27 08:17:48",11.772,10,chirapathleosaelim
3878,15988579,ksew364,"2026-05-16 20:35:31",11.775,4,ksew364
3879,15888113,kdrozdov,"2026-07-04 21:05:56",11.781,9,kdrozdov
3880,16600161,"Abhiraj Singh","2026-07-26 09:07:18",11.790,5,cyberdrago
3881,15879018,lanno19,"2026-05-09 10:48:37",11.794,2,lanno19
3882,15908443,"youssef murad","2026-07-22 18:59:12",11.797,51,youssefmurad
3883,16413311,"Bùi Quang Anh","2026-06-26 12:23:22",11.797,14,bqa100507
3884,15904313,"Shuheng(Andy) Cao","2026-05-10 05:21:33",11.814,7,shuhengcao
3885,16592463,"Suzuki Taichi","2026-07-28 03:54:42",11.814,9,"kotaroma,suzukitaichi"
3886,16533721,AKhan02,"2026-07-16 04:41:32",11.816,8,akhan02
3887,16406822,Vaycheslav,"2026-07-06 06:40:38",11.817,10,vaycheslav
3888,15982623,"Dingwen Kong","2026-07-14 00:00:17",11.819,1,dingwenkong
3889,16580244,"Hrithik Reddy","2026-07-23 09:46:52",11.828,6,hrithik22122
3890,15978288,adam7,"2026-07-09 04:59:58",11.833,7,a553649508
3891,16253260,batman1314,"2026-07-19 18:42:38",11.836,5,"batman1314,deathstar10"
3892,16131786,OshiRikan,"2026-07-22 07:18:51",11.846,2,perfectoshi
3893,15886393,gogome_Joh,"2026-07-10 02:37:26",11.847,9,mkamijo
3894,16291662,"Will English","2026-06-11 15:31:48",11.849,5,dubascudes
3895,16368637,"Rintaro Horita","2026-06-30 03:37:49",11.849,10,rintarohorita
3896,16448522,blackeyes1200,"2026-07-04 01:05:15",11.849,16,blackeyes1200
3897,16506282,oai,"2026-07-09 09:44:00",11.851,2,jackeson
3898,16545232,ken10ML,"2026-07-15 20:21:32",11.852,7,kensen10
3899,16227256,m_7ammed_surgical,"2026-06-16 19:48:54",11.853,14,"m7ammed2027,m7ammedsurgical"
3900,16563295,MayankSiddharth,"2026-07-19 07:08:50",11.867,2,mayanksiddharth
3901,16445739,hudax18,"2026-06-29 16:48:27",11.869,6,hudax18
3902,15872854,techjays,"2026-05-08 11:19:22",11.888,9,saravanarajanb
3903,15888522,"Aleks Aleksander","2026-06-18 03:15:43",11.890,124,aleksaleksander
3904,15873593,"Tys TANA","2026-06-10 13:28:07",11.900,18,tystana
3905,16603509,"ROG or ROG","2026-07-27 16:13:52",11.902,5,houjinghuang
3906,16533351,"Aditya Gaurav","2026-07-26 11:39:48",11.911,9,mradityagaurav
3907,16256967,pratham042002,"2026-06-13 18:10:52",11.916,7,pratham042002
3908,15864027,"Think different","2026-05-08 00:32:16",11.917,7,tianlemei
3909,15873045,"RENE R GOMEZ","2026-07-11 15:31:09",11.917,38,renergomez
3910,15871653,"rukon uddin","2026-05-07 17:24:54",11.918,5,rukonuddin
3911,16606876,"Debodip Chowdhury","2026-07-27 22:02:51",11.923,1,debodipchowdhury
3912,16217732,"Thang Nguyen","2026-06-05 11:45:58",11.925,3,thangylvp
3913,16260096,KalhanJogireddy,"2026-07-08 05:28:05",11.928,6,kalhanjogireddy
3914,16303983,"Youssef Nader","2026-06-14 19:27:41",11.940,9,gamingconceited
3915,15895410,"Raffi Ardhi Naufal","2026-07-22 23:08:30",11.958,3,raffiardhi
3916,16460495,"Jeswanth Joel","2026-07-03 18:26:02",11.959,11,jeswanthjoel
3917,15871054,Keisuke_kaggle,"2026-06-14 13:20:00",11.961,25,keisukekaggle
3918,16513968,"Jayant Parashar","2026-07-25 11:12:48",11.961,11,jayantparashar
3919,15906027,KriSav,"2026-07-19 07:47:38",11.971,48,madhusmitasahoo
3920,16384975,zhihao2020,"2026-06-19 22:36:13",11.972,2,zhihao2020
3921,16541411,scandk,"2026-07-20 21:19:08",11.979,12,scandk
3922,15870864,HarishNatrajan,"2026-05-12 07:00:12",11.984,13,harishnatrajan
3923,16585139,"Muhammad Dhiaz Rafilianza","2026-07-23 03:13:24",11.996,2,dhiazr
3924,16315429,Capoo,"2026-06-18 09:12:33",11.999,10,capoocat
3925,16381420,"Laurel Asun","2026-07-06 15:43:07",12.004,1,laurelasun
3926,16309721,安野哲郎（gyokuro00）,"2026-07-27 15:25:12",12.005,63,gyokuro00
3927,16099643,"Pardheev Krishna","2026-05-28 12:30:22",12.007,1,pardheev
3928,16496152,"Maksim Pozdniakov","2026-07-26 17:25:37",12.010,2,maksimpozdnyakov
3929,16099296,YamaIch,"2026-07-16 23:29:46",12.013,5,yamaich
3930,16504464,ashcode1,"2026-07-21 21:30:48",12.015,19,ashcode1
3931,16111088,mec314,"2026-06-15 11:53:05",12.016,4,mec314
3932,16542299,"TAUIL Abd Elilah","2026-07-18 22:42:07",12.017,2,tauilabdelilah
3933,16444249,TaDoPo,"2026-06-28 19:54:41",12.030,5,tadopo
3934,16391898,guymmk,"2026-06-20 07:46:21",12.036,3,guymmk
3935,16473827,"Kanta Hasada","2026-07-14 06:43:21",12.041,4,kantahasada
3936,16606559,"Ivan Zagorulko","2026-07-28 09:38:33",12.042,3,normaldaki278
3937,16361882,亚瑟本x,"2026-07-21 07:21:29",12.046,9,aret123456
3938,16556781,SherifN,"2026-07-28 00:46:55",12.069,42,sherifn
3939,16152064,satoharu,"2026-06-30 05:01:31",12.076,14,harukisato
3940,16046530,slolab,"2026-06-12 04:35:36",12.078,18,"fffxide,rabaa28,shogen8192,tjrabo,yokota555"
3941,16448220,"Cazio Sensei","2026-07-14 11:41:25",12.078,12,abdoulazizhamidouba
3942,16390835,"Siddhesh Sathe","2026-06-19 11:22:17",12.080,2,sidcodegg
3943,16440208,"Anton Sotnikov","2026-07-08 13:52:03",12.094,4,antosha1
3944,15926501,jrubiosainz,"2026-06-21 12:11:50",12.102,48,jessrubiosainz
3945,16543077,Soosembly,"2026-07-21 06:39:45",12.108,6,soojinson
3946,16473937,"UEN TINNLEA","2026-07-22 01:39:05",12.109,6,uentinnlea
3947,15872615,Viji,"2026-07-27 14:41:47",12.114,20,viji1609
3948,15936121,"John Park","2026-07-28 08:28:08",12.130,6,johnpark91
3949,16152946,今井伊織,"2026-06-29 07:37:25",12.133,5,tito38121492
3950,15866494,"Noorudheen km","2026-05-08 21:30:09",12.133,5,noorudheenkm
3951,16592805,"Aliy Elbekov","2026-07-25 05:14:55",12.144,4,aliyelbekov
3952,16510975,"malcolm tan","2026-07-10 04:27:01",12.152,1,malcolmtan
3953,16262390,Young,"2026-07-28 10:03:33",12.158,52,tatsuyayamamoto
3954,16285443,BBOGEUN,"2026-06-11 07:21:09",12.158,2,bbogeun
3955,16392460,xzrrooney,"2026-06-28 06:58:41",12.165,12,xzrrooney
3956,16382537,"Bohao He","2026-06-17 16:09:45",12.166,2,bohaohe
3957,15880342,SkySell,"2026-05-07 05:52:30",12.170,3,shin1shiba
3958,16211104,Mlrs,"2026-06-07 04:58:57",12.177,11,"daniilgonchar,thenemez"
3959,15887617,"Mahmoud Abdelsalam","2026-05-15 18:19:43",12.181,12,mahmoudsw
3960,16559654,"Bruce Zheng","2026-07-22 12:35:09",12.201,11,"brucezheng666,syx0711"
3961,15869350,MilanJoshi,"2026-05-08 05:30:38",12.208,8,mlnjsh
3962,15883191,soul,"2026-05-07 07:10:42",12.208,1,soul80
3963,15928847,GoCode,"2026-05-27 17:08:02",12.209,29,"aquariusrt,carlosgomez24,mauriciooffermann"
3964,16083964,MSG_Encrypted,"2026-06-16 21:56:36",12.213,28,msghais
3965,16484003,"Jeffery Jerome Harris","2026-07-21 17:17:49",12.218,9,jefferyjeromeharris
3966,15945594,"Takahiro Katsumata (tkatsuma)","2026-07-28 06:33:18",12.226,3,alextfkd
3967,16214604,Liran,"2026-06-04 15:42:01",12.227,2,benzionl1
3968,16349614,abi,"2026-06-30 08:55:05",12.236,11,abigailxichen
3969,16370488,"Jingyan Li","2026-06-18 08:43:37",12.238,4,amadeuscriss
3970,15871633,"Hassan Mahmoud","2026-05-09 12:51:53",12.238,13,hassanmahmoud94
3971,16571051,GreedyGeeks,"2026-07-21 16:51:07",12.243,3,"mufassa69,sagarteotia"
3972,16117378,isuishi620,"2026-06-10 07:50:24",12.246,16,isuishi620
3973,15944954,Asher407,"2026-06-11 08:47:19",12.249,5,asher407
3974,15866645,"Mixture of Experts","2026-05-07 18:48:39",12.252,1,"aldabergenovv1,armanzhalgasbayev,diaskuatbekov"
3975,16387287,Lithops1112,"2026-06-25 11:09:25",12.258,5,lithops1112
3976,16077515,"Carmen Menism","2026-07-26 02:35:33",12.264,57,carmenmenism
3977,16551876,"Nikita Detkov","2026-07-18 15:31:26",12.265,4,detkov
3978,15867190,"Pavel S.","2026-05-09 03:58:47",12.269,13,pas273
3979,16049900,"Akdeniz EEE","2026-07-27 19:30:32",12.275,21,"serkanpaker,sleymanbilgin"
3980,15893615,wawawawawawawawawa1,"2026-05-13 10:03:08",12.277,13,wawawawawawawawawa1
3981,16498217,GiskardAI,"2026-07-26 05:16:07",12.277,7,giskardai
3982,15913016,HaithamBatneej,"2026-05-17 06:06:00",12.291,12,hbatneej
3983,16141519,SaltyPiggy,"2026-06-04 09:00:22",12.292,1,superstarzlw
3984,16022406,jyama,"2026-07-06 08:15:53",12.307,17,yarukikun
3985,15989529,"Ifon Zhao","2026-05-29 15:27:28",12.315,2,ifonzhao
3986,16471968,"Ahmad Zulfiqar","2026-07-28 00:02:45",12.319,59,ahmadzulfiqar001
3987,16472480,"Mohit Kumar200708","2026-07-03 18:31:48",12.323,4,mohitkumar200708
3988,16134118,"jingliang Z","2026-06-01 16:15:57",12.331,3,jingliangz
3989,16488169,totosasa,"2026-07-08 15:30:59",12.334,2,totosasa
3990,16108098,"Zehra Kübra Çelik","2026-06-10 14:07:20",12.340,8,zehrakbraelik
3991,16308489,phantomguild,"2026-07-08 16:34:27",12.347,2,phantomguild
3992,16131270,xiaoh1024,"2026-06-01 15:54:24",12.355,8,xiaoh1024
3993,15874991,"Ayush Khaire","2026-07-27 07:22:04",12.367,39,ayushkhaire
3994,16538665,Eureka-ST-JP,"2026-07-14 01:50:44",12.372,1,japanesemoneymonster
3995,16590879,"Wang Junnan","2026-07-24 17:00:31",12.376,2,junnan937
3996,16418631,mayfly02,"2026-07-02 14:09:39",12.376,26,mayfly02
3997,15864702,pk,"2026-06-13 21:09:30",12.378,13,parijit
3998,15912948,zera,"2026-06-21 14:56:57",12.381,2,zera12
3999,16569876,"yudai adachi","2026-07-26 17:23:06",12.382,11,yudaiadachi
4000,16574105,ys_material,"2026-07-26 09:39:02",12.385,15,ysmaterial
4001,16251513,"Charlie Craine","2026-06-27 13:28:22",12.387,4,crained
4002,16565989,"Seongmoon Jeong","2026-07-20 11:09:47",12.388,1,seongmoon729
4003,15866851,"Juan Pablo Sampayo","2026-05-08 14:48:20",12.392,11,juanpablosampayo
4004,15875719,"Tuncay Aydın","2026-07-28 10:50:40",12.393,6,"emrekele,muhammedtuncayaydn"
4005,16419089,"Van Binh Nguyen","2026-06-30 07:01:15",12.394,14,vanbinhnguyen
4006,16589403,"Atharva Soundankar","2026-07-23 18:50:27",12.399,3,atharvasoundankar
4007,16557243,senxlj,"2026-07-18 02:40:22",12.404,3,senxlj
4008,15913170,"Gal Weitz","2026-05-10 18:12:19",12.409,2,galweitz17
4009,16591216,"Universal Function Approximator","2026-07-28 05:27:13",12.423,14,fgeeng
4010,16241654,"CHANG CHING-EN","2026-06-14 03:49:23",12.424,7,changchingen
4011,15888202,"k240527 Muhammad Furqan Sheikh","2026-06-12 08:16:43",12.428,40,k240527
4012,16143720,YnsGlç,"2026-07-21 13:27:18",12.433,12,yunusgle
4013,15871596,"Ankan Kar","2026-05-07 14:51:00",12.437,4,zargon
4014,15867619,IesBrazil,"2026-05-27 18:29:45",12.444,1,"allansoaresramalho,aradimo2,isabellenascimento13,rodrigoeiras"
4015,15895597,democatXamer,"2026-05-19 04:04:37",12.444,10,w1326627677
4016,15898746,masahiro,"2026-05-09 11:20:08",12.446,1,masakane
4017,16437333,jongyoon,"2026-06-26 12:20:05",12.446,2,codebricks
4018,15909181,"Evgeniya Dmitrieva","2026-05-10 20:54:37",12.447,2,evgeniyadm
4019,15916031,Bouyan,"2026-05-11 05:08:29",12.447,1,inouebouya
4020,15864825,"AKSHIT Agarwal","2026-05-09 13:15:59",12.448,3,akshitagarwal01
4021,16274039,"Helmi Misbahuddin","2026-07-05 06:48:30",12.450,15,helmimisbahuddin
4022,16016723,"Shubham Raikwar","2026-05-29 06:35:59",12.450,2,shubhamraikwar142
4023,15867395,"Udit Jain","2026-05-08 05:11:48",12.451,16,uditjain13
4024,16605876,"Joel De la Cruz Fuertes","2026-07-28 00:01:03",12.453,6,joeldcf
4025,15888956,"X Hilbe","2026-05-11 01:44:51",12.461,5,xhilbe
4026,16307314,"Tracy Jack","2026-06-16 05:32:59",12.467,8,tracyjack
4027,15878022,dividedbyZero,"2026-05-14 03:33:53",12.475,14,fcastanedo
4028,16247273,"Juan David Villate","2026-06-12 18:44:04",12.475,4,juandavidvillate
4029,16132854,"KENTA OGAWA","2026-07-12 08:40:56",12.477,9,kentaogawa
4030,16189700,castlehoo,"2026-06-09 00:33:01",12.478,7,castlehoo
4031,16434934,"Vishnu R Mohan","2026-06-25 23:32:16",12.480,2,vishnurmohan
4032,16599205,"kolawole tosin","2026-07-27 14:34:22",12.491,10,kolawoletosin
4033,16076535,"Jeffrey Roth","2026-05-28 14:58:08",12.506,6,jeffreyroth
4034,16355055,"taichi endoh","2026-06-20 09:16:26",12.507,3,dennkitotaichi
4035,16298115,张本逸涵,"2026-06-13 18:35:11",12.512,1,ltwzdz
4036,16257054,Ricky,"2026-06-08 17:23:28",12.533,7,rickyds97
4037,15867355,HarshitKulkarni07,"2026-05-09 10:40:21",12.540,5,harshitkulkarni07
4038,16111746,Ashmit20,"2026-07-23 09:15:32",12.548,1,ashmit20
4039,15867013,"Ridha mostefa","2026-07-15 22:28:19",12.551,111,ridhamostefa
4040,16592815,"DHAWI Aymen","2026-07-26 08:21:48",12.561,4,dhawi56aymen
4041,16584358,xyf0625,"2026-07-23 12:07:28",12.562,3,xyf0625
4042,16280911,Prometheus,"2026-06-22 02:59:31",12.564,5,"dhanishwarsb,kiruthikskumar"
4043,16302747,"Ruby Hartono","2026-07-27 11:56:01",12.564,156,rubyhartono
4044,16399457,Hamish,"2026-07-03 13:39:58",12.566,5,hamishdickson
4045,16591642,"Rogers Johnson","2026-07-28 09:11:03",12.568,22,rogersjohnson
4046,16474199,tq1d,"2026-07-19 07:28:00",12.579,3,haya03010
4047,16587420,"Jimmy Chase","2026-07-23 11:34:44",12.589,5,jimmychase
4048,16531748,eL,"2026-07-13 08:38:12",12.592,2,elffff
4049,15890939,"Paul Orazulike","2026-05-09 09:14:41",12.595,2,paulorazulike
4050,15868047,"Prakash Meher","2026-05-07 04:25:09",12.597,7,prakashmeher
4051,16268819,"Kevser Nur Kiraz","2026-06-08 18:36:40",12.600,2,kevsernurkiraz
4052,15867590,"Peter Orazulike","2026-06-02 19:11:03",12.604,18,peterorazulike
4053,16053463,"Kaggle CompsBench Bot","2026-05-28 03:26:58",12.616,3,kagglecompsbenchbot
4054,16603741,"Aryan Mashalkar","2026-07-27 14:31:31",12.628,3,aryanmashalkar
4055,16345307,"Koutou Andy","2026-07-24 00:28:19",12.629,5,koutouandy
4056,15907877,Шарбин,"2026-07-01 05:10:57",12.638,4,dashitsybikzhapov
4057,15882806,"Shokh Abdurakhmanov","2026-05-07 07:12:22",12.639,1,shokh0
4058,16456736,"Eric L","2026-07-02 07:41:46",12.647,3,i2304592304
4059,15877766,Kango,"2026-05-06 17:29:52",12.655,1,datingwang
4060,15877847,BPeterman,"2026-07-27 19:06:57",12.658,97,bpeterman
4061,15872455,"chen Jack12","2026-05-07 08:47:53",12.661,5,chenjack12
4062,16424277,Ronaldyyc,"2026-06-25 16:46:55",12.667,3,ronaldyyc
4063,16022401,"Diganto Deb Barma","2026-07-12 16:14:31",12.669,16,digantodebbarma
4064,15874631,"Muhammad Awais","2026-06-22 18:23:44",12.670,55,muhammadavici
4065,15866413,"walusimbi Isiah","2026-06-07 04:39:07",12.676,57,walusimbiisiah
4066,16548451,"Issac “Izreal” Davis","2026-07-20 05:11:43",12.677,13,issacizrealdavis
4067,16594961,"Evgeniy Avdeev","2026-07-26 22:22:22",12.680,2,"evgeniyavdeev,fiornrrn,gogolmemes"
4068,15870504,"Wafaa Ashraf","2026-05-10 07:20:25",12.688,16,w2kaggle
4069,16506264,"Francisco Soto","2026-07-11 02:58:53",12.701,4,fransccr
4070,16436314,Shreyash_Automation,"2026-07-23 15:18:03",12.706,15,shreyashautomation
4071,15882137,Moonlight,"2026-07-28 03:49:00",12.723,24,rajesh1joc
4072,16061354,與座啓仁,"2026-06-10 12:29:28",12.726,21,takatoto
4073,16475829,Kabeer,"2026-07-03 12:09:48",12.731,5,kabeer2501
4074,16191312,"Robert McMenemy","2026-06-18 20:04:41",12.734,3,rmcmenemy
4075,16307200,"Meshal Nayim","2026-06-13 05:52:36",12.753,4,meshalnayim
4076,15900306,"Ross Thomson","2026-05-09 19:22:17",12.754,2,rossthomson
4077,16489987,"Vaibhav Nakrani","2026-07-07 13:45:07",12.754,4,vaibhavnakrani
4078,15878805,ari2612sarkar,"2026-05-12 21:44:41",12.758,5,ari2612sarkar
4079,16038222,"Antonio Lopez","2026-05-27 14:06:15",12.764,8,antoniolopez
4080,16563331,Euler,"2026-07-27 08:11:36",12.767,23,heymanbd
4081,15865574,Damo,"2026-05-06 11:46:04",12.770,1,guanjingwang
4082,16254969,"Haomin Ng","2026-06-08 19:52:24",12.771,1,haominng
4083,16405258,justin1357,"2026-06-23 03:46:21",12.775,6,justin1357
4084,15882607,"cao jia hao10554","2026-05-07 06:38:52",12.787,1,caojiahao10554
4085,16085456,Sandy,"2026-07-24 19:09:51",12.790,12,sandeepmnair
4086,15889235,"Alex Li","2026-05-14 15:06:32",12.794,1,alexli1998
4087,15874512,Ᏸ𐍂Ꭷ,"2026-07-27 15:37:30",12.800,10,dheerajkannaujiya
4088,16058032,"Bedilbek Khamidov","2026-05-23 19:00:45",12.800,1,bedilbek
4089,16055317,passion,"2026-05-25 13:06:31",12.801,4,lanmaogen
4090,16036875,"Harsh Jain","2026-06-02 13:47:15",12.803,11,harshjain123
4091,15880508,"Mehedi Meraj","2026-05-07 05:59:13",12.807,2,mehedimeraj
4092,16028860,"Ganzorig Batnasan","2026-07-27 04:06:52",12.811,5,ganzobtn
4093,16506752,xuenyat,"2026-07-11 12:34:47",12.811,10,xuenyat
4094,16425437,CANOE,"2026-07-26 00:19:40",12.819,6,acanoe
4095,16435465,maniginam,"2026-07-19 08:00:08",12.843,14,maniginam
4096,15869061,"Rofif Nabil Mudhofar","2026-05-13 02:10:04",12.863,22,rofifnabilmudhofar
4097,16532785,"Cláudio Ribeiro De Amorim","2026-07-21 13:25:52",12.869,4,claudiokaw
4098,16016054,"kimuli done","2026-05-28 19:54:58",12.872,25,kimulidone
4099,16401880,"Doruk Sarıgun","2026-07-23 22:39:29",12.873,1,doruksargun
4100,15875198,Shin7jp,"2026-05-06 13:19:43",12.873,1,shin7jp
4101,16475890,"Martin Štěpánů","2026-07-04 13:51:53",12.874,10,martinstepanugscx
4102,16430120,"Lai Jing Lin","2026-07-20 07:54:29",12.880,36,laijinglin
4103,16425839,Kakelanr,"2026-06-26 14:26:07",12.883,5,jiesileee
4104,16449847,"Pawit Sahare","2026-07-01 09:25:07",12.887,11,pawitky
4105,16035498,"Abdullah Fasih","2026-05-27 19:40:48",12.888,13,abdullahfasih
4106,16012167,kishoreirene,"2026-06-07 12:13:08",12.891,4,kishoreirene
4107,16022865,"Sophia Campbell","2026-06-23 10:40:25",12.897,6,sophiacampbell
4108,15876189,"Anton Kostin","2026-07-18 06:36:35",12.918,33,visualcomments
4109,16417068,"Ahmed Mustafa Ahmed","2026-07-26 04:58:05",12.921,18,ahmmahahm
4110,16282940,"Jim McCormack","2026-06-13 14:46:07",12.921,3,jmack4
4111,16587341,QuiveringLemon,"2026-07-22 22:16:50",12.925,2,quiveringlemon
4112,16338014,"Well.... Boring","2026-06-22 02:03:11",12.928,5,mannanthakur
4113,16114343,"Usaev Galim05","2026-06-02 02:03:27",12.932,5,usaevgalim05
4114,16589944,Vernon,"2026-07-27 09:21:06",12.934,7,pku1400010735
4115,15881131,uRay,"2026-05-11 23:49:56",12.939,2,tn404nt
4116,16413335,"Quentin Gense","2026-06-24 11:42:33",12.947,7,quentingense
4117,16130851,"Bowen Lu306","2026-06-02 07:18:29",12.951,6,bowenlu306
4118,15898155,aurora142003,"2026-05-20 12:16:52",12.954,15,aurora142003
4119,16426617,"Jonas S","2026-07-27 21:01:42",12.958,12,grefna
4120,16288793,tkm427,"2026-06-20 17:58:43",12.959,1,tkm427
4121,16098928,"VIJAYAKANTH M 23ALR121","2026-06-10 09:13:42",12.959,22,vijayakanthm23alr121
4122,15993867,Visa,"2026-05-18 07:00:11",12.964,8,philipman
4123,16043712,"NGUYỄN QUANG NGHĨA","2026-06-20 03:15:02",12.966,10,nghianq1610
4124,16268383,"StrGenIx | Laurens D'hooge","2026-06-08 13:35:42",12.978,2,dhoogla
4125,15864595,"Biruk Desta","2026-05-06 18:49:53",12.981,4,bd0855
4126,16491196,"Tony Stroessenreuther","2026-07-08 20:57:00",12.981,6,tonystroessenreuther
4127,16131314,"He Yufeng","2026-05-31 10:39:04",12.993,1,heyufeng2003
4128,16092252,AI4ALL,"2026-07-23 06:37:04",12.994,59,asimov13
4129,16583562,"Tamam Fajar Briliansyah","2026-07-26 16:26:22",12.995,3,tamamfajar
4130,15875308,"Preston McCauley","2026-05-13 14:21:05",12.996,11,prestonmccauley
4131,15870725,"Santosh Pol","2026-05-06 15:48:40",12.999,2,santoshpolmtech2025
4132,15873644,Jirka,"2026-05-14 07:50:24",13.002,6,jirkaborovec
4133,15870627,spekinos,"2026-05-06 07:57:44",13.017,2,spekinos
4134,16279417,Enai,"2026-07-23 12:13:41",13.018,20,enaimaan
4135,16479611,"Savindu Manahara","2026-07-08 12:42:26",13.021,23,savindumanahara
4136,15866961,"Jaime Souza","2026-05-08 00:10:35",13.024,10,jaimenms
4137,16600807,yuuka714,"2026-07-26 08:10:43",13.031,2,yuuka714
4138,16516879,"Steve Opar","2026-07-17 18:54:09",13.033,8,steveopar
4139,16586342,Sakura7596,"2026-07-23 23:36:46",13.038,2,sakura7596
4140,16534937,"Hamza Yakup Yılmaz","2026-07-19 15:23:34",13.043,16,hamzayakupylmaz
4141,16491984,"Lam Mo Kit ","2026-07-06 00:37:27",13.044,1,lammokit
4142,15876500,YAZIDALOUI,"2026-06-12 12:08:25",13.064,47,yazidaloui
4143,15872974,"Alexey Filimonov","2026-05-06 10:08:44",13.088,1,alexeyfil
4144,15867576,ROGERRRRRRRR,"2026-05-07 09:19:09",13.089,8,vishwasmishra1234
4145,15864980,Carloscp,"2026-05-06 13:50:09",13.089,4,carloscalvinp
4146,15892758,Par_Kahe,"2026-06-29 05:51:48",13.089,1,parkahe
4147,15930498,"Jaksen Charles","2026-05-12 01:34:57",13.089,10,jaksencharles
4148,15879432,"Ehsan Gharib","2026-06-11 01:06:38",13.090,103,ehsangharib
4149,15952577,ThunderstormXX,"2026-05-14 01:28:58",13.093,5,thunderstormxx
4150,16332094,"Osh Nand","2026-07-17 15:20:11",13.098,24,oshnand
4151,16575218,"Lu Ruoxin","2026-07-27 07:36:31",13.106,1,"chenyangli111,lingluoqs,luruoxin"
4152,16515033,Hans,"2026-07-13 10:21:58",13.126,4,sihanhang
4153,15893013,"Nihal Vellaramkallingal Sulaiman","2026-06-01 03:53:39",13.136,21,vsnihal
4154,16084827,youkinasa,"2026-05-29 02:56:17",13.145,6,youkinasa
4155,16279145,"minh vu111","2026-06-18 16:13:04",13.149,7,minhvu111
4156,15925822,"Pramit Dutta","2026-05-16 07:08:05",13.150,2,pramitdutta01
4157,15906496,"Dr R Kotteeswaran","2026-05-16 16:04:05",13.152,7,drrkotteeswaran
4158,15869572,"Sheb Michel","2026-06-11 00:42:20",13.157,15,michelnzikou
4159,16266058,MVK_REDDY,"2026-07-07 13:52:00",13.180,3,venkatakrishnareddy
4160,16579781,smasllshark24,"2026-07-22 14:00:25",13.182,2,smasllshark24
4161,15929121,Eva,"2026-07-27 18:57:22",13.187,10,sthuthyevangelinem
4162,15869471,"Ram Prasath K","2026-06-23 06:18:42",13.193,5,ramkan07
4163,15872920,"da da","2026-05-06 08:48:22",13.198,1,notadamasher
4164,16132822,dlubom,"2026-06-02 13:54:27",13.199,3,dlubom
4165,15939443,"Scott Weeden","2026-07-28 09:25:07",13.204,30,scottweeden
4166,16533235,"Halite & Bedrock","2026-07-21 16:44:20",13.214,4,"barankucuk,haileytrittin09"
4167,15868263,Quadruped,"2026-06-23 12:20:58",13.220,83,jaclyndeem
4168,16273404,"animal inner","2026-06-14 08:42:00",13.226,3,animalinner
4169,16449570,blackhat,"2026-07-16 10:17:24",13.231,25,neerajds
4170,15869435,"Adnan Momin","2026-05-17 09:35:56",13.234,18,mdadnanomin
4171,15886780,"Kuoyen Lo","2026-05-07 17:38:04",13.235,5,kuoyenlo
4172,15865975,"Giacomo Veneri","2026-05-09 08:14:25",13.236,7,giacomoveneri1
4173,16066519,"Emilio Mas","2026-07-15 18:34:13",13.240,8,emiliomas
4174,16092651,"Debangan Mandal","2026-06-18 20:21:03",13.241,12,debanganmandal
4175,16043241,"Ryan Clarke","2026-05-27 21:10:36",13.243,6,bonesclarke26
4176,15914806,"Hady Elmahy","2026-05-10 16:59:11",13.244,5,hadyelmahy
4177,15877066,"Jeet Govind","2026-06-02 18:28:02",13.246,9,jeetgovind
4178,16000186,"Mudit Nagori","2026-07-16 07:49:33",13.250,8,muditnagori09
4179,16295866,Gaby,"2026-06-16 14:24:44",13.259,14,yukiiiiiiiiiiii
4180,16018021,PapaChetty,"2026-05-28 13:09:54",13.261,9,papachetty
4181,16386856,"Prosotas dubiosa","2026-07-18 02:45:03",13.263,13,prosotasdubiosa
4182,16271739,"Ethan Cave","2026-06-12 20:26:01",13.263,2,ethancave
4183,15868838,"Ragunath Ravi","2026-06-05 13:26:13",13.265,7,ragunathravi
4184,16029106,"Ye Fenghao","2026-06-16 07:59:10",13.271,22,yefenghao
4185,16037719,Camnuy,"2026-06-18 09:04:02",13.278,8,camnuy
4186,16448507,"Игорь Орехов","2026-06-29 09:32:43",13.280,4,arahismsn
4187,16475501,AntonomousPrime,"2026-07-09 17:42:18",13.286,8,antonomousprime
4188,16136578,suyapoom.ch,"2026-06-20 18:40:07",13.288,7,suyapoomch
4189,16088154,"Camilo Castillo","2026-05-29 14:19:36",13.289,14,camilocastillo123
4190,16353222,ilginkarakas,"2026-07-15 15:28:05",13.292,3,ilginkarakas
4191,16277762,Tensori,"2026-06-10 09:44:31",13.299,3,tensorinsights
4192,15999993,"Daniel Wu","2026-07-24 16:11:56",13.318,4,danielwuu
4193,16087158,bigdataryan22389,"2026-05-29 16:31:25",13.320,9,bigdataryan22389
4194,16282011,"Edith Gu","2026-06-10 01:11:06",13.326,5,edithgu
4195,16444750,uykumfirarda,"2026-07-18 17:26:09",13.343,2,mehmetakifbaba
4196,16415607,"Joe G","2026-06-22 23:12:58",13.344,3,babbler
4197,16585142,Maximax67,"2026-07-26 18:21:43",13.361,3,maximax67
4198,15968076,"Pavel Chekanov","2026-07-03 14:50:24",13.364,10,hydrophonyx
4199,16335049,"Water ground","2026-07-27 22:29:19",13.369,23,kyumoto
4200,16059645,"Junhang Yu","2026-06-12 08:13:56",13.380,37,junhangyu
4201,16074538,"Ngwe Yee Pearl Ou","2026-05-26 05:19:43",13.380,5,clarynypo
4202,16564671,"Ilia Evseenko","2026-07-18 15:36:33",13.385,1,iliaevseenko
4203,15895017,小赛尔,"2026-05-26 10:11:45",13.387,1,shadowbrightness
4204,15912619,"Tushr Bhardwaj","2026-05-11 20:37:49",13.391,4,gaming7
4205,16552804,"Arjun Sharma","2026-07-22 10:45:08",13.411,6,arjundsharma
4206,15871429,zulfikar.khalwaniev,"2026-06-14 13:54:35",13.417,2,khalwaniev
4207,16471646,Shubbs,"2026-07-14 18:31:29",13.419,1,shubbs
4208,16135579,Zvshs20239,"2026-05-31 17:38:42",13.420,2,zvshs20239
4209,16492814,ZeuhL_ITO,"2026-07-27 04:57:42",13.423,13,"cafebroad,tmcit22,zeuhlito"
4210,16045340,Ruid3768,"2026-05-30 14:10:56",13.423,3,ruid3768
4211,15930202,renren,"2026-06-23 13:36:39",13.424,1,sitpie
4212,16539715,"Utkarsh Varshney","2026-07-14 06:47:34",13.427,1,utkarshvarshney2002
4213,16553144,"YueZheng Zhang","2026-07-28 10:36:55",13.430,23,yuezhengzhang
4214,16401057,"Vasya E","2026-07-21 06:58:07",13.433,20,vasiliie
4215,16446818,"zhaorong meng1","2026-07-07 14:49:57",13.433,2,zhaorongmeng1
4216,15866297,Craigmx16,"2026-05-07 05:56:54",13.450,11,craigcurtis16
4217,16016666,"Islam AlaaEddin","2026-06-02 10:52:49",13.450,13,islamalaaeddin
4218,16564496,nguyentuansi,"2026-07-20 05:43:58",13.463,5,nguyentuansi
4219,16331779,ItsOnlyCed,"2026-06-26 04:00:38",13.464,2,itsonlyced
4220,15868722,"Hà Nguyễn Xuân","2026-05-09 19:29:54",13.471,11,hnguynxun
4221,16076661,MarcinStaśko,"2026-06-06 11:47:57",13.471,20,marcinstasko
4222,15868493,"Manish Swami","2026-05-08 13:02:55",13.483,2,manish756
4223,16012708,Zhouguanghao,"2026-05-20 17:10:31",13.487,7,zhouguanghao
4224,16404366,Steve,"2026-07-19 23:10:12",13.490,8,steve5438
4225,15988626,"Ricardo Serrano","2026-06-03 16:21:51",13.492,11,ricardoserranofdz
4226,16424807,"PRADEEP HEBBALLI","2026-06-28 11:44:05",13.492,12,pradeephebballi
4227,16275680,"Hikmet Calayır","2026-07-27 02:28:47",13.500,5,hikmetcalayr
4228,15977065,"Mahou Lettuce","2026-05-24 05:29:28",13.502,7,frogcannotdie
4229,16073983,"Artem Zysko","2026-06-04 10:50:59",13.507,5,artemzysko
4230,16057039,"Sai Zaw Oo","2026-05-24 09:25:30",13.507,4,saizawoo
4231,15907071,"Pranav Napolean","2026-05-10 19:10:00",13.515,1,pranavnapolean
4232,16211888,"Resul Özkale","2026-06-09 19:09:23",13.518,4,resulzkaledsw
4233,16553464,"Brent Wolf","2026-07-18 22:05:04",13.527,2,brentwolf23
4234,15897098,"Dominik Csatári","2026-05-11 14:19:56",13.532,5,dominikcsatri
4235,16508237,sky_hashimoto,"2026-07-16 03:54:35",13.537,9,skyhashimoto
4236,15903131,"blatant warrior","2026-05-10 12:26:21",13.541,10,blatantwarrior
4237,16592475,"Michael Orina","2026-07-27 18:04:40",13.545,3,michaelorina
4238,15906647,otatatata,"2026-05-10 02:07:34",13.548,4,otatatata
4239,16025145,"Shahbaj Latif","2026-07-27 11:17:50",13.548,31,"nasifadnin,shahbajlatif"
4240,15881763,Lee3000,"2026-05-13 02:25:57",13.549,4,lee3000
4241,16004368,"Georgios Nikolitsis","2026-07-27 11:16:16",13.555,282,gnikolitsis
4242,15978314,LimYeongsu,"2026-05-17 07:00:05",13.556,5,limyeongsu
4243,16306446,"hao zhang","2026-06-22 05:50:29",13.557,1,zhanghao913
4244,16421012,wangyufan1,"2026-07-15 11:26:10",13.557,9,wangyufan1
4245,16272555,"Joseph Xiao","2026-06-21 20:47:50",13.560,12,joxiao
4246,16565881,Vibe,"2026-07-20 04:28:49",13.560,3,mehergajula
4247,15912969,"Astitwa Agarwal","2026-05-10 05:44:00",13.565,5,astitwaagarwal
4248,16120069,"varun divakar","2026-06-20 11:14:13",13.570,6,varundivakar
4249,16561782,"Seong-Min Park","2026-07-18 08:34:34",13.574,4,xcrossai
4250,16117445,heyheyhey,"2026-06-02 14:34:36",13.577,15,mkp312
4251,16053606,"Brian Gasper","2026-05-29 05:32:26",13.579,23,bryangasper
4252,16269895,"Rushiraj Chavan","2026-06-20 20:20:43",13.583,1,rushirajchavan
4253,15864056,"Manav Modi","2026-05-08 21:26:26",13.593,9,manavmodi4
4254,15978921,AJones7_13,"2026-05-19 02:26:53",13.602,6,ajones713
4255,16286290,zzgtylors,"2026-07-23 07:41:05",13.603,9,zzgtylors
4256,16036957,小出和見,"2026-07-28 06:56:43",13.604,31,kzmk8d
4257,16540720,"Akshaj Shandilya","2026-07-21 22:35:53",13.611,1,akshajshandilya
4258,16084043,Huobjj,"2026-05-27 03:20:04",13.615,6,huobjj
4259,15895308,"Christian Rellama","2026-05-16 02:31:39",13.619,17,chrisrellama
4260,16575488,Miscusi,"2026-07-26 08:05:41",13.623,16,usiadianimuwa
4261,15872013,"Yash Rathod","2026-05-20 18:47:29",13.626,8,yash02102
4262,15875882,"Ramkrishna Mangukiya","2026-05-28 11:39:24",13.634,46,"chaklasiyashrey,ramkrishnamangukiya"
4263,15873689,CertifiedSurvey,"2026-05-08 12:14:58",13.637,6,certifiedsurvey
4264,16137136,Doppio,"2026-06-10 23:33:40",13.639,4,alexandrefacione
4265,16266190,"Konstantinos Papa","2026-06-08 16:06:33",13.640,2,konstantinospapa
4266,15867900,yjan,"2026-05-06 13:53:42",13.644,4,ynmrjava
4267,16359883,AIM,"2026-06-22 08:30:38",13.645,10,"bulaevvi,ilyaziganshin"
4268,15873397,"Radosław Czajkowski","2026-05-11 15:24:16",13.649,9,radoslaw
4269,16239256,ZhouSicheng93,"2026-06-12 06:05:45",13.657,5,"zhousicheng93,zhousujin0307"
4270,15927994,"Michał Dziwisz","2026-05-19 14:10:20",13.685,13,michadziwisz
4271,15877570,Kemzilla,"2026-06-22 20:35:43",13.703,39,"kemtarokem,popblepoopball"
4272,15869599,"Kashyapsinh gohil","2026-06-28 10:41:30",13.709,3,kashyapsinhgohil
4273,16554595,tomo2677,"2026-07-23 07:52:05",13.712,4,tomo1314
4274,16470960,"Victoria Tauanny","2026-07-27 11:30:15",13.716,21,victoriatauanny
4275,15898020,PatrickAIForFun,"2026-06-30 14:13:41",13.720,16,patrickaiforfun
4276,16107570,k1nsom,"2026-06-05 10:20:18",13.723,18,k1nsom
4277,15863724,"Raunak Kesharwani","2026-06-04 13:24:12",13.727,2,raunakkesharwani
4278,16369201,"Dear Shark","2026-06-17 12:18:16",13.731,1,dearshark
4279,16441469,greendhy9999,"2026-06-27 14:23:52",13.741,3,greendhy9999
4280,16015218,ThierryS,"2026-05-20 17:56:04",13.743,1,thierrys
4281,15993287,kyapi_0123,"2026-05-17 11:18:56",13.748,3,kyapi0123
4282,16319787,Hkawanishi,"2026-06-28 19:31:57",13.749,4,hkawanishi
4283,16236341,ComputerGuyTed,"2026-06-11 04:26:47",13.751,18,computerguyted
4284,16208630,BurdBurdMan,"2026-06-09 02:08:25",13.752,3,burdburdman
4285,15877539,"Adwait Tagalpallewar","2026-05-13 11:32:50",13.757,3,adwaittagalpallewar
4286,16109334,S-as-H,"2026-07-10 10:45:13",13.761,9,sasha1111
4287,15872187,Alexy,"2026-07-26 02:56:57",13.762,7,alexycactus
4288,16087497,"Akarsh kumar shukla","2026-06-01 05:02:15",13.768,2,akarshkumarshukla
4289,16093923,"AI Coach","2026-05-29 06:53:55",13.769,3,lakmalrupasinghe
4290,16288083,"Kirill Sleptsov","2026-06-18 21:58:46",13.770,9,kirillsleptsov
4291,15870177,Maxim,"2026-05-08 15:18:54",13.771,5,ektarr
4292,16504137,mekeybe,"2026-07-11 00:40:30",13.775,6,mekeybe
4293,16457937,ylxxxxxxx,"2026-06-30 16:19:12",13.778,1,ylxxxxxxx
4294,15976610,"WELL LOGGERS","2026-07-27 18:20:21",13.780,9,"grahuldesu,hardikjain0706,indranil95088,krishnendudas47,ojasshaha"
4295,15863837,"Andreas Bisiadis","2026-05-06 20:31:46",13.781,6,andreasbis
4296,16109831,"Kiran Vitly","2026-07-03 14:31:48",13.782,43,kiranvitly
4297,16376620,kotleha,"2026-06-17 06:36:34",13.788,1,kotleha
4298,15864679,"Diego Silva França","2026-05-14 16:02:04",13.789,3,diegosilvadefrana
4299,16532584,"Derek Earnhart","2026-07-18 02:48:12",13.812,3,derekearnhart
4300,16288467,"Patrick Rutledge","2026-07-26 23:01:16",13.812,52,patrutledge
4301,16319712,EliWagnerCode,"2026-06-13 06:16:53",13.815,3,eliwagnercode
4302,16426901,Vinit,"2026-07-14 15:24:17",13.815,8,ryotsuu
4303,15979469,"SK Arin","2026-05-15 13:01:59",13.829,1,skarin
4304,16433553,nobuHayashi,"2026-07-24 10:44:50",13.836,15,nobu123
4305,16334841,piknouut,"2026-07-27 14:46:41",13.836,18,piknouut
4306,16274179,shinezy,"2026-07-17 08:47:41",13.836,9,shinezy
4307,15868347,"Youssef Yacoup","2026-05-20 02:00:41",13.842,2,youssefyacoup
4308,16497249,CortexExplorer,"2026-07-26 15:04:35",13.853,8,cortexexplorer
4309,15909732,"kutay dogan","2026-06-16 20:45:00",13.859,13,kutaydogann
4310,16589129,"Michael Timbs","2026-07-25 09:46:22",13.860,2,michaeltimbs
4311,16109205,"Ilia Sapan","2026-06-03 17:32:49",13.866,2,iliasapan
4312,16551652,WUHAOZHE618,"2026-07-16 05:59:07",13.866,3,wuhaozhe618
4313,15863844,"Steve Le (Solokop)","2026-06-16 09:22:24",13.868,4,solokop
4314,15864176,"Sam doctor","2026-07-14 08:08:32",13.873,2,monimavshi
4315,16029794,RoyceLee,"2026-05-24 08:16:15",13.874,15,royceleetech
4316,15949277,Fusahiko@555,"2026-07-11 09:57:59",13.874,26,fusahuko555fusahiko
4317,16080668,"Gurkan Ozkan","2026-05-26 14:27:16",13.879,4,klager
4318,16251479,"valentino ray isabell","2026-07-26 04:34:13",13.879,6,valentinorayisabell
4319,15871623,"Kabir Nahata","2026-05-07 10:07:03",13.882,2,kabirnahata
4320,15867880,pantrucas,"2026-05-30 13:20:23",13.885,36,pantrucas
4321,15869713,ZULFAARSYANDHI,"2026-05-06 09:10:05",13.893,5,zulfaarsyandhi
4322,15865299,"Yousef Turk","2026-05-06 17:04:32",13.894,6,yousefturk
4323,15881367,"ADITYA RAVI","2026-05-18 07:29:28",13.900,10,adityaravi2
4324,16428538,Urakups,"2026-07-04 01:28:33",13.900,3,urakups
4325,15930553,"jacob OKOTH O","2026-06-21 13:21:46",13.906,15,jacobokotho
4326,16004653,"Abhijeet Detha","2026-05-17 18:21:23",13.909,2,abhijeetdetha
4327,16474229,"ZHIYAN WANG","2026-07-28 10:36:37",13.916,12,zhiyanwang1008
4328,15939157,Intuition,"2026-06-13 09:38:55",13.916,6,"abdelrahmanashrafoma,alyaymanai,madaslayer,mohamedeljohary,mohamedmagdyw"
4329,15911608,"Senih Bayankulu","2026-05-10 11:12:43",13.918,3,senihbayankulu
4330,16313981,"Silvio Leon Echsle","2026-07-27 22:31:09",13.920,6,"silvioleonechsle,tomme0"
4331,15971279,"Muhammad Ameen Bohio","2026-06-11 14:45:17",13.920,7,muhammadameenbohio
4332,16489242,kazyyy,"2026-07-20 09:05:42",13.922,4,kazyyy
4333,16049854,"Vladimir Terlovoy","2026-05-28 17:55:57",13.924,2,terlovoy
4334,16400772,wintk2424,"2026-06-28 08:30:59",13.924,10,wintk2424
4335,16477925,"Sébastien MATHIEU","2026-07-04 01:36:54",13.925,3,negtitep
4336,16556025,Sakura,"2026-07-20 19:49:59",13.926,3,varshanair
4337,15889661,"Miracle prime","2026-07-21 21:46:39",13.926,1,noahshaban
4338,16287621,312511042,"2026-06-17 09:17:29",13.927,6,leonafang
4339,16490320,Vera,"2026-07-07 06:39:31",13.927,2,nairrahnawar
4340,16117392,Yaohui,"2026-06-06 02:40:33",13.942,14,yaohui85
4341,16404218,"prashanth kanda","2026-06-21 12:54:29",13.944,1,prashanthkanda
4342,16368451,"Rahib Vk","2026-07-01 16:29:53",13.948,4,rahibvk
4343,16011857,"Saër Ndao","2026-07-16 11:06:24",13.953,235,sarndao
4344,16475892,"James McGuigan","2026-07-03 22:07:24",13.959,2,jamesmcguigan
4345,16076200,"Mateus Kiper","2026-06-15 11:48:58",13.969,3,mateuskiper
4346,16586391,"Anuradha Ranathunga","2026-07-23 20:56:56",13.969,1,anuradharanathunga
4347,16396189,nikitaaromanovv,"2026-06-29 16:08:59",13.973,4,nikitaaromanovv
4348,16005611,"ISHU AGRAWAL12","2026-05-20 10:58:44",13.980,12,ishuagrawal12
4349,16150469,"Kaif Kohari","2026-06-21 22:18:38",13.991,1,kaifkohari
4350,15867450,"Birtley Doru (DB)","2026-05-23 16:38:58",14.006,11,hastws
4351,15865292,jeanhenockviayinon,"2026-05-16 13:37:35",14.009,29,carion
4352,16005375,mthameem,"2026-05-27 13:29:07",14.011,3,mthameem
4353,16319734,"Artyom Sayapin","2026-07-28 10:17:46",14.011,4,spielmeister
4354,16047122,"Patrick M.","2026-05-24 13:51:03",14.014,7,pigenesis75
4355,16131692,"Kuvam Pahuja","2026-05-31 15:04:44",14.024,5,kuvampahuja
4356,16029079,"Xavier Wong","2026-07-26 17:22:58",14.029,2,"chloebaretto,xavier1232"
4357,15889529,"Danushkumar Venkadesh","2026-05-11 05:05:12",14.049,14,danushkumarv
4358,16482073,RickArko,"2026-07-19 21:48:18",14.058,8,rickarko
4359,15890870,drumehiron,"2026-06-15 11:58:00",14.060,5,drumehiron
4360,16007938,"please like","2026-07-27 13:08:55",14.067,63,pleaselike
4361,16282768,aanya2712,"2026-06-10 00:40:35",14.071,6,"aanya2712,samlinlin"
4362,15870863,laibanasirdev,"2026-05-11 04:37:53",14.074,4,laibanasirdev
4363,15910961,"Priyanka Bhowmick","2026-05-21 09:56:18",14.075,15,priyankabhowmick
4364,15915209,"Dang John","2026-06-21 23:35:42",14.078,8,dangjohn
4365,16189251,chenwenqiang_001,"2026-06-27 07:43:32",14.080,16,chenwenqiang001
4366,15913288,"Matteo Niccoli","2026-06-08 23:53:34",14.081,9,mycarta
4367,16166804,"Kangqiao LIU","2026-06-05 01:31:27",14.083,3,kangqiaoliu
4368,16551665,Nexmordeus,"2026-07-20 06:33:38",14.088,12,nexmordeus
4369,16381101,"Runqi Hou","2026-06-20 11:50:32",14.101,4,runqihouamao
4370,15875139,"Jessica Warren","2026-05-07 13:28:04",14.113,5,davieburke
4371,16097818,stardxx,"2026-05-28 07:56:51",14.116,1,stardxx
4372,16405340,"Ken #2","2026-07-19 06:35:53",14.122,11,kensuke77
4373,16289861,"Uğur Dar ","2026-06-10 18:27:24",14.123,1,ugurdar
4374,16471123,Paul720810,"2026-07-28 08:45:20",14.127,86,paul720810
4375,16146477,aser189,"2026-06-02 09:33:35",14.130,2,aser189
4376,16367777,"Carlos Hideo Yamaguchi","2026-06-21 13:04:55",14.145,3,carloshy
4377,16321467,jjakimoto,"2026-06-13 20:59:41",14.146,2,jjakimoto
4378,16558943,"Uday Kiran646788","2026-07-23 11:47:45",14.150,18,udaykiran646788
4379,16435244,"Bulşah Keçici","2026-07-26 01:52:26",14.155,3,bulsahkecici
4380,16408855,"Chenghao Qian","2026-07-23 17:02:13",14.159,14,qch0918
4381,15868108,"Muhammad Firdaus","2026-05-06 14:11:19",14.168,1,ldausl
4382,16602259,"Giord Frank","2026-07-27 18:00:26",14.169,4,tangerinedog
4383,15868473,naoya_maro,"2026-05-08 04:30:04",14.171,1,naoyamaro
4384,16009792,"Gowri Shankar Penugonda","2026-06-19 01:24:56",14.172,2,gowrishankarp
4385,16443318,Josselin,"2026-06-29 11:27:35",14.172,4,izenko
4386,15869831,"Sharmi Nisha","2026-07-28 02:01:45",14.174,84,sharminisha
4387,15949366,darasty,"2026-06-06 14:14:32",14.176,2,darasty
4388,16069048,SDes,"2026-06-09 11:11:48",14.192,17,sndesilva
4389,16363919,"Syed Saad Hasan Emad","2026-06-18 17:14:07",14.192,1,syedsaadhasanemad
4390,15914756,"Jianzhou Liu","2026-05-14 04:35:21",14.192,2,jianzhouliu
4391,16278748,NAGA,"2026-06-12 17:04:39",14.194,10,hieutt0606
4392,16516033,"Jo-fai Chow","2026-07-11 17:13:11",14.195,3,jofaichow
4393,16398273,"Roman Mardones","2026-06-21 22:07:21",14.202,5,romanmardones
4394,16437920,"Ilias Abdouni","2026-06-26 13:20:04",14.210,1,iliasabdouni
4395,15986991,"Alex Lupu","2026-07-24 16:22:02",14.214,104,alexanderlupu
4396,16587197,"Sayandeep Ghosh","2026-07-24 13:18:41",14.215,12,sayandeepghosh
4397,16001523,"Toshiki Honda","2026-07-26 14:13:20",14.215,53,toshikihonda
4398,16310627,"Memduh Yusuf Duranlı","2026-06-13 19:10:28",14.215,1,memduhduranli
4399,16108739,Duo,"2026-05-29 10:24:23",14.232,1,sachin0910
4400,15863743,Wander991,"2026-06-19 14:20:36",14.234,16,wander991
4401,16466788,"Luis Umbides","2026-07-27 17:49:19",14.239,106,luisumbides
4402,16106182,"Arnav Kewalram","2026-06-10 23:13:30",14.245,35,arnavkewalram
4403,16553731,"Shaurya Singh","2026-07-28 07:32:46",14.246,28,justnshaurya
4404,16584012,joaopedrotocantins,"2026-07-22 17:30:01",14.248,2,joaopedrotocantins
4405,15866386,s23,"2026-05-22 16:10:39",14.252,17,jonesdl6
4406,16402188,mari,"2026-06-21 21:48:45",14.257,4,amarimuthu
4407,16558570,ECK,"2026-07-17 19:08:12",14.258,4,kekelicious
4408,16605113,"murat unsal","2026-07-27 13:23:52",14.260,1,skyulf
4409,16441040,"Abhishek Kaushal","2026-06-27 15:41:37",14.260,5,abhishekkaushal89
4410,16544539,"Francesco Vanella","2026-07-18 18:09:21",14.262,1,francescovanella
4411,15968308,Starp,"2026-05-15 02:39:36",14.263,6,starprecursor
4412,15867904,"R MAT","2026-05-12 04:14:33",14.266,9,rmat2014
4413,15879745,k',"2026-05-20 02:23:18",14.268,6,udadev
4414,16040343,skiyuki,"2026-07-27 17:16:27",14.271,39,skiyuki
4415,16465015,zengh,"2026-07-26 18:38:29",14.274,5,acelibra
4416,16436316,"AYAHM BARISH","2026-06-30 09:36:02",14.279,2,ayhampar
4417,15886222,CodeHacker,"2026-05-23 14:37:38",14.282,3,junhanzangai
4418,16306677,"saroj bono","2026-07-02 01:38:27",14.286,21,sarojbono197
4419,16368437,"Ilya Kolb","2026-06-16 08:47:29",14.289,3,ilyakolb
4420,15978461,"Alex Tito de Oliveira","2026-05-20 10:12:31",14.290,16,alextitodeoliveira
4421,15868243,Beyond,"2026-06-10 02:44:08",14.292,4,wangqingmeng
4422,15908397,Saivardhan98,"2026-05-16 11:05:39",14.300,6,saivardhan98
4423,16183730,Middle,"2026-07-14 06:27:51",14.301,19,aydagul
4424,16105938,Amit393,"2026-07-15 04:59:42",14.311,5,amit393
4425,15924804,Doraemon,"2026-07-19 09:57:02",14.312,29,"decrises,rahulmish"
4426,16584109,cwxcwxcwxcwx,"2026-07-22 05:34:28",14.317,1,cwxcwxcwxcwx
4427,15910945,"Yaroslav Chelombitko","2026-05-09 14:59:49",14.321,1,yaroslavchelombitko
4428,16108857,ChrisXie,"2026-06-02 10:30:37",14.322,4,chrisstan
4429,16465881,Yorix.um,"2026-07-02 11:18:43",14.336,3,yorixum
4430,15874432,Preaah05,"2026-05-06 15:31:02",14.336,2,preaah05
4431,15881302,hykunnnn,"2026-05-08 18:21:06",14.336,1,hykunnnn
4432,15921197,"Yunus Şahin","2026-05-12 19:38:00",14.336,5,ysahin1
4433,15867266,"Gautam Hazarika","2026-05-14 17:11:16",14.336,1,gautamhz
4434,16054969,"Hamid Momand","2026-05-25 07:03:34",14.336,5,hamidmomand
4435,16070657,ChrisMoe,"2026-05-25 11:03:41",14.336,2,chrismoe
4436,16073129,YutaroAtarashi,"2026-05-29 14:14:24",14.336,7,yutaroatarashi
4437,16229014,"Dinh Tan Loc","2026-06-04 16:26:16",14.336,1,dinhtanloc
4438,16243388,"Amir Ghazi","2026-06-25 22:05:17",14.336,4,amirghazi
4439,16383821,"Ali Barooni","2026-06-17 18:14:16",14.336,2,barooni
4440,16375105,"KNAI sztuntur","2026-06-17 22:00:48",14.336,7,stunter2
4441,16393934,Infty_gao,"2026-06-19 11:00:00",14.336,1,inftygao
4442,16031951,f--n,"2026-06-21 18:10:18",14.336,2,a17442473
4443,16425087,金穗辉辉,"2026-06-24 16:15:23",14.336,1,griswald0616
4444,15998429,rdn2k00,"2026-07-11 21:51:16",14.336,13,rdn2k00
4445,16450135,Ionu,"2026-06-29 12:53:24",14.336,3,ionubujor
4446,16239394,QuickSSS,"2026-07-06 08:40:49",14.336,1,quicksss
4447,16142935,"Deng Xianghuai","2026-07-06 13:21:03",14.336,2,dengxianghuai
4448,16510294,"Saj Patel","2026-07-09 13:52:51",14.337,3,sajpatel15
4449,16439832,Sugan,"2026-07-25 02:07:44",14.342,9,nsugan
4450,16595225,Movich,"2026-07-25 20:52:29",14.342,5,movich
4451,16074304,"Hitesh Ramteke","2026-06-04 11:47:07",14.343,3,hiteshramteke
4452,16512991,"Fernando Couto","2026-07-21 14:49:27",14.351,37,fernandocouto
4453,16208504,aiabc100,"2026-06-04 09:01:08",14.354,2,aiabc100
4454,15863831,"egor a","2026-06-02 03:49:54",14.358,6,egoregors
4455,16368985,"Prabhat Agnihotri","2026-07-23 17:30:04",14.362,24,pls1999
4456,16368408,Majkel1337,"2026-06-16 09:53:38",14.365,1,majkel1337
4457,16259180,Agens,"2026-06-09 06:26:04",14.379,10,sagargurav019
4458,16573578,"Turhan TAS","2026-07-28 11:06:29",14.396,19,turhantas
4459,16289436,"Venkatesh R3","2026-06-10 16:16:09",14.397,5,venkateshr3
4460,15944398,"Sushrut Shendre","2026-07-28 02:44:37",14.402,3,sushrut17
4461,16486319,FredYluu,"2026-07-06 23:23:20",14.416,2,fredyluu
4462,16300365,"David Mensah-Gbekor","2026-07-07 10:38:00",14.421,24,ravdave
4463,16039349,MMT,"2026-06-25 05:58:08",14.437,1,mohtishimtahir
4464,15939254,GoodYvesNing,"2026-05-15 14:26:05",14.440,5,goodyvesning
4465,16317235,KazukiNagahama,"2026-06-27 01:46:49",14.446,7,kazukinagahama
4466,16244380,JaigonRyu,"2026-06-08 02:14:09",14.448,7,jaigonryu
4467,16574663,"Per Schrufer","2026-07-23 12:37:43",14.457,1,perschrufer
4468,16483115,"Ping Zhi Tan","2026-07-26 09:03:06",14.459,9,pingzhitan
4469,16451156,Afordancja,"2026-07-01 20:27:29",14.459,3,afordancja
4470,15869616,"Xu Yizhi","2026-05-13 04:46:39",14.471,5,spalxyz13
4471,16119800,"Gyanam Modi","2026-06-14 04:14:52",14.471,12,gyanammodi
4472,15879140,"Sardor Sobirov","2026-07-03 20:39:15",14.472,14,sardorbsobirov
4473,16013056,MASADDPG,"2026-05-22 09:25:40",14.473,13,masaddpg
4474,15893300,"Lakhindar Pal","2026-05-08 13:17:39",14.479,2,lakhindarpal
4475,16244664,"Yazan Kbaili","2026-07-03 06:48:07",14.480,9,yazankbaili
4476,15867966,"Steve NOUATIN","2026-05-31 00:56:00",14.480,5,stevenouatin
4477,15982597,"Rishabh Jain","2026-06-02 05:47:19",14.482,21,rishabh15virgo
4478,16493696,Dumpling,"2026-07-06 13:17:07",14.485,1,dumplinggg
4479,16407109,legtso,"2026-06-22 09:20:28",14.490,1,samcaton
4480,16604385,"Bongani Bryan Dube","2026-07-28 07:19:43",14.491,4,bonganibryandube
4481,16320535,SmithyAlan,"2026-06-14 01:41:08",14.493,1,smithyalan
4482,15972516,Jack_Zhao1985,"2026-06-28 18:41:03",14.497,26,jackzhao1985
4483,16241339,Haakon,"2026-06-05 17:58:34",14.498,1,haakonandresen
4484,15900837,"Shunjun Gu","2026-05-18 11:54:08",14.504,28,shunjungu
4485,16531081,1116,"2026-07-27 16:02:33",14.510,5,"cooodecy,hirman"
4486,15863514,john,"2026-05-08 11:00:14",14.531,15,jaejohn
4487,15892143,"Kristof Anderson","2026-05-09 18:30:13",14.532,6,kristofanderson
4488,15935447,"Arum Puri ","2026-07-28 04:41:33",14.535,42,arumpuri
4489,16033697,LUKORITO,"2026-07-27 13:47:46",14.540,32,lukorito
4490,15865309,Disha,"2026-06-30 20:38:44",14.546,84,dishamotiramani
4491,16466651,K.Takahashi-1986,"2026-07-21 03:11:46",14.554,7,ktakahashi1986
4492,16138971,"DongHeon Shin","2026-06-01 07:35:03",14.558,2,dongheonshin
4493,16463831,eikichi,"2026-07-07 10:48:23",14.562,2,ekichi
4494,16466729,"Mustafa Sevindik","2026-07-18 18:52:46",14.564,7,mustafasevndk
4495,16535677,Demo_Model,"2026-07-13 15:36:10",14.564,5,chenyixing
4496,15895809,namanjoshi0313,"2026-05-08 17:49:31",14.569,4,namanjoshi0313
4497,15865069,aloneintokyo,"2026-05-14 10:29:46",14.572,3,aloneintokyo11
4498,16550698,Wanyi98,"2026-07-18 05:35:12",14.578,9,wanyi98
4499,16126566,"kurob asgari","2026-06-01 15:31:01",14.583,3,kurobasgari
4500,15865735,"Dr. T.","2026-05-07 00:00:10",14.599,6,jftripp
4501,16310819,zxy3217656660,"2026-06-25 08:51:56",14.600,19,zxy3217656660
4502,16286741,my,"2026-07-27 16:25:46",14.604,3,ryyymy
4503,16388582,"Dr. Mikholae Hutchinson","2026-07-05 23:23:17",14.615,8,drmikholaehutchinson
4504,16050818,tetsu2131,"2026-07-25 04:26:39",14.616,1,tetsutani
4505,16370653,LoyceC521,"2026-07-22 16:18:37",14.624,57,loycec521
4506,16428909,AILuke,"2026-07-08 01:57:30",14.624,2,ailuke
4507,16396243,"Luca Lullo","2026-07-26 14:49:53",14.661,13,lucalullo
4508,16474033,Rook86,"2026-07-03 05:47:58",14.672,2,nabe02
4509,16379194,"Otsuka Naotsugu","2026-06-17 08:25:21",14.676,1,otsukanaotsugu
4510,16485227,"Nano Nani","2026-07-04 16:30:22",14.682,2,nanonani
4511,16239788,"Nicolas Monti","2026-07-07 09:49:39",14.685,18,nicolasmonti
4512,16381911,Fathima,"2026-07-23 17:32:19",14.690,32,fathimarahmatqadri
4513,15995226,"Shlok Kumar","2026-06-06 05:45:39",14.690,5,shlokkumar2303
4514,15970211,"Maaz Ali Khan","2026-06-24 12:33:23",14.692,3,maazalikhan92
4515,16534390,Anna,"2026-07-19 17:05:55",14.708,2,annafel
4516,15874106,aaaaa,"2026-05-10 09:26:06",14.714,2,muroyuu
4517,16430147,"Ahmed Abdelhmed","2026-07-23 18:44:39",14.718,17,ahmedabdelhmed
4518,15866276,"Max Halford","2026-05-10 20:04:56",14.725,7,maxhalford
4519,15961884,SOUMYA,"2026-07-12 15:14:43",14.726,32,"jyotiprakashlenka1,vjasqieash14256"
4520,15867118,"Felipe Alencar Lopes","2026-07-14 04:52:33",14.728,39,felipealencar
4521,16248372,hota39,"2026-06-07 02:35:03",14.728,7,hota39
4522,16049385,"saketh baddam","2026-05-25 01:58:32",14.734,2,sakethbaddam
4523,16276303,"Ibrahem Alyan","2026-06-11 19:37:34",14.749,5,ibrahemalyan01
4524,16120581,Fartoute,"2026-07-19 19:14:16",14.749,22,"abdonasser,alinasserali"
4525,16005635,"Rishi Divyakirti","2026-06-24 12:39:30",14.751,2,rishidivyakirti
4526,16405020,"Frank W","2026-06-24 11:17:15",14.753,7,frankwyq
4527,16603565,June_mk,"2026-07-27 09:40:25",14.765,2,jungoto
4528,16517966,zama,"2026-07-10 22:42:17",14.765,1,zamami
4529,16531776,"Yasin Mert Şahin","2026-07-18 09:29:56",14.767,3,ymertsahin
4530,15869364,"Chip Soldan","2026-07-28 05:11:18",14.767,58,chipsoldan
4531,16117294,"Ryan Myers","2026-07-08 02:33:51",14.773,1,ryanmyers03
4532,16206894,"Abdullah Jan","2026-06-09 00:38:01",14.780,3,omkbest
4533,16501828,lumen,"2026-07-07 23:29:19",14.782,1,lumenyuto
4534,16423899,MarvinTMB,"2026-07-06 07:44:36",14.788,18,marvintmb
4535,16441300,jack9352,"2026-06-28 13:15:20",14.811,5,jack9352
4536,16059169,PauloDmayra,"2026-06-16 21:59:18",14.814,40,paulodmayra
4537,16079848,Wqi876,"2026-06-30 11:28:00",14.815,30,wqi876
4538,15875082,"George Onoh","2026-05-06 20:16:43",14.826,2,truekinggeorge
4539,16417766,skrxxi,"2026-06-23 15:17:11",14.834,1,skrxxi
4540,15888548,"Mohammed Arfath R","2026-05-16 15:34:11",14.838,5,mohammedarfathr
4541,16019389,yunseungmin0531,"2026-05-26 23:40:57",14.848,6,yunseungmin0531
4542,16152000,Timur,"2026-06-02 04:56:18",14.848,3,timkvarts
4543,16513340,northern_ray,"2026-07-27 21:06:03",14.853,10,kristinaemelianova
4544,15871258,BenAdamCole,"2026-05-09 18:24:06",14.858,2,benadamcole
4545,16532220,Henselian,"2026-07-12 07:08:55",14.859,2,akselfristrup
4546,16155587,"Khushi Badani","2026-07-14 12:51:01",14.860,11,khushibadani
4547,15899524,Zi,"2026-05-09 19:54:14",14.862,6,kaigaokaigao
4548,16425635,"L Zhang","2026-07-28 02:12:40",14.867,25,lzhangucb
4549,16264265,"Faizah Kureshi","2026-06-12 08:29:02",14.868,5,faizahkureshi
4550,16533947,takumi71,"2026-07-20 19:29:37",14.869,2,takumi71
4551,16131484,haagle,"2026-06-14 13:34:42",14.874,17,haagle
4552,16048645,WEi,"2026-07-27 15:24:04",14.878,3,chweiiiii0123
4553,16428235,"Raja T","2026-07-28 11:33:19",14.881,98,rajathiagaraj
4554,15865124,"Sunil Gautam","2026-05-30 05:04:44",14.882,8,sunilgautam
4555,15889451,"Jerod Harbor","2026-05-09 18:29:54",14.884,12,jerodharbor
4556,16587418,LuanVieira,"2026-07-23 02:27:01",14.885,4,luancvds
4557,15879665,"Feida Wei","2026-07-13 12:16:01",14.895,1,feidawei
4558,16546695,"Hitchhiker across the Galaxy","2026-07-17 22:32:24",14.895,2,spacehitchhiker
4559,16506351,"Taivanbat Bayarsaikhan","2026-07-21 03:35:48",14.898,1,taivnaaiwnl
4560,15866649,"Lazarus Odeny","2026-05-09 15:06:03",14.909,7,lazarusodeny
4561,15877298,"Muneera Mahjabeen","2026-07-16 07:58:07",14.917,10,muneeramahjabeen
4562,16544366,"Jinu Nyachhyon","2026-07-24 11:59:35",14.921,7,"nyachhyonjinu,suwubham,timilsinabimal"
4563,16584298,Fateyongheng,"2026-07-24 02:27:20",14.931,6,fateyongheng
4564,16160520,Yuya,"2026-07-21 22:23:05",14.937,19,yuyayuya
4565,16556876,Breaking1800,"2026-07-17 05:26:59",14.950,2,breaking1800
4566,15894796,"Anirudh Dhoot","2026-05-10 00:02:45",14.954,6,anirudhdhoot
4567,16542482,"Nirmani Nanayakkara01","2026-07-28 08:57:21",14.954,3,nirmaninanayakkara01
4568,15988909,SarahShams,"2026-06-03 00:17:43",14.962,13,sarahshams
4569,16313061,tensor_titan,"2026-06-13 17:53:15",14.964,4,"ragaraja14,udaken10"
4570,16232669,LymeRegis,"2026-06-12 16:31:55",14.970,8,lymeregis
4571,15920086,"Vivek Gaur","2026-07-11 18:11:09",14.972,16,vivekgaur9972
4572,15894637,"Rain Chew","2026-07-13 08:05:40",14.973,4,rainchewls
4573,15985479,"Savas Papadopoulos","2026-06-03 18:07:30",14.976,11,savasp
4574,16092521,"Mustafa Abdeali","2026-05-29 12:12:13",14.977,1,mustafaabdeali
4575,16313128,nhac43,"2026-06-17 13:31:58",14.978,2,nhac43
4576,16056669,"Pablo Lacentre","2026-07-27 15:02:53",14.979,16,pablolacentre
4577,16555274,hirofu23,"2026-07-27 13:37:38",14.994,1,hirofu23
4578,15863949,none00000,"2026-05-08 10:13:54",14.998,11,none00000
4579,16012229,"Chanon Tar","2026-05-22 12:47:12",15.006,2,chanonaup
4580,15873976,"Akshay Balaji","2026-05-09 13:49:10",15.008,4,mrakshaybalaji
4581,16229821,"Navjeet Singh","2026-06-07 13:42:30",15.011,6,navjeet1singh
4582,16484108,"Jothirmoy Sarker Shuvo","2026-07-04 04:06:33",15.014,1,jothirmoysarker001
4583,15868224,San1,"2026-05-16 01:44:28",15.016,7,sannakawettimuny
4584,16399173,khanna.rohit5,"2026-07-20 14:06:41",15.021,13,khannarohit5
4585,15898999,"Zoubair Kachri","2026-05-12 07:44:48",15.024,12,zoubairkachri
4586,16308419,CrazyDave111,"2026-07-28 07:47:31",15.028,6,crazydave111
4587,15949089,"peixuan guo","2026-05-14 16:49:11",15.028,3,peixuanguo
4588,16391618,"Yue Lu","2026-07-07 09:45:03",15.037,33,yuelucn
4589,15864264,m-saber31,"2026-07-21 07:32:03",15.038,3,msaber31
4590,16266540,C0dez,"2026-06-18 11:46:53",15.048,15,minovkjomon
4591,15881271,"Mr. Bruce","2026-05-09 04:02:21",15.071,4,muhammaddanyalmalik
4592,16083501,YellwoJune083,"2026-05-27 04:01:43",15.074,10,yellwojune083
4593,16018466,"Anas Elkot","2026-07-05 14:07:01",15.076,188,anaselkot
4594,16488858,"Ahsaf Ahamed","2026-07-27 09:15:19",15.077,1,ahsafahamed
4595,16066544,AbbySh12,"2026-05-30 03:06:59",15.079,13,abbysh12
4596,16441213,"FranK yan","2026-07-02 10:33:16",15.080,4,erhankangyan
4597,16290513,EEkarot,"2026-06-12 11:29:50",15.086,1,eekarot
4598,16385168,"Ankur Chaudhari","2026-06-19 23:26:22",15.091,5,ace526
4599,16113175,"Błażej Radzik","2026-07-23 21:25:18",15.099,44,baejradzik
4600,16056938,waiwai0121,"2026-06-08 13:59:42",15.105,1,waiwai0121
4601,16222339,"ren soura","2026-06-05 12:25:38",15.106,2,rensoura
4602,15866024,noobhound,"2026-05-06 20:41:25",15.110,4,knowledgegrappler
4603,16444188,"Osman Varol_99","2026-07-20 14:14:08",15.120,12,osmanvarol99
4604,16542930,109550026,"2026-07-28 04:59:04",15.120,9,youngyunghsiang
4605,16399398,"Zakir Ali","2026-06-21 14:08:45",15.127,1,zakirali22
4606,16107191,"vinay chandwada","2026-05-29 07:36:03",15.145,2,vinaychandwada
4607,15986214,"ِِAmer Ziad","2026-05-22 17:27:40",15.150,15,amer2121
4608,15866632,"Omar Abdelfattah Atef","2026-06-09 01:42:20",15.151,84,omarabdelfattahatef
4609,15868200,josuebb,"2026-05-08 17:25:47",15.155,4,josuebb
4610,16254532,"Charbel Nehme","2026-07-06 06:43:55",15.159,2,charbelnehme
4611,16038204,zhuyurui,"2026-06-10 05:59:03",15.160,21,zhuyurui
4612,16234670,sanjay,"2026-06-05 15:21:03",15.166,3,sanjaynn
4613,16233968,Sparrow,"2026-06-19 00:38:37",15.168,4,sathiyaarumugam
4614,15888149,QATAR26,"2026-05-10 01:25:37",15.171,12,qatar26
4615,16012592,"Yu Saito","2026-06-11 04:28:49",15.172,2,yusaito0626
4616,16002927,"Mike Bai","2026-07-09 15:28:19",15.179,4,nasur0819k
4617,16607367,"John Boby Mesadieu","2026-07-28 03:36:00",15.183,1,jbobym
4618,16267520,Khaled0001,"2026-06-24 21:15:28",15.183,14,khaled0001
4619,16487728,Leifson1337,"2026-07-06 09:33:44",15.184,9,leifson1337
4620,16313570,"Phat Tran","2026-06-28 10:37:19",15.187,4,ptran1203
4621,16024637,"saurav ghoshal","2026-07-23 14:16:58",15.191,1,ghoshalsaurav
4622,16421171,Jekasm19,"2026-06-24 03:25:19",15.193,4,jekasm19
4623,16298615,"Abdualla Nasser","2026-06-29 20:50:42",15.197,7,abdallanasserelsayed
4624,16508168,"X der X","2026-07-15 12:28:47",15.203,1,vix0159
4625,16217999,Blue781,"2026-06-19 17:41:46",15.203,23,blue781
4626,16437828,kekekk,"2026-07-18 08:28:29",15.206,2,kekekk
4627,16050279,sam,"2026-05-29 09:25:25",15.209,1,ka1010647987
4628,16479814,Dev049,"2026-07-11 07:45:21",15.219,2,dev049
4629,16458963,PRANAV140307,"2026-07-02 15:27:35",15.227,9,pranav140307
4630,15870065,"Ved Kantawala","2026-05-06 08:46:15",15.240,2,ved178
4631,15876933,"Denis Smyslov","2026-05-07 07:38:55",15.244,1,denslov
4632,16233539,CandiceChen6,"2026-06-09 00:03:29",15.269,7,candicechen6
4633,16295745,"lurs lurs","2026-06-11 09:01:01",15.270,1,lurslurs
4634,16411107,"Thành Toàn Vương","2026-07-05 00:01:35",15.275,1,thnhtonvng
4635,15879804,"Py Begi","2026-05-13 11:49:42",15.275,20,konodera
4636,16422212,"Jepherson Sales","2026-07-07 20:36:54",15.286,26,jephersonsales
4637,16404527,"Vladimir Zvezdkin","2026-06-21 00:46:49",15.286,2,vladimirzvezdkin
4638,16561081,"Ayodeji Akinola","2026-07-28 07:35:48",15.293,10,ayodejiakinola
4639,15993672,dia,"2026-05-16 11:47:26",15.294,1,adkasd
4640,15950358,"Samer Attrah","2026-07-27 19:30:35",15.301,44,samerattrah
4641,15887470,assent,"2026-05-10 15:14:47",15.306,10,assent0817
4642,16402316,"Anshul Ekka","2026-07-15 08:03:10",15.307,3,anshulekka
4643,16100380,"Hernán D. Bardi","2026-07-23 20:03:58",15.312,10,hernndbardi
4644,16581962,rohitsharma8,"2026-07-21 18:33:16",15.319,1,rohitsharma8
4645,16474376,atom1231,"2026-07-03 02:10:19",15.322,2,atom1231
4646,15939454,herok0809,"2026-06-22 02:40:17",15.325,17,herok0809
4647,16032650,illusion_233,"2026-06-06 09:48:19",15.326,2,illusion233
4648,16566253,SwastikR,"2026-07-19 06:09:55",15.342,1,swastikr1001
4649,16001923,MarWenK,"2026-06-02 11:31:52",15.346,5,marwen027
4650,16207887,"Clawdy Huang (Andy's AI)","2026-06-24 05:31:22",15.347,10,clawdyhuang
4651,15921892,BalconesKeys,"2026-07-06 01:40:42",15.349,5,balconeskeys
4652,16099001,"Daniil Volkov","2026-06-03 13:05:48",15.351,2,gammafuncti0n
4653,16146573,"Obonyo Okech","2026-06-04 16:04:12",15.355,18,obonyookech
4654,16475429,scu_12400662,"2026-07-03 11:20:35",15.360,8,whatnews72
4655,16089762,"Paul Joseph","2026-06-18 13:50:13",15.363,20,paultechm
4656,16428714,Siel,"2026-06-28 21:37:29",15.372,10,aeshmadaeva
4657,15870963,"chiranjib patra","2026-05-09 08:37:57",15.374,2,chiranjibpatra123
4658,16590675,"JunHyung Kang","2026-07-25 14:28:14",15.375,1,junhyungkang
4659,16505720,cchang314,"2026-07-17 01:57:34",15.405,5,cchang314
4660,16277596,vinpro,"2026-06-28 07:17:51",15.407,31,vinprofessionalapps
4661,15876955,"Wendy Kuffel","2026-05-09 23:54:04",15.425,6,wendykuffel
4662,16486691,"Chethana Dilhari","2026-07-25 09:40:27",15.427,7,chethanadilhari
4663,15993823,"Bobby Kumar","2026-06-26 11:20:40",15.428,8,bobbyyadav1950
4664,16549935,AKIK,"2026-07-15 13:54:48",15.438,1,arielklein
4665,15990470,"Gautham Kaarthik","2026-07-11 10:42:46",15.439,27,gauthamkaarthik
4666,16002070,"Andrews OSEI","2026-05-18 06:59:07",15.447,1,andrews44
4667,16125237,"Yvan Richard","2026-06-19 21:48:23",15.447,3,yvanrichard1
4668,16142994,"Matt Dwyer","2026-07-28 10:29:36",15.451,22,user182827
4669,16607552,P34P3P,"2026-07-28 08:05:52",15.451,3,p34p3p
4670,16297904,cjcxyali,"2026-06-15 10:51:23",15.452,4,cjcxyali
4671,15883373,"Rahul singh000","2026-07-27 09:46:44",15.455,69,rahulsingh000
4672,15977703,"Oscar Mendez11","2026-07-03 11:16:01",15.464,22,oscarmendez11
4673,16448614,"Updated and Upgraded","2026-07-07 16:38:30",15.466,15,rohanhallur
4674,16007092,"Chii-Wha Hwang","2026-06-24 20:25:51",15.471,6,chiiwhahwang
4675,16162674,"Philippe REYNAUD","2026-07-16 15:58:48",15.484,6,philippereynaud
4676,16018305,"Archana Anandakrishnan","2026-05-21 02:16:13",15.484,7,renuk16
4677,16419583,"Blue Light","2026-06-30 01:14:03",15.486,3,bluelight22
4678,16030668,"khwaja Moula'Ali","2026-07-27 10:41:15",15.488,122,khwajamoulaali
4679,16366614,"Nabil Mansour","2026-06-17 22:40:05",15.491,10,nabilmansour
4680,16593470,DataSamuraiLab,"2026-07-27 09:49:04",15.495,2,datasamurailab
4681,16536211,xxlcxsh,"2026-07-12 21:41:31",15.497,1,aopsfapojfmvoiv
4682,15874757,"Elizio Cezarino","2026-05-20 00:13:08",15.506,25,eliziocezarino
4683,16447865,"Tarek Chehade","2026-06-28 20:12:46",15.508,3,tarekchehade
4684,16574643,ZhangLiuOvO,"2026-07-22 09:55:10",15.509,4,zhangliuovo
4685,16579932,AnnaPlugn,"2026-07-22 07:17:05",15.509,4,annaplugn
4686,16310995,gato_cassandra,"2026-07-03 11:39:03",15.517,3,wandererxun
4687,16269980,SN,"2026-07-10 22:24:49",15.518,4,pluvias
4688,15928411,"Kevin De Jesuss","2026-06-04 04:21:22",15.520,9,kevindejesuss
4689,16589938,goat23,"2026-07-24 00:22:35",15.524,1,goat23
4690,16337514,abhijitdalal@26,"2026-06-15 11:24:32",15.525,1,abhijitdalal26
4691,16363445,"fukuchi keita","2026-06-16 13:46:58",15.525,2,fukuchikeita
4692,15866377,"Dhairyasheel Patil","2026-05-25 00:19:32",15.526,7,dp3979
4693,16053202,"Katelyn Wong","2026-06-04 06:09:27",15.530,10,katelynkwong
4694,16586532,kwonj0815@gmail.com,"2026-07-22 18:21:12",15.538,1,kwonj0815gmailcom
4695,16464298,"xiang W","2026-07-27 12:26:02",15.543,9,xiangwaaaaa
4696,16121622,Winners,"2026-06-03 11:44:15",15.551,1,soumyacode8
4697,15900277,"Mathias Spurr","2026-05-16 13:04:41",15.553,10,scitus
4698,15868429,"bruno nanwo","2026-05-19 20:13:09",15.572,31,brunonanwo
4699,15970208,kusunoki_hi,"2026-05-18 07:16:28",15.576,4,kusunokihi
4700,16443144,Ararin_makoto,"2026-07-20 12:14:25",15.576,3,ararinmakoto
4701,16413946,Mimosa,"2026-06-23 13:34:20",15.576,5,leiyongjie
4702,16364511,"hamza khokhar890","2026-07-24 10:49:41",15.578,4,hamzakhokhar890
4703,16534001,"Y Le","2026-07-14 05:10:49",15.579,1,ylevan78
4704,15912794,teo,"2026-05-10 15:09:52",15.580,3,teodorflorinbutnaru
4705,15968671,"Mikhail Lebed","2026-06-19 14:20:44",15.588,6,swanml
4706,16144404,"Jeswin Tobias","2026-06-25 12:36:28",15.594,7,jeswintobias
4707,15869069,"Gururaj Masali","2026-05-14 03:13:14",15.595,15,gururaj10592
4708,15867568,"stathis maurog","2026-05-06 16:49:18",15.596,1,stathismaurog
4709,16236991,"ML Chumps","2026-06-22 20:23:22",15.597,14,lrdcmndrjonsnow
4710,16099638,"Mees Wierenga","2026-06-18 23:07:22",15.597,11,"meeswierenga,sanderkievits"
4711,16318928,"Hamza Mehyeddeen","2026-07-19 12:42:53",15.602,1,hamzamehyeddeen
4712,16319017,lovely_doggy_baron,"2026-06-21 09:01:31",15.610,1,baronchan
4713,16585256,lanqiaofeng,"2026-07-28 11:42:08",15.611,5,lanqiaofeng
4714,15937977,Pratim,"2026-05-21 18:46:18",15.618,6,pratimukherjee
4715,16498153,"arthur fachel","2026-07-22 21:03:48",15.629,21,arthurfachel
4716,16056549,Noir,"2026-06-30 02:27:15",15.630,25,nuitnoir
4717,16538619,"Arnau Fàbregas Figueras","2026-07-19 11:12:42",15.630,1,arnaufbregasfigueras
4718,15926580,"Jiawei Zhao","2026-07-26 21:45:00",15.633,25,c789a123
4719,16190774,"zhan renyi","2026-06-04 10:28:15",15.633,10,zhanrenyi
4720,16396970,"Liew Keong Han","2026-07-23 12:27:48",15.635,17,farmountain
4721,15868869,"Jonny Hachi","2026-07-22 03:52:13",15.641,59,doihiro
4722,16445157,"Juan Cruz Rosales","2026-07-14 23:26:23",15.643,40,juancruzrosales
4723,16479731,"Lalo Chavez","2026-07-04 15:42:24",15.651,3,lalochavez6666
4724,16020929,俊宏野方,"2026-05-22 05:36:41",15.654,4,ncookie0123
4725,15876203,"Antony Alosanai Promilton","2026-05-07 08:38:05",15.657,9,geopromilton
4726,16136437,"Taylor S. Amarel","2026-07-23 13:22:27",15.658,11,taylorsamarel
4727,16387702,"Mingxian HAN","2026-06-24 09:00:57",15.663,6,mingxianhan618
4728,16257208,"Edwin Ruiz","2026-06-16 07:45:00",15.669,6,e1ruiz
4729,16558232,Sarthak,"2026-07-23 05:36:48",15.670,4,srthkdixit
4730,16557684,"Đức Hải Hà","2026-07-20 07:20:13",15.671,7,tankinguyen
4731,16412590,"İsmail Bilal Akbulut","2026-07-13 10:14:04",15.674,16,smailbilalakbulut
4732,16266582,"Luca Tamburrini","2026-07-28 09:50:42",15.679,23,lucatamburrini
4733,16545081,"Harsh Kaushik","2026-07-20 14:43:12",15.686,2,kaushikharsh99
4734,16531779,"futong Zhu","2026-07-18 03:52:55",15.689,7,futongzhu
4735,16083146,cg,"2026-05-29 12:22:54",15.699,14,chaitanyagarg2
4736,16358495,"Dhir Agrawal","2026-07-09 12:35:04",15.703,9,dhiragrawal
4737,16593682,currypurin,"2026-07-28 10:38:47",15.704,2,currypurin
4738,16488101,"Yuta Tomimasu","2026-07-06 23:05:48",15.704,3,yutatomimasu
4739,15976821,"Manurupan M","2026-06-08 17:39:31",15.704,7,manurupanm
4740,16252265,ariwori,"2026-06-07 02:31:02",15.705,1,ariwori
4741,16146655,"James Hinshaw","2026-07-27 12:57:58",15.707,17,jameshinshaw
4742,16208300,weiyi,"2026-06-04 03:11:20",15.709,5,txdywy
4743,16254108,sakusaku,"2026-06-13 18:42:16",15.710,4,sega1031
4744,16162250,"Jacob Stambaugh","2026-06-04 14:14:30",15.712,4,jacobstambaugh
4745,16498615,nsugar,"2026-07-08 02:32:38",15.715,6,nsugar7
4746,16399090,shu10038,"2026-07-19 11:56:47",15.718,51,shu10038
4747,15871059,"Nirmala Janakiraman","2026-06-08 17:43:39",15.726,16,nirmalajanakiraman
4748,16553622,justmayank,"2026-07-17 04:33:26",15.730,10,justmayank
4749,16118919,vashi1000,"2026-06-09 22:40:49",15.739,3,vashi1000
4750,16048023,"Ιωάννης Σταμελιάς","2026-07-28 08:22:45",15.739,63,giannhsstamelias
4751,15869404,NikolAiD153,"2026-05-06 03:38:20",15.744,1,nicholas33
4752,15913198,aletheia,"2026-05-09 23:36:54",15.744,1,aletheia
4753,15866564,Bubbles,"2026-05-08 19:33:39",15.744,5,nate1799
4754,16176313,hugo567,"2026-07-06 04:29:56",15.745,1,hugo567
4755,16215966,SEMHAQ,"2026-06-04 10:58:36",15.745,5,xsemhaq
4756,16516568,"Naga Bhanuja","2026-07-11 13:25:57",15.747,1,nagabhanuja
4757,16062450,SSquare,"2026-07-17 11:13:06",15.754,9,itsshardul
4758,16059786,Danish7x7,"2026-06-01 07:19:20",15.757,2,daxis0
4759,15869102,"Shashi Bhushan Ekka","2026-05-29 07:59:45",15.763,11,shashibhushanekka
4760,16341485,"Tuấn Lê Huỳnh Anh","2026-06-15 05:24:13",15.763,4,tunlhunhanh
4761,16068609,FourBytes,"2026-05-25 16:09:02",15.765,2,fourbytes
4762,16154106,"M.Harshavardhan Raju","2026-07-06 09:36:21",15.765,22,"gnanadeepthatavarthi,mharshavardhanraju"
4763,15892518,Neelgreev,"2026-07-12 20:26:21",15.768,2,neelgreev
4764,16278606,Yeeeke,"2026-06-14 15:11:55",15.769,17,yeeeke
4765,16230944,EDICTLAB,"2026-06-05 01:47:42",15.772,1,edictlab
4766,16084793,"Purit Chansilpa","2026-05-27 19:52:42",15.773,4,puritchansilpa
4767,16533569,"Timur Fazliev","2026-07-12 09:15:59",15.773,1,elenberg001
4768,16514347,"Ethan Zhang","2026-07-10 02:54:37",15.791,6,ethanzys
4769,16019244,"Shiv Akash S M","2026-06-07 06:52:09",15.798,2,shivakashsm
4770,16418555,"Muhammad Yassir Ramadhan","2026-06-23 06:57:30",15.798,1,yassirramadhan
4771,16075729,shivansh,"2026-05-29 12:05:25",15.799,7,skyduh
4772,16506594,Hacker's_Myth,"2026-07-16 07:53:35",15.803,11,"amrender429,anmol0071,ayushtripathi897898"
4773,16158761,"Sunain Dhingra","2026-06-24 07:25:59",15.809,6,sunaindhingra
4774,16266691,"Milanto FR","2026-06-08 15:49:43",15.820,4,milantofr
4775,15975730,"Adolfo Olea","2026-05-16 20:29:34",15.822,4,oleaguta
4776,16148585,"Gil Sanchez Ramirez","2026-06-18 06:27:51",15.823,13,gilsanchezramirez
4777,16510020,DeepakGeorge02,"2026-07-15 22:29:42",15.826,1,deepakgeorge02
4778,15972063,"Black Panthers","2026-06-29 11:36:36",15.833,64,"harsha1215,tarun71"
4779,16321840,"Anish Patnaik","2026-06-13 06:03:41",15.837,2,anishpatnaik
4780,16032748,on1122finish,"2026-07-08 22:31:20",15.837,2,on1122finish
4781,16054331,yusuke.hata0801,"2026-05-24 05:28:04",15.838,5,yusukehata0801
4782,15947316,"Daujohn [dsml.kz]","2026-05-28 21:08:59",15.841,3,aithbb
4783,16539846,"ASDM HUB","2026-07-16 18:19:16",15.845,6,jesushechavarria
4784,16019092,"yuktha bodepudi","2026-07-21 01:53:55",15.847,3,yukthabodepudi
4785,16259278,"Mikhail Bovt","2026-06-21 05:34:26",15.850,5,mikhailsovab
4786,16541353,mayukistarry,"2026-07-19 12:26:11",15.852,6,mayukistarry
4787,15865001,CLOKOIHUE,"2026-07-20 11:11:27",15.852,170,clokoihue
4788,16089795,"Andrew Uhle","2026-05-27 23:35:43",15.853,4,andrewuhle
4789,16074709,"Klim Novikov","2026-05-27 07:57:37",15.859,9,klimnovikov
4790,15945361,"Yeshwanth Balaji #2","2026-05-13 08:43:32",15.863,1,yeshwanthbalaji
4791,15871360,"BigDataAnalysis Teamm","2026-05-23 07:54:30",15.871,32,"bugkimjongho,hyunno,jaehyeok328,kimjunheeeee,seungbaekleeee"
4792,16051743,"Hugo F Valdez","2026-06-12 01:28:16",15.874,11,hugofvaldez
4793,15865439,bzg2007,"2026-05-11 08:52:48",15.875,14,bzg2007
4794,16070274,zzzzz,"2026-05-30 09:14:24",15.876,6,huangzchao
4795,16251038,"Jin ziru_king","2026-06-18 08:07:07",15.877,1,jinziruking
4796,15947299,"Vishwas Kant","2026-05-14 13:13:47",15.882,4,vishwaskant786
4797,15870197,"Prantik Chandra","2026-05-08 10:26:40",15.883,7,prantikchandra
4798,15864123,hondana29,"2026-05-25 15:08:11",15.883,2,tanadaaa
4799,16590069,Yusuf,"2026-07-24 07:02:12",15.883,2,yusufsadpc
4800,16281610,"Mr BehPa","2026-06-30 17:19:36",15.883,8,mrbehpa
4801,15950919,Mohamed_Ali_Mohamed_84,"2026-06-24 14:24:38",15.883,17,mohamedalimohamed84
4802,15867932,FAGZ,"2026-05-09 01:27:43",15.883,1,furqanalghifari
4803,15868853,scroogeyan,"2026-05-14 13:44:52",15.883,24,scroogeyan
4804,16033065,"Firman Imam","2026-05-22 10:46:18",15.883,3,piririp
4805,16054111,"Yusuke Takeuchi","2026-06-24 01:00:28",15.883,15,yusuketakeuchi828
4806,16115496,Batmobil,"2026-06-01 02:45:58",15.883,3,batmobil
4807,16245317,"Princess Posse","2026-06-09 22:04:54",15.883,1,samuellanthaler
4808,16302211,RickPack,"2026-07-12 21:03:06",15.883,22,rickpack
4809,15869054,"Minal kharat123","2026-07-06 06:48:26",15.883,1,minalkharat123
4810,16492668,"Aman #2","2026-07-07 20:24:31",15.883,1,amank95amank95
4811,16574995,"DEHAI WANG","2026-07-28 05:59:00",15.883,44,dehaiwang
4812,15868510,ChocolateSerotonin,"2026-05-06 03:25:45",15.883,4,chocolateserotonin
4813,15871424,"Shiro Kawakita","2026-05-06 06:36:36",15.883,1,nigo1973
4814,15865723,"Stas Chereshkevich","2026-05-06 07:41:07",15.883,1,staschereshkevich
4815,15867257,"Shivnath Tathe","2026-05-06 17:06:05",15.883,3,shivnathtathe
4816,15864872,"Michael Clancy","2026-05-06 18:15:55",15.883,4,michaelclancy112
4817,15880450,Nephorion,"2026-05-07 10:10:25",15.883,5,museofnephorion
4818,15867803,Howard（ホワルド）,"2026-05-07 08:25:41",15.883,5,howarudo
4819,15874091,AkshatNegi121,"2026-05-08 10:54:29",15.883,7,akshatnegi121
4820,15869647,Bhaskar,"2026-05-07 15:44:34",15.883,1,csbenk
4821,15885349,"Gregory Cornell Johnson Jr","2026-05-20 02:40:05",15.883,61,axiomepmhm
4822,15868622,AthulJenson,"2026-05-09 14:35:39",15.883,1,athuljenson
4823,15868216,"kitory Yeah やきとり","2026-05-10 05:10:48",15.883,5,kitoryyeah
4824,15898552,"Chris Usoroh","2026-05-11 06:26:38",15.883,10,christianusoro
4825,15931551,"Yutao Sunn","2026-05-11 21:03:51",15.883,5,yutaosunn
4826,15927851,"marco bortolotti","2026-05-23 17:54:10",15.883,7,marcobortolotti
4827,15944911,"Vahram Martirosyan","2026-05-15 06:14:30",15.883,5,vahrammartirosyan
4828,15866794,"Kevin Román","2026-05-21 06:20:40",15.883,23,elo2095
4829,15867193,Juanky_too,"2026-06-03 23:46:44",15.883,9,juankytoo
4830,15947941,"Sunitha Anjali Bai Nenavath","2026-06-16 19:05:59",15.883,14,sunithaanjali
4831,15999296,"Ryan Tolone","2026-05-17 07:26:19",15.883,2,ryantolone
4832,16002598,"Thibaut Forest","2026-05-19 12:11:37",15.883,3,thibautforest
4833,15895369,"Tim Neel","2026-05-18 15:16:47",15.883,1,timneel
4834,15884709,"huc oolz","2026-05-18 16:31:30",15.883,1,hucoolz
4835,15867366,"Yisak Birhanu Bule","2026-05-18 17:07:19",15.883,1,yisberh
4836,16009227,ExMachina,"2026-06-06 07:34:22",15.883,9,robinschmidt
4837,15905664,"Samuel Doyon","2026-05-18 22:32:10",15.883,1,samueldoyon
4838,15975727,Nora,"2026-05-19 21:09:55",15.883,1,a906842455
4839,16028493,JYXXXX,"2026-05-21 07:50:51",15.883,6,jyxxxx
4840,15875958,Prakash,"2026-06-07 15:56:27",15.883,39,mlkash
4841,15886938,"Ogheneruona Egueke","2026-05-27 02:14:46",15.883,15,ogheneruonaegueke
4842,16036805,"Greg Partin","2026-05-21 01:50:00",15.883,6,emergentphysicslab
4843,16041737,"Yaotong Niu","2026-05-25 04:59:36",15.883,6,yaotongniu
4844,16043506,"Francois Carre","2026-05-21 18:54:25",15.883,2,francoiscarre
4845,15962559,"Spam Izra","2026-05-23 11:26:37",15.883,14,spamizra
4846,16022557,Martyanov_ivan,"2026-05-23 11:06:33",15.883,5,martyanovivan
4847,15937582,komo,"2026-05-23 08:59:58",15.883,1,komodata
4848,16079648,ASetiawan,"2026-05-26 06:27:22",15.883,1,aderiannovito
4849,15892828,shige,"2026-05-26 13:11:04",15.883,1,shimishige
4850,15868964,CitizenKorea,"2026-06-10 08:45:48",15.883,118,citizenkorea
4851,15872105,"Pedro FG Soares","2026-05-28 09:10:11",15.883,2,pedrofgsoares
4852,15886742,parseltung,"2026-05-29 05:23:29",15.883,2,parselt
4853,16108196,"Mohit #2","2026-05-29 08:46:25",15.883,1,mohitlikestocode
4854,16065849,"Dr-Deljo Davis","2026-05-30 11:58:14",15.883,5,deljodavis
4855,16105915,"Wesley H","2026-06-01 15:45:49",15.883,5,notsure20099
4856,15867816,"Vanjunn “MAVY” Pongasi","2026-07-25 09:55:02",15.883,62,vanjunnmavypongasi
4857,15888341,JamshaidSohail,"2026-05-31 19:46:40",15.883,1,jamshaidsohail5
4858,16137247,"Matthew J","2026-05-31 23:40:20",15.883,1,incheonkirin
4859,16048024,philsing2001,"2026-06-01 07:59:00",15.883,1,philsing2001
4860,16149603,"Alexander Dickbauer","2026-06-01 22:38:19",15.883,1,alexanderdickbauer
4861,15988660,"MAKWELE WISHBERT","2026-06-02 07:32:59",15.883,1,makwelewishbert
4862,16161560,"Ashish naik","2026-06-02 17:51:00",15.883,1,ashunaik
4863,16190685,Sruthijha,"2026-06-03 10:17:08",15.883,1,sruthijha
4864,16067669,"Hayato Komiya","2026-06-04 02:20:23",15.883,4,hayatokomiya
4865,16202582,CleAAAAAA,"2026-06-04 08:36:50",15.883,5,sunning11
4866,16215267,"Nika U","2026-06-05 06:28:20",15.883,8,nikauiokasd
4867,15876342,"Sanyam Vasan","2026-06-05 07:27:51",15.883,1,werewolff
4868,15868046,fura2AM,"2026-06-07 17:51:53",15.883,10,kruskal
4869,16233414,"[Deleted] 3776f322-7c40-4bc4-bc33-2608e41a40d0","2026-06-08 09:52:23",15.883,14,del=98c4f34b594e233d
4870,16216779,kasagon4747,"2026-06-20 07:27:17",15.883,2,kasagon4747
4871,16207455,_.tushhaaarrrr,"2026-06-14 13:28:03",15.883,12,tushhaaarrrr
4872,16267319,El_Hassan_79,"2026-06-09 15:00:33",15.883,6,elhassan79
4873,16245819,"Franklin Felix","2026-06-09 00:01:15",15.883,1,franklinfelix
4874,15993647,"haidar ali","2026-06-29 03:50:58",15.883,12,haidarali1
4875,16274417,YaoXiaoming,"2026-06-09 10:15:46",15.883,2,yaoxiaoming
4876,16276027,reasonofmoon,"2026-06-09 08:47:22",15.883,1,reasonofmoon
4877,16276728,"Toqi Tahamid","2026-06-09 11:02:07",15.883,1,toqitahamid
4878,16278826,"Rakhi Goud","2026-06-12 10:03:57",15.883,2,rakhigoud
4879,16270493,"Burçak Demirel #2","2026-06-09 17:57:03",15.883,6,burcidem
4880,16270766,abacuss85628,"2026-06-09 19:44:28",15.883,1,abacuss85628
4881,15924236,blousy,"2026-06-10 06:47:07",15.883,1,blousy
4882,16287592,"Shankar Lal","2026-06-10 11:28:11",15.883,2,ershankar
4883,15948796,Kaz,"2026-06-10 15:16:58",15.883,1,kazuhikoariyoshi
4884,16248448,Iambruce,"2026-07-28 10:45:17",15.883,35,mahboobbiswas
4885,16280681,Phoo,"2026-06-11 18:41:46",15.883,2,phoochit
4886,16103641,"Norberto Jarmoluk","2026-06-11 18:46:39",15.883,17,norbertojarmoluk
4887,15947927,"J. Jung","2026-06-12 21:40:48",15.883,1,jjung32
4888,16306039,"David BU","2026-06-13 03:07:29",15.883,4,davidusta
4889,16216902,"Anuj Saha","2026-06-14 06:30:13",15.883,15,anujsaha0123456789
4890,16322810,"Kazi Almuqtadir","2026-06-15 09:16:00",15.883,5,kazialmuqtadir
4891,16145182,パンダペンギン,"2026-06-13 17:04:57",15.883,1,inarin18
4892,16238450,Mikhail,"2026-06-13 18:13:07",15.883,1,mikhailrudenk000
4893,16282610,"game bb","2026-06-13 22:47:17",15.883,3,gamebb
4894,16327682,"Metehan Küçük","2026-06-13 23:14:36",15.883,2,aideveloper2024
4895,16090228,franticXu,"2026-07-15 02:10:47",15.883,10,franticxu
4896,16276845,"Yongbum Kim","2026-06-16 09:23:40",15.883,3,aioptic
4897,16145338,tonlien,"2026-06-14 11:19:22",15.883,2,tonlien
4898,16341562,Tigger77,"2026-06-14 17:32:00",15.883,1,tigger77
4899,16356593,scadobe,"2026-06-15 16:35:28",15.883,2,scadobe
4900,16086493,a.koyanagi,"2026-06-15 20:33:10",15.883,2,koyanagi
4901,16087888,HABP,"2026-06-16 00:57:29",15.883,1,henriqueabpassos
4902,16369043,"Manoj Pawar","2026-06-17 10:23:34",15.883,6,manojpawar24
4903,15878776,"Khayrul Islam","2026-06-24 23:25:04",15.883,5,khayrulbuet13
4904,16206724,IDDavidson,"2026-06-24 18:19:42",15.883,7,iddavidson
4905,16324045,Minachill,"2026-06-19 04:49:10",15.883,3,minachill
4906,16389938,jalFaizy,"2026-06-19 07:11:01",15.883,2,jalfaizy
4907,15915087,randyzhang666,"2026-06-19 09:25:34",15.883,1,randyzhang666
4908,16355571,"Golozhopiki corp.","2026-06-19 10:28:45",15.883,5,"hira0mi,inker1nmaa,neverexz"
4909,15938907,dekaineko,"2026-06-28 08:01:12",15.883,2,dekaineko
4910,16391212,Yipeee,"2026-06-20 12:25:08",15.883,1,harrishayy21
4911,15946400,"vijay thurimella","2026-07-04 11:13:22",15.883,90,vijaythurimella
4912,16388323,shniubobo,"2026-06-20 13:57:21",15.883,2,shniubobo
4913,16390784,rrc1052,"2026-06-20 23:20:57",15.883,1,rrc1052
4914,16117977,blablaSpirit,"2026-06-22 15:35:30",15.883,4,blablaspirit
4915,15907912,Archit,"2026-06-21 12:22:11",15.883,1,archit6t5t
4916,16410814,"Ryan Culligan","2026-06-22 00:42:10",15.883,1,theculliganman
4917,16289282,SergiejZardecki,"2026-06-22 11:10:04",15.883,1,sergiejzardecki
4918,16416868,TheWantedSHI,"2026-06-25 14:29:50",15.883,15,thewantedshi
4919,15864612,takaito,"2026-06-24 15:28:18",15.883,3,takaito
4920,16430884,"Maven YC Kim","2026-06-26 09:59:53",15.883,8,mavenyechankim
4921,16431709,Suyash,"2026-06-26 04:43:45",15.883,3,suyashviraaj
4922,15987031,"JAYA SANDEEP NARASIMHA CHOWDHARY NADIPALLI","2026-06-25 11:12:33",15.883,3,sandeepnadipalli
4923,16432197,"wen murohy","2026-06-25 10:48:47",15.883,1,wenmurohy
4924,16434959,abozten,"2026-06-26 08:00:56",15.883,1,abozten
4925,16432558,KangYeonCC,"2026-06-28 06:36:53",15.883,3,kangyeoncc
4926,16442595,"Selçuk Özkurt","2026-06-27 10:52:21",15.883,5,selukzkurt
4927,16443834,"Hanxiang Li","2026-06-27 16:45:30",15.883,1,hanxiangjames
4928,16443179,"Mohamed Hassan","2026-06-27 20:41:54",15.883,2,mohamedhassan77
4929,16445514,"Shravan Yoagentharan","2026-06-28 07:46:34",15.883,5,shravanyoagentharan
4930,16117731,"Wafiq Razy38","2026-06-28 09:46:26",15.883,10,wafiqrazy38
4931,16445688,Ryochinbo,"2026-06-29 03:53:49",15.883,10,ryoichiinoue
4932,16438889,ilPresidente26,"2026-06-28 15:40:56",15.883,3,ilpresidente26
4933,16438372,Güven,"2026-06-29 19:48:34",15.883,5,gvnalaca
4934,16330048,"Surekha Ramireddy","2026-07-03 08:35:18",15.883,15,surekharamireddy
4935,16451129,"Tikhon Vodyanov","2026-07-06 13:04:59",15.883,3,tikhonvodyanov
4936,16440516,"Djenk Ivanov","2026-06-30 19:46:01",15.883,5,djenkivanov
4937,16463669,"Turgut Nasrullayev","2026-07-01 07:07:39",15.883,2,turgutnasrullayev
4938,16464713,"Sophie Nguyen Thu Thuy","2026-07-01 09:06:07",15.883,1,sophienguyenthuthuy
4939,16243508,"AHMET YILMAZ","2026-07-02 14:30:47",15.883,10,ahmetyilmaz2579
4940,16470531,Nesryyyne,"2026-07-02 16:28:59",15.883,4,nesryyyne
4941,15924518,AshishSinghRawat,"2026-07-03 06:34:29",15.883,3,rawashishsin
4942,16428535,"Sergey Tkachenko","2026-07-04 14:09:27",15.883,2,sergeytkachenko61
4943,16481474,"Debasree Nanda","2026-07-06 00:09:44",15.883,4,debasreenanda
4944,16448959,PrakashGuru,"2026-07-04 07:17:18",15.883,4,prakgmrty
4945,16484241,Williamtime,"2026-07-04 08:30:44",15.883,1,williamtime
4946,16383713,"harsha varun m","2026-07-04 20:54:51",15.883,6,harshavarunm
4947,16459430,Akshatjhawar777,"2026-07-04 13:42:51",15.883,1,akshatjhawar777
4948,16376093,"Kayce Lancephil","2026-07-10 07:59:02",15.883,6,keithlancephil
4949,16466573,"Ramazan Turan","2026-07-07 00:10:40",15.883,9,ramazanturann
4950,16464432,1440minutes,"2026-07-07 14:01:18",15.883,2,chen2yoimiya
4951,15871110,OneBit,"2026-07-06 09:07:48",15.883,1,muhammadoaun
4952,16451785,SimKos17,"2026-07-06 13:32:26",15.883,1,simkos17
4953,16493310,CloudHolic,"2026-07-06 13:38:51",15.883,1,cloudholic
4954,16149745,"Kritika Benjwal","2026-07-06 21:28:55",15.883,1,kritikabenjwal
4955,16497805,"Mark Susol","2026-07-07 03:28:52",15.883,1,gdataranger
4956,16504509,ParkYeonggon,"2026-07-08 01:49:40",15.883,6,yeonggon
4957,16147753,N4k4nnur45h0h31,"2026-07-10 03:12:51",15.883,9,n4k4nnur45h0h31
4958,16573939,Stable,"2026-07-28 03:42:35",15.883,198,"dai1tong2yu3,lannuo,rong414,xichangwang317,zhaoqingyang2005"
4959,16481124,Moon,"2026-07-10 09:37:41",15.883,1,capybaralvu
4960,16384850,Yeesmodel,"2026-07-11 00:46:41",15.883,1,yeesmodel
4961,16368429,Nakami,"2026-07-11 09:24:04",15.883,1,natsukink
4962,16516633,"Alexander Nyongesa","2026-07-11 10:34:31",15.883,1,alexandernyongesa
4963,16534046,masakinoda111,"2026-07-12 16:04:41",15.883,5,masakinoda111
4964,16539612,SoraGinko,"2026-07-13 15:34:23",15.883,1,terrywuu
4965,16270446,"Collins Egyir","2026-07-14 04:42:30",15.883,2,cegyir
4966,15888675,"AHMAD HANIF MUGHAL","2026-07-14 09:09:59",15.883,5,ahmadhanifmughal
4967,16536964,"Samuels Winstons","2026-07-14 07:12:31",15.883,1,samuelswinstons
4968,16542678,"Mari Kitatani","2026-07-14 07:53:31",15.883,1,marikitatani
4969,16539597,"Zhixun Li","2026-07-14 19:12:30",15.883,5,superzhixunli
4970,16542047,SatoGo,"2026-07-15 08:33:05",15.883,1,satogo
4971,15870032,"Dhananjay bopche","2026-07-17 10:05:26",15.883,7,dhananjaybopche
4972,16553169,"Haruto ","2026-07-17 04:33:52",15.883,1,jdhchsifj
4973,15867383,"Md Boktiar Mahbub Murad","2026-07-18 05:20:58",15.883,4,mbmmurad
4974,16508297,"Dhanashri Shirtode","2026-07-20 10:35:08",15.883,4,dhanashrishirtode
4975,16559896,"Alem Rayane","2026-07-25 19:30:51",15.883,9,alemrayane
4976,15913002,"Trần Ngọc Các Uyên","2026-07-19 15:29:21",15.883,2,trnngcccuyn
4977,16577152,"Paul Marin","2026-07-21 09:18:21",15.883,1,paulmarinecl
4978,16537592,"Bukola Oke","2026-07-23 19:40:48",15.883,17,bukolaoke
4979,15873498,dexterxin,"2026-07-22 15:58:14",15.883,2,dexterxin
4980,16357667,"Pengchao Zheng","2026-07-22 16:36:58",15.883,1,pengchaozheng
4981,16569556,"Hữu Trung Lê","2026-07-25 18:16:32",15.883,4,huutrungle2001
4982,16588755,ohmahler93,"2026-07-23 07:28:55",15.883,1,ohmahler93
4983,16507796,"Arun #2","2026-07-23 16:48:55",15.883,1,arunbonagiri
4984,16463128,"Hamidun Nafi S","2026-07-24 04:13:17",15.883,1,ptpmansara1
4985,16021747,zyvren,"2026-07-24 10:21:17",15.883,2,sharif485
4986,16593108,hegelian-hippy,"2026-07-24 20:39:27",15.883,1,hamierdembozkaya
4987,16596650,liujieyou,"2026-07-25 04:18:42",15.883,4,liujieyou
4988,16598932,"Yong Ming-Jia","2026-07-27 10:19:08",15.883,10,ymingj
4989,16602713,"imnot xuanan","2026-07-27 04:09:28",15.883,2,imnotxuanan
4990,15910765,elmafia,"2026-07-27 04:38:29",15.883,68,tumbarell
4991,16600283,testofschool,"2026-07-27 07:35:04",15.883,1,testofschool
4992,16538875,"Gabriello Lombardi","2026-07-27 12:00:44",15.883,1,gabriellolombardi
4993,16600519,"Jayden Saji","2026-07-27 16:45:12",15.883,4,jaydensaji
4994,16603238,"Aleix López","2026-07-27 23:44:46",15.883,1,aleixlopez
4995,16515406,Anand___10,"2026-07-28 04:43:10",15.883,4,"anand252006,avishkardinde16"
4996,16605736,"LawrenceF Gao","2026-07-28 09:59:53",15.883,2,lawrencefgao
4997,16447406,"Mir Murtaza","2026-07-28 06:28:29",15.883,1,mathifydata
4998,16158317,naphthalene,"2026-07-28 07:12:08",15.883,1,"aaa0342,minjek"
4999,16607489,"Iuri Pavani","2026-07-28 09:19:08",15.883,1,iuripavani
5000,16331731,Taisei,"2026-07-14 15:12:27",15.883,2,taikiara
5001,16250193,"Steve Austin 124","2026-06-06 18:04:41",15.883,1,steveaustin124
5002,16270122,"Yashika Tulsani","2026-06-08 17:22:59",15.912,1,yashikatulsani
5003,15864525,"Ayush Tiwari","2026-07-06 15:11:45",15.914,6,ayushtiwariiitg
5004,15876474,"Vinicius Serra Vianna","2026-05-19 12:21:24",15.918,17,viniciusserravianna
5005,15868203,Shanku_x,"2026-05-26 11:37:50",15.925,14,shankux
5006,16426964,"shrenik sakla","2026-07-23 21:00:15",15.934,5,shreniksakla
5007,16410963,"Michael Kim","2026-06-21 23:50:27",15.940,2,michaelkim2025
5008,15869779,"Yang Wei Hao","2026-06-22 14:17:28",15.949,1,aichangeworld
5009,15999922,wangshushushu,"2026-05-18 08:54:08",15.951,1,wangshushushu
5010,16137874,IshT,"2026-06-18 19:14:08",15.955,8,someoneknows
5011,15917130,"Zhong Shenshi","2026-06-04 06:41:50",15.966,1,dezhizhang
5012,15976074,َGenuine,"2026-05-18 13:46:23",15.979,8,fatma91
5013,16241095,edgar000,"2026-07-28 06:27:02",15.981,4,edgar000
5014,16456372,"Nihar Salvi","2026-06-30 09:57:41",15.996,5,niharsalvi
5015,16487309,JL2306,"2026-07-20 18:19:00",15.998,3,jl2306
5016,16432053,durin2333,"2026-06-29 02:09:43",15.998,1,durin2333
5017,15872104,"Selim Halykov","2026-05-13 18:28:31",15.999,1,selimhalykov
5018,16533753,"XIE Jintao","2026-07-13 04:01:40",16.006,10,xiejintao
5019,16141895,"Stanislav Chistyakov","2026-07-13 09:39:22",16.014,6,chistyakov
5020,16436479,PoydenkoV,"2026-06-30 18:56:11",16.019,4,poydenkov
5021,15929237,Shreyas_S_Gunari,"2026-07-05 10:35:27",16.022,2,"aniruddhnaik13,sagarnarasannavar,shreyassgunari,siddarthkadat123,sudhanvsk"
5022,16241219,"Alvin Liu","2026-06-05 15:32:10",16.026,1,alvinliu0923
5023,16449365,"Kento Arakawa","2026-07-04 07:37:45",16.040,1,kentoarakawa
5024,16031644,Broccauli,"2026-05-23 19:29:06",16.055,3,broccauli
5025,16448577,"Sripad Joshi","2026-06-30 01:28:48",16.071,2,sripadj
5026,16495003,MathIsHard2,"2026-07-10 13:22:37",16.073,3,mathishard2
5027,16534504,"Aiden Hopkins","2026-07-16 13:53:13",16.074,3,aidenhopkins
5028,16083071,"Aryo Bagus KT","2026-05-28 14:38:21",16.097,1,aryobaguskt
5029,15867164,"Rahil Prakash Ram","2026-05-12 01:13:20",16.099,9,rahilprakashram
5030,16372346,Markrvtx,"2026-06-17 15:24:24",16.102,3,markrovotix
5031,16313730,wander6,"2026-06-15 06:33:54",16.122,10,wander6
5032,16141663,"Animesh Ratna","2026-06-04 07:26:45",16.127,9,animeshratna
5033,16504330,"Ethan J. Schauder","2026-07-20 21:09:02",16.137,12,ethanjschauder
5034,16430989,"Timothy Dillan","2026-06-25 08:32:56",16.138,1,timothydillan
5035,16097470,Abhishekbrp,"2026-06-22 08:49:07",16.138,2,abhishekbrp
5036,16139355,Hello39,"2026-07-15 02:05:05",16.152,16,hello39
5037,16128858,LiquiditySheepLynx,"2026-06-01 05:55:01",16.152,1,liquiditysheeplynx
5038,15889270,"Karl Steiner","2026-06-10 20:32:15",16.161,5,karlsteiner
5039,16249326,DeepMind,"2026-07-25 05:21:58",16.163,12,deepthink123
5040,16470987,yagihi,"2026-07-08 04:10:45",16.185,1,yagihi
5041,16442304,"Luck is all you need","2026-07-20 16:25:06",16.190,1,yxw666
5042,16114093,Robin,"2026-06-06 14:39:09",16.197,1,robinonsay1
5043,15964881,"Tudor Beloiu","2026-05-16 12:22:37",16.200,6,tudorbeloiu
5044,15889649,oriolgalceran,"2026-05-13 12:53:21",16.202,11,oriolgalceran
5045,16548596,Garv88,"2026-07-15 16:13:51",16.211,1,garv88
5046,16315380,"Florencia Strada","2026-06-26 23:01:46",16.216,2,florenciastrada
5047,15930211,"Jude Ogene","2026-05-18 18:35:50",16.236,4,judeogene
5048,16270090,"Sigurd Kleiven Torsnes","2026-06-09 20:15:17",16.237,5,sigurdkleiventorsnes
5049,15998308,"Tlotlo Oepeng","2026-05-23 15:34:49",16.258,6,tlotlooepeng
5050,16083694,"Thippeswamy H U","2026-05-31 12:05:51",16.277,5,thippeswamyhu
5051,15865076,"Abir Saha","2026-05-14 20:06:54",16.349,5,abirsaha2307
5052,16497152,"Ali Guerrero","2026-07-13 13:14:06",16.360,4,aliguerrero24
5053,16514475,"Josh Elberg","2026-07-23 04:54:22",16.369,1,joshelberg
5054,16090528,280,"2026-05-28 11:40:51",16.372,6,"glake8,leonardostoppani"
5055,16051955,"AMRIT Lahari","2026-05-24 06:02:43",16.379,3,amritlahari
5056,16211786,MillanH,"2026-06-04 07:45:02",16.385,2,millanh
5057,16127507,"Joao gabriel alves g","2026-06-10 18:48:41",16.392,5,joaogabrielalvesg
5058,16428355,"Nguyễn Đăng Khoa","2026-07-28 05:24:29",16.410,40,nguynngkhoawedrt
5059,15973265,"mar lec","2026-05-16 20:14:57",16.414,4,martinleclercq
5060,16545613,"Bhavesh Goel","2026-07-16 15:30:03",16.481,1,bhaveshgoel
5061,16380116,"Shashwat Parikh","2026-06-30 23:16:30",16.493,1,shashwatparikh
5062,15897017,chanKonabe,"2026-05-30 08:30:52",16.510,2,chankonabe
5063,16454636,"Beatriz Farias","2026-07-15 05:32:14",16.519,7,"beatrizfarias,caiopeixotogaldino,natanazevedogomes"
5064,15866486,"Osheen Kaur","2026-05-17 22:55:04",16.523,25,osheenkaur
5065,16087788,yoshitown,"2026-06-10 13:00:54",16.525,1,yoshitown
5066,16384674,SaranyaBalu,"2026-06-30 18:27:08",16.535,3,saranyabalu08
5067,15911506,"Dhruv Pai Dukle","2026-06-07 08:45:51",16.543,3,dhruvpaidukle
5068,15908019,"Antonio Avella","2026-05-11 13:48:30",16.549,2,hetman70
5069,16086646,"Paul Conrad","2026-05-31 12:21:47",16.550,8,paulconrad21
5070,16041438,January,"2026-07-08 08:58:25",16.579,30,januaryfined
5071,16601950,Vishwajit,"2026-07-26 17:09:34",16.590,1,vishwajit1999
5072,15884372,"Rabeya Noor","2026-05-09 05:17:11",16.611,9,rabeya100x
5073,16507866,"Yash Jadhav","2026-07-09 11:52:23",16.625,1,iamyashjadhav
5074,15868020,"dr.Kaouther SELMI","2026-05-10 19:08:13",16.626,13,kaoutherselmi
5075,16598767,"Ranjan Mishra","2026-07-26 13:48:28",16.635,1,rjmishra
5076,15866997,"Juan luis Garcia fuenmayor","2026-06-04 14:27:39",16.650,63,juan222200
5077,15926001,"chen rui6667","2026-05-14 09:16:40",16.679,9,chenrui6667
5078,15935880,"Ruhul Amin","2026-05-23 02:21:11",16.680,11,ruhul20
5079,15906542,Don,"2026-05-22 15:56:56",16.683,1,edonisraci
5080,16544720,"Josh Berry","2026-07-16 14:20:25",16.689,2,joshby
5081,16251583,oneesh00t,"2026-06-12 07:17:10",16.695,2,albertpitkowski
5082,15869443,"Made a Beautiful Bouquet","2026-07-23 08:04:51",16.751,2,zaiwubian
5083,15878157,"John Doe","2026-05-12 13:56:12",16.760,5,icyops
5084,15873475,"Irina Fayzrakhmanova","2026-07-20 11:09:20",16.819,55,irinafayzrakhmanova
5085,16082980,"AVINASH SHRIVASTAVA","2026-05-29 17:42:08",16.859,2,avinashiitm
5086,16446293,"bincheng liu","2026-07-06 06:23:58",16.878,2,binchengliu
5087,16484052,freshwood,"2026-07-06 05:34:34",16.878,1,freshwood
5088,16595437,karo.txs,"2026-07-26 00:58:39",16.886,8,karotxs
5089,16027616,"Nishant Iyer","2026-05-20 05:35:49",16.894,5,nustanishant
5090,15952709,"Yoshiyuki Hongoh","2026-05-15 00:18:04",16.910,1,yoshiyukihongoh
5091,16214901,BHOS,"2026-06-11 00:19:28",16.938,8,kchanis
5092,16244315,"Nikhil Sharma","2026-06-12 22:32:49",16.956,2,moodoxyy
5093,16552755,Bingo,"2026-07-16 14:58:09",16.978,2,bingoko
5094,16198192,pokabu1104,"2026-07-05 14:12:10",17.014,9,pokabu1104
5095,16551883,"Bibhasindhu Pradhan","2026-07-17 16:08:36",17.024,3,bibhasindhupradhan
5096,15950562,Zach,"2026-05-19 15:00:25",17.049,7,datumz
5097,16156456,Jormungand,"2026-06-13 11:02:45",17.059,1,yukuanzou
5098,16098363,"James Ogaja","2026-06-20 03:21:29",17.092,10,jamesogaja
5099,16358438,"Joel Seff","2026-06-17 08:57:26",17.104,8,joelseff
5100,15887135,"Hafida Belayd","2026-07-19 11:16:51",17.118,11,hafidabelayd
5101,16579859,lyf5201133,"2026-07-21 11:19:16",17.122,3,lyf5201133
5102,16450049,Rindge,"2026-07-06 06:49:27",17.142,5,rindge
5103,15871436,"JAKKA BALAKRISHNA","2026-05-12 11:10:42",17.153,5,jakkabalakrishna
5104,16386979,"Sujeet Singh 77","2026-06-22 12:39:37",17.162,7,sujeetsingh77
5105,16238835,Infrared,"2026-06-15 08:06:17",17.168,26,infraredfall
5106,16484557,"Anuraj KTK","2026-07-06 12:27:27",17.232,2,anurajktk
5107,16252757,"Burçak Demirel","2026-06-09 11:57:57",17.251,11,burcakdemmirel
5108,16278172,"Elif Yavuz","2026-06-09 21:57:21",17.251,4,kelifyavuz
5109,16478113,lshddd,"2026-07-03 07:59:21",17.297,3,lshddd
5110,15915119,"Mongkhon Hatit","2026-05-12 08:04:08",17.298,2,mongkolhatit
5111,15874557,"Luis Diambra","2026-07-17 19:21:03",17.343,18,luisdiambra
5112,16590148,"YiHao Ma","2026-07-27 09:23:35",17.377,8,myheeer
5113,16493639,Hellucigen,"2026-07-07 04:00:17",17.377,3,hellucigen
5114,16243745,"Alexander Osorio","2026-06-10 13:59:43",17.403,8,alexanderosorioh
5115,16538506,broccoli,"2026-07-24 07:19:04",17.409,2,norihori0917
5116,15865248,fingoldo,"2026-05-06 00:37:56",17.423,4,fingoldo
5117,15912118,"Mohamed Abbas","2026-06-04 09:54:00",17.497,4,mohamedsalamh
5118,15866498,Mikhail_Komkin,"2026-06-19 23:26:40",17.535,6,mikhailkomkin
5119,16148939,MLSurfer,"2026-07-22 21:02:57",17.566,39,massyalexandre
5120,15927590,"Corentin Lespagnol","2026-05-13 12:55:34",17.580,1,lespagnolcorentin
5121,15874756,Aurorcys,"2026-05-10 03:18:15",17.588,3,aurorcys
5122,16575710,"Arnav Kumar","2026-07-27 15:34:21",17.622,3,arnavvv2706
5123,16043327,ZhuangLihao,"2026-05-23 10:18:26",17.633,5,zhuanglihao
5124,16553233,"ander huang","2026-07-18 12:59:21",17.652,1,anderhuang
5125,16187916,PaulLai0111,"2026-06-04 09:57:07",17.659,2,paullai0111
5126,16106464,kminh712,"2026-06-19 15:47:01",17.669,8,hanashiroanzu
5127,16419781,ORION,"2026-06-25 14:10:01",17.673,10,ljs2546
5128,16511561,"Rakshit Sharma","2026-07-10 04:18:13",17.679,4,sharraks
5129,16116454,"Ayan Maity08","2026-05-31 05:01:42",17.724,1,"ayanmaity08,rajchakraborty1024"
5130,16252884,GoodFit,"2026-07-04 09:05:54",17.759,3,apteanand
5131,15913636,"Daniel D Furness","2026-05-11 15:52:25",17.793,1,danieldfurness
5132,15867507,Muhammad,"2026-07-28 00:07:49",17.806,48,hark99
5133,15905831,YuxueLiu_Dufe,"2026-05-11 00:40:05",17.812,2,yuxueliudufe
5134,16388726,"Guy Nachshon","2026-06-21 10:11:00",17.858,7,guynachshon
5135,16514180,"Owais Mujtaba","2026-07-10 10:05:34",17.865,3,owaismujtabakhanday
5136,16531348,elrapido,"2026-07-16 06:55:11",17.865,20,elrapido
5137,16135428,"Peter Morozov","2026-06-04 15:10:24",17.897,12,bigbagbaloo
5138,16073442,TensorFlower,"2026-05-26 14:17:11",17.935,5,dzdatasci
5139,16433551,thegenerativeworld,"2026-06-30 14:04:11",17.940,3,thegenerativeworld
5140,16051520,"Abdullah Khan Sherwani","2026-05-22 19:02:01",17.950,1,abdullahkhansherwani
5141,16586471,"Ansh Agarwal","2026-07-27 19:21:27",18.002,2,anshagarwal2616
5142,16044702,"Ricardo Serrano #2","2026-05-30 19:54:16",18.008,1,ricsam
5143,16415372,"buddhi withanage","2026-07-24 12:04:00",18.014,9,buddhiwithanage
5144,16532800,"JEREMY HOWE","2026-07-11 23:56:39",18.015,2,jeremyhowe
5145,15874479,"Phillip Ssempeebwa","2026-06-30 11:09:28",18.042,1,phillipssempeebwa
5146,15866636,"Filip Miljevic","2026-05-06 17:37:00",18.160,5,"anaclaraalvez,filipmiljevic"
5147,16229595,Bhanodai,"2026-06-10 04:41:39",18.168,2,hkjkhl
5148,16474730,"B. Mohamed El Amine","2026-07-04 19:16:37",18.169,1,bmohamedelamine
5149,16221175,sunrise01,"2026-06-04 13:01:58",18.235,1,sunrise01
5150,15865257,"Akshay Jain_RB","2026-06-04 19:19:09",18.268,5,akshayjainrb
5151,16444643,"Abdo Sharaf","2026-07-01 18:19:04",18.328,6,asharfal
5152,16487619,SkanX7,"2026-07-06 01:32:51",18.334,2,skanx7
5153,15867883,"Ohene A","2026-05-06 01:51:45",18.382,1,pamo12
5154,15873232,LinyanLuo0117_Maxine,"2026-07-10 11:47:49",18.389,1,linyanluo0117
5155,15936636,TctFPL,"2026-05-13 12:53:03",18.434,1,tctfpl
5156,16306714,"Alex Tatarinov","2026-07-13 04:58:59",18.465,24,alextatarinoff
5157,15889348,"Miguel Muñoz","2026-06-13 14:59:40",18.473,8,miguelmuozma
5158,16252130,Charan_S,"2026-07-07 07:29:22",18.505,13,charans007
5159,16310789,"Abdel Rodriguez","2026-06-17 12:55:50",18.507,14,abdelrodriguez
5160,15947074,"senthil kumaran T","2026-05-15 01:55:45",18.519,2,"senthilkvggbn,sudharsan666"
5161,16356738,qinggedada,"2026-06-17 16:13:05",18.548,9,qinggedada
5162,15949239,"Jacopo Binati","2026-06-01 14:46:45",18.618,6,jacopobinati
5163,16554751,senbataichi,"2026-07-17 07:17:23",18.662,2,senbataichi
5164,16048496,Mint120,"2026-05-23 05:59:57",18.772,1,mint120
5165,16429156,Olivier,"2026-06-25 15:03:22",18.810,7,oliviety
5166,15868636,SAMEyujher,"2026-05-22 00:32:12",18.817,12,sameyujher
5167,16413939,"Canberk ","2026-06-30 08:07:48",18.819,3,kralathena
5168,15877274,"Reymark Garcia","2026-07-15 20:16:30",18.830,3,reymarkgarcia
5169,15899451,BarbieIphone,"2026-05-26 17:13:56",18.895,13,ashimtom
5170,16431451,"Sam Robin Singh E","2026-06-28 07:13:42",18.912,1,samrobinsinghe
5171,16012168,chibarie,"2026-05-18 14:04:51",18.945,1,chibarie
5172,16275039,"Jun Liu","2026-07-18 05:37:14",18.947,10,chrisluu
5173,16053605,"Bing Li","2026-05-30 09:55:40",19.005,7,bingli0617
5174,16207966,iwamoiwamo,"2026-07-03 04:47:36",19.017,10,iwamoiwamo
5175,16197334,kenchanhodgkin,"2026-06-19 13:28:08",19.019,2,kenchanhodgkin
5176,15871294,"HRIDAY PATNEY","2026-05-10 10:03:23",19.021,2,hridaypatney05
5177,15999064,"Julien Kuhn de Chizelle","2026-07-24 03:58:48",19.023,45,julienkdc
5178,15879681,Fizachi,"2026-07-07 22:00:40",19.025,2,fizachi
5179,15867800,"Md Mahfuz Sumon","2026-05-06 00:24:12",19.047,1,mdmahfuzsumon
5180,15869346,YangjieFu,"2026-05-06 07:23:18",19.047,3,yangjiefu
5181,16254305,Anivia,"2026-06-27 19:29:31",19.060,6,anivia
5182,15868883,"Muhammad Hamim Islam","2026-05-07 02:24:45",19.084,2,odvut1
5183,15991947,MikikoKizawa,"2026-06-05 21:58:21",19.107,1,mikikokizawa
5184,16086772,Sean,"2026-06-15 16:59:23",19.173,11,seanitoo
5185,16292569,ElusiveElephant,"2026-06-13 15:14:07",19.189,5,elusiveelephant
5186,15868872,Talha_Karim_TK,"2026-05-22 19:20:32",19.202,3,talhakarimtk
5187,16428870,VasixG,"2026-06-24 22:15:18",19.245,1,vasiliygorelov
5188,16532177,"Siva Kumar","2026-07-26 06:36:05",19.277,22,sivapnlr80
5189,16257196,"Taha ASLAN","2026-06-09 17:09:11",19.297,7,tahaas
5190,16008091,"Alejandro Velazquez","2026-06-01 03:32:45",19.306,3,alejandrovelazquez1
5191,16481877,"Fitsum Mesfin","2026-07-09 09:32:41",19.389,13,fitsummesfin
5192,15865661,"KAMLESH KUMAR","2026-05-06 09:05:45",19.406,3,kam1114
5193,15867150,"NIKHIL YADAV","2026-07-26 18:02:47",19.436,7,nikhilyadav232223
5194,16161886,Quant,"2026-07-08 11:44:12",19.516,8,gravitonastro
5195,16425323,"Gashaw Goshu","2026-07-03 22:49:11",19.597,15,gashawmg
5196,16349393,"MYUNGKWAN JI","2026-06-15 05:08:20",19.633,2,myungkwanji
5197,16459820,crabxmz,"2026-07-09 15:32:50",19.708,4,crabxmz
5198,15867059,"Shiva Kintali","2026-05-09 00:14:56",19.713,12,shivakintali
5199,16433183,"Masahiro Tanaka","2026-07-01 15:41:23",19.730,3,ninben5361
5200,16086123,JackLX,"2026-05-27 11:30:09",19.883,2,jacklx
5201,16109718,Nisarg_Shah_2003,"2026-06-06 18:38:29",19.892,2,nisargshah2003
5202,16435862,"egon alexander","2026-06-27 10:06:35",19.919,4,egonalexander
5203,15913245,"Code by khan","2026-05-15 18:12:45",19.971,6,codebykhan
5204,16516046,UniverseAwaken,"2026-07-15 01:25:36",20.033,24,universeawaken
5205,16428397,"FARHAN SAYYAD","2026-07-04 12:10:08",20.094,3,farhansayyad
5206,15866008,"Issa Mansour","2026-05-13 07:41:47",20.121,1,issamansour
5207,16254168,DocCandyman,"2026-06-12 21:48:16",20.159,1,doccandyman
5208,16404990,HongTaeYang,"2026-06-22 01:07:45",20.313,2,hongtaeyang
5209,15866874,"Leandro Daniel Lau Alfonso","2026-07-04 13:54:36",20.339,39,leandrolau
5210,15869699,"Mohammed Enan","2026-05-06 15:16:09",20.341,3,mohammedenan
5211,15871747,"Mirangga Jakti","2026-05-10 11:47:21",20.343,1,miranggajakti
5212,16234053,"Tiago Soares","2026-07-21 06:01:32",20.475,5,tiagosoares
5213,15876284,"Wilfred maillot","2026-05-07 07:00:32",20.492,10,wilfredmaillot
5214,16274197,Mantis,"2026-06-09 08:19:47",20.505,5,orchidmantis
5215,16422054,alakkur435,"2026-06-25 03:48:23",20.544,3,alakkur435
5216,16041355,"Cristiano Rotunno","2026-05-23 19:35:54",20.547,1,cristianorotunno
5217,16063995,Laksamada,"2026-05-24 17:02:55",20.582,4,fachri00
5218,16584025,Boxy,"2026-07-22 20:07:33",20.606,3,boxyml
5219,16269956,"Sudharsan Velumani","2026-06-12 12:19:38",20.759,1,sudharsanvelumani
5220,16554403,"Zafer Liu","2026-07-21 05:28:49",20.762,8,zaferliu
5221,15923697,"Saiteja M","2026-05-28 13:51:26",20.808,4,kaggler994
5222,15868477,"KOUSHIK KUMAR DINDA","2026-07-28 08:10:14",20.879,17,koushikkumardinda
5223,16407778,"Anton Kisilishyn","2026-06-21 14:54:55",20.916,2,antonius42
5224,15901697,Xun.331,"2026-05-09 17:21:18",20.951,2,xun331
5225,16569233,BloodCoder,"2026-07-23 09:54:48",20.966,11,mdhabibullamisba
5226,16373060,"Srishanth Sriramula","2026-06-17 02:59:07",20.999,1,srishanthsriramula
5227,15913157,"Aditya Singh","2026-06-19 17:37:25",21.152,7,adityasingh157735
5228,15866743,"Bektur Bekboev","2026-06-13 05:09:24",21.160,34,bekturbekboev
5229,16462191,"Guillermo Gallo Garcia","2026-07-02 11:36:14",21.168,10,guillermogallogarcia
5230,16233435,"Yuguo Du","2026-06-08 05:07:49",21.179,4,yuguodu
5231,16396494,"Yousef Abdelhady","2026-06-30 00:46:03",21.375,6,useifabdelhady
5232,15948293,kamranmunawar1,"2026-07-07 22:17:10",21.412,22,kamranmunawar1
5233,16210329,"Chris Chen","2026-06-04 18:54:17",21.444,3,sofunnyhaha
5234,15865757,"Dr. Ahmed M Abdelsalam","2026-05-19 19:34:02",21.458,5,drahmedmabdelsalam33
5235,16510706,yoooosda,"2026-07-16 05:41:47",21.532,6,yoooosda
5236,16331487,Sophie555,"2026-07-27 11:02:09",21.538,3,sophie555
5237,16400672,Kekicake,"2026-06-20 10:21:06",21.620,5,kekicake
5238,16465780,"Thian Liang","2026-07-03 18:18:20",21.689,8,cheowthianliang
5239,16318686,"Rafael Condé","2026-06-13 03:33:40",21.746,1,rafaelcond
5240,16101673,SK,"2026-06-25 12:00:32",21.780,2,cooker333
5241,16327347,"Jhonny EL NASHEF","2026-06-13 15:57:42",21.814,1,jhonnyelnashef
5242,16472791,xkkkkc,"2026-07-13 06:27:32",21.991,5,xkkkkc
5243,16371111,"Oliver F.","2026-06-19 08:54:50",22.026,3,olivrf
5244,16272971,"Jagrat Patel","2026-06-09 04:29:22",22.036,4,jagratblenderrender
5245,15876055,"Leonard Benson","2026-06-05 14:34:05",22.112,6,leonardbenson
5246,15890429,"Aditya Kashyap","2026-05-15 04:24:22",22.146,7,adityakashyap1111
5247,16291144,"Bulat Gabitovv","2026-06-14 00:25:23",22.191,4,bulatgabitovv
5248,15936415,cgrlkc,"2026-05-29 03:25:40",22.198,5,cgrlkc
5249,16308315,The_Newbies,"2026-07-06 06:16:05",22.256,5,"fruitchen,hcabr1,henryszy,lifeis114514,lmeyolo"
5250,16250722,depressionkid,"2026-06-27 08:01:22",22.349,4,maksimryndenko
5251,16374830,Kawa_pt,"2026-07-05 14:55:06",22.355,2,kawapt
5252,16128960,"Team Binary","2026-07-24 16:30:55",22.454,32,"codehendrix,motamarritejaswini"
5253,16600326,just_calculate,"2026-07-26 15:47:14",22.467,2,justcalculate
5254,15872825,Smarth_coder,"2026-06-30 10:58:29",22.505,10,smarthcoder
5255,15939420,"Prahit viraaj Reddy ","2026-05-21 10:31:39",22.542,17,prahitviraajreddy
5256,16543903,"Salih Erdem Kaymak","2026-07-25 21:46:38",22.727,3,saliherdemkaymak
5257,16451075,HuayuanTu,"2026-06-30 02:54:33",22.746,1,tuhuayuan
5258,15929596,"Manny Peiso","2026-05-19 02:01:57",22.876,3,mannypeiso
5259,15936262,"Masaki Koike","2026-05-18 04:38:20",22.890,13,masakikoike
5260,16035256,AbrarFahadthe1,"2026-05-22 09:09:19",22.929,6,abrarfahadthe1
5261,16537842,"shubham kumar","2026-07-23 08:00:04",23.030,1,shubzk17
5262,16389907,Hackrband,"2026-06-23 02:15:07",23.053,2,hackrband
5263,15915629,"Sameer Rawat","2026-06-01 00:32:45",23.211,4,sameerrawat1904
5264,15969705,"Shankha Subhra Saha","2026-06-17 06:03:01",23.359,9,shanks905
5265,16577414,Shun,"2026-07-27 23:15:33",23.514,2,shunsuketoda
5266,15870873,HarshitShah004,"2026-05-15 13:55:39",23.523,18,harshitshah0004
5267,16362211,DATAYIER,"2026-07-28 07:22:28",23.582,23,datayier
5268,15874972,"Kavyanshu Singh","2026-05-29 12:16:26",23.700,5,kavyanshusingh
5269,15898827,AHOIA21,"2026-05-10 14:01:03",23.701,1,ahoia21
5270,16501396,"Ahmet Emir Kara","2026-07-10 21:19:48",23.741,6,loxxy46
5271,16036205,Marcusmac,"2026-05-22 23:24:38",23.814,2,marcusmac
5272,15932777,Druson0,"2026-06-01 13:22:29",23.857,9,druson0
5273,16328854,"Dhe Yeong","2026-06-28 02:37:33",23.893,4,dheyeong
5274,15873289,"Mannlich Tankeng","2026-05-15 09:26:31",23.927,16,mannlichtankeng
5275,15892597,ikki1111,"2026-06-27 12:45:21",23.999,1,kani23
5276,15967958,K.Nagase,"2026-05-27 00:18:10",24.066,5,kntkjtr
5277,16392323,600505-ศิวกร,"2026-06-19 07:01:34",24.195,3,siwakornseeswan
5278,15976053,Gabous_Johnson,"2026-05-21 20:30:50",24.271,2,gabousjohnson
5279,16448526,"Ilya Mana","2026-07-02 14:20:28",24.854,3,ilyamana
5280,16247550,JixuanZhang,"2026-07-10 05:30:51",24.890,3,jixuanzhang1999
5281,16512459,"H vv sathwik","2026-07-21 04:47:14",24.923,23,hvvsathwik
5282,15920554,"Magdi El-Sharkawy","2026-06-06 09:04:17",25.091,28,magdielsharkawy
5283,15909315,"Suneet Saini","2026-06-01 12:10:51",25.091,6,suneetsaini
5284,16328548,"sherif atef","2026-06-14 03:19:29",25.323,8,devs69
5285,15865640,"Avik Das","2026-06-28 08:37:16",25.782,2,avikdas567
5286,16286757,Dmitriy,"2026-06-10 11:11:34",26.140,3,dmitriybty
5287,16022295,"Nanda Kumar","2026-05-19 11:19:58",26.171,2,nanda23f3001984
5288,15918579,AWisteria,"2026-05-25 14:58:23",26.391,1,awisteria
5289,16239281,"Ankit Choudhary","2026-06-10 07:43:00",26.445,6,ankitchoudhary2006
5290,16419652,"Kinza Umar","2026-06-26 10:33:51",26.483,7,kinzaumar
5291,16465187,孙笑川,"2026-07-04 08:55:41",26.648,2,liirrr
5292,16596358,"zaheer abbas","2026-07-27 14:26:43",26.748,2,zaheerabbasorakzai
5293,16138042,Gcaputo,"2026-06-08 19:44:46",26.911,16,gcaputo
5294,15866883,"Bashar Mohamed","2026-07-26 03:10:59",27.042,28,pasharmohamed
5295,16260573,"ARNAV PANDEY","2026-06-13 15:57:06",27.128,1,arnavsuiiiiiiiiiiii
5296,16505212,JunL22,"2026-07-10 01:35:50",27.212,2,junl22
5297,16413772,"Suneeth reddy","2026-06-22 13:34:53",27.252,3,suneethreddy
5298,16410265,ModelCrashers,"2026-07-11 05:09:55",27.289,12,"anastasiiayuzikova,hannako2025,yehorkovalenko"
5299,16367676,"transformer high-freq","2026-06-15 19:58:40",27.315,2,transformerhighfreq
5300,15870480,"Avula Puneeth Kumar Reddy","2026-05-27 17:20:46",27.572,2,puneethkumarreddy
5301,16309040,"Ahmed Almustafa","2026-06-30 21:28:34",27.660,4,nactch
5302,16053400,"Jim Appiah","2026-05-25 08:29:28",27.762,5,jimappiah
5303,15919724,"guang hua","2026-05-12 11:50:08",27.975,9,guanghuaasfe
5304,16133635,"George Ananda","2026-07-20 03:47:20",28.272,1,georgeanandaaa
5305,16514381,"Matvei Anoshin","2026-07-12 05:09:14",28.380,3,matthewanoshin
5306,15895451,"Zhang Yn","2026-06-17 10:31:44",28.474,3,zhangyn111
5307,16327020,JasonRay,"2026-06-15 05:39:04",28.785,6,jasonray15136
5308,15993729,"Priyanshu Pandey","2026-05-16 14:48:08",28.907,1,priyanshu00
5309,16394618,"Ssneaky Nasten'ka","2026-07-15 15:21:17",28.939,2,wkaop4ek
5310,16384252,"carlos starling","2026-07-28 00:17:16",28.990,37,carlosstarling
5311,15868996,"Ashish Kuru","2026-05-23 18:26:20",29.176,1,ashishkuru
5312,15892079,ChenXiaoLin04,"2026-05-13 03:11:00",29.280,1,chenxiaolin04
5313,15890827,"Alexander Kwesi","2026-07-20 12:59:46",29.402,17,alexanderkwesi
5314,15888781,"CHEN YANGYANG","2026-05-21 15:37:53",29.676,3,yangyang1111111
5315,15946511,DKerryyyy,"2026-06-09 09:47:30",29.765,4,dkerryyyy
5316,16023506,Pradyum#7,"2026-06-10 07:08:49",30.016,12,pradyum7
5317,16048881,"Emmanuel Duke","2026-05-23 06:15:41",30.032,1,emmanueldukeq
5318,16028882,Srihari_2237,"2026-05-21 18:43:23",30.155,6,"booleanvalues,muthurajeshv,srihari2237"
5319,15925643,"ENGR. EESHA KHAN","2026-07-25 14:34:54",30.311,9,eeshakhanzadi
5320,16334336,"Ritvik Sharma","2026-07-08 09:50:51",30.358,16,cipherdoge
5321,16274925,"Chetan Sahney","2026-06-09 07:15:25",30.465,2,chetansahney
5322,16559306,"Kuanash Erzhanov","2026-07-17 18:53:41",30.556,1,kifirchik449
5323,15872855,"Fadi El Hassan","2026-06-13 11:59:41",30.559,21,fadielhassan
5324,16279201,Lucky,"2026-06-23 15:42:58",30.571,8,lucky726
5325,16132244,kotaku,"2026-06-08 06:31:27",30.984,4,kotaku
5326,16574723,Quasars,"2026-07-23 10:11:33",31.262,4,ganiesenov
5327,15876423,"Talha Umar","2026-06-02 20:40:03",31.362,4,talhaumar
5328,16553532,Damitha,"2026-07-19 02:54:53",31.392,2,damithabh
5329,16278467,rrrrrrarrrrrr,"2026-06-23 15:00:34",31.414,24,rrrrrrarrrrrr
5330,16605287,"Mohammad Ragab","2026-07-28 06:46:35",31.591,1,mr0106
5331,16570049,Arn2011,"2026-07-28 00:55:39",31.599,22,arnelperezposadas
5332,16207207,"Arpit Kumar","2026-06-03 23:09:28",31.616,3,katakuri004
5333,16115664,mifnkst,"2026-07-23 14:01:39",31.838,3,mifnkst
5334,15877952,"Sainatha Reddy Yatham","2026-05-07 07:48:43",31.891,6,sainathareddyyatham
5335,16603218,"Grzegorz Zawadzki","2026-07-26 23:17:26",31.891,3,grzegorzzawadzki
5336,16532057,Samuel1212,"2026-07-13 21:53:06",32.024,4,samuel1212
5337,16065249,"Evgeni Gavrilovi","2026-07-01 05:11:57",32.095,5,evgenigavrilovi
5338,16582373,cube,"2026-07-21 18:43:47",32.153,2,cube0x24
5339,16444183,"Shoroogh Ahmadi","2026-07-12 16:30:10",32.182,2,shorooghahmadi
5340,16046897,str(LJ),"2026-05-22 14:26:29",32.296,1,ljamoosian
5341,15866301,"Chrysovalantis Constantinou","2026-05-20 18:38:08",32.654,3,cconsta1
5342,15940193,"Rehaan Ahmad Khan","2026-05-12 19:12:58",32.823,1,rehaanahmadkhan
5343,16203500,"Kumar Vivek","2026-06-04 18:30:06",33.002,3,kumar1234567vivek
5344,15875185,woni225,"2026-05-08 09:51:38",33.183,2,woni225
5345,15864830,Ajsal_ali,"2026-05-13 11:25:10",33.321,8,ajsalali
5346,15868520,wonikjang,"2026-05-21 08:16:47",33.335,7,wonikjang
5347,16139083,ajayvenkat1947,"2026-06-03 14:05:56",33.464,5,ajayvenkat1947
5348,15934307,"seyed esmaeil sadat najafi","2026-05-13 07:44:37",33.630,7,afmobile49
5349,16295848,"Isaac Caton","2026-06-13 12:34:32",33.919,6,isaaccaton
5350,15869644,iathar,"2026-05-07 10:20:09",34.070,3,iathar
5351,16415026,"Deniz Durgan","2026-06-24 09:29:32",34.151,6,denizdurgan
5352,16227866,"Natalia Pavlovskaia","2026-06-13 19:57:37",34.504,7,nebo86
5353,16092696,MShariati,"2026-07-05 16:32:52",35.078,4,mrshariati
5354,15867483,"Sandeep Reddy Venna","2026-05-07 01:29:44",35.264,6,vennasan
5355,15873941,"MULI KALYAN KUMAR REDDY ","2026-05-11 07:56:17",35.416,6,mulikalyankumarreddy
5356,15891682,ThuggieBear,"2026-05-24 21:54:53",35.468,14,davidgoodrich
5357,16393342,CatPurrgramming,"2026-06-22 02:54:31",35.775,1,catpurrgramming
5358,16346845,Wenhan,"2026-07-24 00:22:19",35.928,1,blackycat
5359,16550049,"Shyhoon Moontaka","2026-07-15 11:07:36",35.956,1,shyhoon123
5360,15876581,"Md. Thoukir Hasan Ha-Mim","2026-05-14 20:21:07",35.987,5,mdthoukirhasanhamim
5361,16555791,"Jolvin James","2026-07-24 15:06:55",36.117,2,jolvinjames
5362,16040632,"Abhisek Dash","2026-07-15 06:48:25",36.315,26,abhisekdash37
5363,16205291,blckvia,"2026-06-08 08:04:06",36.492,3,blckvia
5364,16583356,Christina,"2026-07-26 22:11:50",36.771,1,geekycb
5365,15878388,"Vaibhavi Kariya","2026-07-14 12:11:05",37.043,3,vaibhavikariya
5366,16434176,"Arsenii Pavlov","2026-06-27 20:45:39",37.575,1,arsenii
5367,16557014,"AKASH MITTAL","2026-07-18 16:35:50",37.656,8,thecielo
5368,16041198,sti11er,"2026-05-26 15:45:10",37.708,1,sti11er
5369,16277497,"Pranav sai Madala","2026-06-10 06:45:17",38.124,5,pranavsaimadala
5370,15931343,"Muhammad Sudais AI","2026-05-23 17:59:48",38.210,1,muhammadsudaisai
5371,16134282,xiqwqxi,"2026-06-06 14:55:47",38.222,2,xiqwqxi
5372,16465759,kappa,"2026-07-26 23:14:01",38.249,4,tomoyau
5373,15863975,"Pengnan Chee","2026-05-23 22:45:50",38.344,1,pengnanchee
5374,16515026,竹内奏楽,"2026-07-13 00:04:05",38.359,1,soratakeuch
5375,15895042,Invincible,"2026-07-10 10:15:18",38.422,1,"chiragsharma8222,satyamk1234,tushantrao0007"
5376,16153747,"Rizal Dicky","2026-07-05 13:15:38",38.777,26,rizaldicky
5377,16445512,"Jossian Brito","2026-06-29 00:53:38",39.079,2,jossianbrito
5378,15871113,"sreenithi venkatesan","2026-05-16 10:08:40",39.229,18,sreenithivenkatesan
5379,16556948,Shivangoudaa,"2026-07-27 05:59:31",39.261,10,ishivapatil
5380,16491485,"Adeel Memon","2026-07-27 04:32:45",39.270,3,adeeldev32
5381,16597173,"PREM GAIKWAD","2026-07-25 07:35:52",39.571,1,premgaikwad07
5382,16556325,"Shawn Z","2026-07-16 19:10:16",39.590,1,shownz
5383,15980391,sellcrows,"2026-06-23 03:36:53",39.784,8,sellcrows
5384,16090746,"Huang Jiaxu","2026-05-28 03:52:09",39.926,1,huangjiaxu
5385,16202896,"Md. Ajwad Hossain","2026-06-17 07:30:48",40.108,7,mdajwadhossain
5386,16424777,d3ed0c,"2026-06-24 05:35:16",40.153,5,d3ed0c
5387,15871375,"Varshitha Manchikatla","2026-05-06 10:12:44",40.472,4,varshithamanchikatla
5388,15874785,"Sharad Garg","2026-05-15 07:59:11",40.622,5,sharadgarg
5389,16582928,Shubhamo0o,"2026-07-27 12:46:45",41.032,20,shubhamo0o
5390,16264772,huyuim,"2026-06-18 12:07:03",41.082,1,huyuim
5391,16035425,maxim_berezov,"2026-05-20 19:03:28",41.274,1,maximka888
5392,16042504,"36.Nguyễn Thành Thái","2026-05-21 14:56:14",41.940,1,tthaii
5393,15868959,"AYUSH SONI","2026-05-06 16:11:16",42.107,4,"ayushsoni007,developerx64,divyanshuchouhan123"
5394,16021828,not.nam.14,"2026-05-22 10:53:19",43.975,9,notnam14
5395,16199327,"Hervé Irakiza","2026-06-10 15:49:12",44.035,4,hervirakiza
5396,16579111,Pratikp02,"2026-07-27 15:28:40",44.040,21,pratikp02
5397,15927294,"table spoonful","2026-05-11 12:01:38",44.069,1,tablespoonful
5398,16576067,"CJ Sanchez","2026-07-23 19:27:18",44.197,1,cjchez
5399,15897500,"PRIYANSHU PRAJAPATI","2026-07-19 11:20:31",44.380,1,pentesterpriyanshu
5400,16108341,homeward,"2026-05-30 11:14:22",44.943,7,homeward
5401,16452792,"Quentin Frugier","2026-07-27 08:03:29",45.119,18,quentinfrugier
5402,16537092,"WangQ Mr","2026-07-22 06:03:35",45.190,2,wangqmr
5403,16540367,"JJ Espinoza","2026-07-15 05:14:13",45.196,7,jjespinoza
5404,16062481,"Arun R.noa","2026-07-20 08:54:42",45.204,4,zorornoa
5405,16484374,Fernando,"2026-07-05 13:07:15",45.601,2,fer8fer8
5406,16404758,"Ian Oatis","2026-06-21 15:24:54",45.950,2,ianoatis17
5407,15880444,IhsanulRizky,"2026-05-09 11:20:23",46.135,1,ihsanulrizky
5408,16494795,"sheng zhenyu","2026-07-13 14:41:44",46.663,21,shengzhenyu
5409,16506945,Yuki-K,"2026-07-13 23:05:54",46.663,8,habimaina
5410,16353204,YINZUAN,"2026-07-06 05:46:29",46.829,10,yinzuan
5411,16287663,"DIVYAM GOYAL","2026-06-11 19:52:07",47.124,7,mrm901
5412,16579207,ivoidz,"2026-07-23 12:45:00",47.914,9,ivoidz
5413,15900377,"RISHI JOSHI","2026-05-17 03:53:57",48.141,5,tangorishiiiii
5414,15990278,"Shubhanker Thapa","2026-07-08 13:50:12",48.406,18,shubhanker1909
5415,16070368,"Pablo G Contreras","2026-06-11 03:21:51",49.352,2,pablety
5416,16287210,"Rishabh Verma","2026-07-13 20:50:15",49.737,7,rishabh0923
5417,16139945,"Peter Findley","2026-06-01 06:32:51",49.893,2,raist321
5418,16247789,hwiankim,"2026-07-28 07:06:00",50.052,1,"hwiankim,kst9442"
5419,15880087,"Benjamin Woodson","2026-05-07 05:48:22",50.130,1,benjaminwoodson
5420,16040115,"Sven Krummen","2026-07-05 15:39:36",50.165,5,svenkrummen
5421,15865747,MuskMoon1909,"2026-06-03 20:42:14",50.186,14,muskmoon1909
5422,16256117,sadbody123,"2026-06-11 08:35:27",50.390,9,sadbody123
5423,15874041,"Aman Jain","2026-05-13 05:21:27",51.380,3,amanjain1008
5424,15985614,"Syukur Daulay","2026-06-25 17:19:46",51.444,73,syukurdaulay
5425,16436377,tofu,"2026-07-01 14:29:38",51.552,6,"manishr0411,rushikareddykuthuru"
5426,16439134,"Gopi M","2026-06-27 05:52:50",51.771,3,gopimali
5427,16021947,"Prashanthkumar k","2026-07-25 14:01:01",51.891,6,prashanthpacchi
5428,15957275,Raiou_B,"2026-05-14 07:22:32",52.175,1,raioub
5429,15991471,hehe,"2026-06-01 11:30:10",52.484,3,tanishbooti
5430,16092925,Apollinariat,"2026-05-29 05:42:30",52.587,4,apollinariat
5431,16019524,"Hello Universe","2026-05-19 11:36:44",52.856,4,"anantrajjadhav,yashraut7"
5432,16493477,CJJJJJS,"2026-07-06 08:18:44",53.632,1,cjjjjjs
5433,15900212,"Aditya Srivastav","2026-06-17 20:50:59",53.791,5,zdityz
5434,15865814,"Grzegorz Sionkowski","2026-05-10 19:16:02",53.804,1,sionek
5435,16508919,"Qince Luan","2026-07-08 18:19:54",54.437,3,qinceluan
5436,16001968,"Parker Snow","2026-05-20 11:47:23",54.464,3,parkersnow
5437,16084744,"DHANUNJAYA RAO TANGIRALA","2026-05-27 08:36:34",54.692,7,dhanunjaya007
5438,16129037,Zenmaster,"2026-05-31 14:56:53",55.852,4,tanushrcsstudent
5439,15929277,edna891,"2026-05-18 08:43:03",56.071,2,edna891
5440,15874641,"Gideon Adom Boateng","2026-05-11 09:19:52",57.107,8,gideonadomboateng
5441,15936852,"Wutthikorn Thongdee","2026-05-15 08:02:53",57.747,5,wutthikornthongdee
5442,16590562,ga_rlo_choi,"2026-07-24 16:26:31",59.227,1,garlochoi
5443,16471167,"Lucy Sunset","2026-07-28 11:33:56",59.829,5,lucysunset
5444,16593938,"M Javad Zandiyeh","2026-07-24 15:42:10",59.937,1,mjavadzandiyeh
5445,16076928,"Beagle Singer","2026-06-14 16:53:37",60.321,3,zhenyustonesliu
5446,16114314,frokly,"2026-05-29 23:01:05",60.393,1,frokly
5447,15992281,"Da Guang.","2026-07-11 07:15:00",61.819,2,daguang6
5448,16599866,sota1111,"2026-07-28 11:39:42",62.332,10,sota1111
5449,15899507,baoly1309,"2026-05-12 16:09:51",62.332,2,baoly1309
5450,16494928,Ben,"2026-07-07 15:53:48",62.332,1,nekot0
5451,16154413,Kazuhiro_Yogo,"2026-07-02 03:50:05",62.529,25,kazuhiroyogo
5452,15922125,"Santiago D. J. V. G.","2026-06-14 19:48:16",63.193,3,seasthaalores
5453,16236526,ps.source,"2026-06-18 09:19:07",64.226,3,pssource
5454,16428156,"Mike Anderson","2026-06-27 19:24:34",64.706,12,manderson240
5455,16092496,csustlibo,"2026-05-30 03:27:07",65.678,2,csustlibo
5456,15872494,Murshedul,"2026-05-06 14:36:20",66.065,1,murshedul
5457,15980484,Anirudhgg,"2026-05-15 05:50:36",66.358,1,anirudhgg
5458,16246013,sato-shion,"2026-06-18 14:50:39",66.441,5,satoshion
5459,15889967,"TUHIN BIDYANTA","2026-05-08 22:37:28",66.815,3,"c0ugarclaw,srestharoy,tuhinbidyanta"
5460,15960857,RequieMa,"2026-05-20 03:01:52",67.727,7,u1604521
5461,16031741,"Ivan Vorontsov","2026-06-07 14:33:27",68.588,14,van4er
5462,16047240,"[Deleted] 9e6894b9-42c3-46d5-a385-3b9430bf60d9","2026-05-22 15:35:33",68.763,2,del=702d2c85b493e996
5463,16568417,"Rasindu Gamlath","2026-07-21 17:27:59",70.646,2,rasindugamlath
5464,16012884,aixuxian,"2026-06-05 07:24:25",71.331,5,aixuxian
5465,15910382,mimaken,"2026-07-26 13:46:24",71.738,2,kentorio
5466,15912897,"Veronika Sarikaya","2026-05-10 19:53:32",71.876,1,veronikasarikaya
5467,16586674,ashishrai,"2026-07-22 17:25:33",72.750,4,ashishraics
5468,16386933,"selani Nguyen","2026-06-18 10:39:00",72.928,1,selaninguyen
5469,15944889,Tron,"2026-07-28 09:47:29",73.977,13,cjj3779
5470,16375642,mrzahaki,"2026-06-17 23:29:37",74.474,5,mrzahaki
5471,15886963,ally,"2026-05-24 05:57:51",74.760,1,phamngoclinh
5472,16359319,"Md Tanvir Shahriar Emon","2026-07-02 14:28:20",75.082,6,mdtanvirshahriaremon
5473,15880319,れもねーど,"2026-06-07 13:34:18",75.154,2,lemoninthelemonade
5474,16468043,utsav-develops,"2026-07-20 15:11:10",76.656,1,utsavdevelops
5475,16393474,LonFLY,"2026-07-03 16:06:37",76.750,5,lonfly
5476,16427803,Elowry,"2026-06-29 21:01:52",76.933,10,elowry
5477,16073556,WrR0NmHH67,"2026-05-26 16:30:16",76.933,2,wrr0nmhh67
5478,15875946,ZeroEntropy,"2026-05-11 17:53:21",76.943,5,tronghuy315
5479,16530591,"Pal Labps","2026-07-12 02:38:52",77.000,7,pallabps
5480,16460165,"cheng jialuo","2026-07-02 02:24:50",77.057,3,chengjialuo
5481,16032539,"Hardik Chanana","2026-05-23 05:43:54",77.405,1,hardikchanana
5482,16200870,BATE,"2026-06-03 16:41:54",77.405,1,jihongzeng
5483,15877518,"Vitaly Grankin","2026-05-07 14:09:30",77.405,1,vitost
5484,16025093,"SARAVANAN S","2026-05-19 16:11:04",77.405,2,sarav18302
5485,16271544,"Imade Bouftini","2026-06-10 06:08:03",78.028,2,imadebouftini
5486,16311057,"Peter Tinashe Mundowa","2026-07-12 14:26:05",78.371,8,petermundowa
5487,15882317,ak,"2026-06-18 02:19:47",78.753,1,aktxer
5488,15881856,"Vishwa Kumaresh","2026-07-28 11:45:58",81.570,2,jackbright
5489,16310883,"Amit gurjar","2026-06-12 11:31:13",83.005,3,amitkumargurjar
5490,15882878,"RAKOTONIRINA Tendry Axel","2026-05-27 07:48:33",83.020,17,tendryrakoto
5491,16475846,"Usman Qudus","2026-07-03 03:45:31",84.281,1,usmanqudus
5492,16427234,"Ahsen Nazir","2026-07-25 08:45:04",84.658,10,ahsen1330
5493,16132739,"William Dalton","2026-06-01 07:18:19",84.778,2,huuh111
5494,15866821,what_ra_sudeep,"2026-06-06 09:35:11",85.187,6,azilsyedekcs24b008
5495,15886050,"Gabriel Uranta","2026-06-13 16:45:17",85.443,10,gabrieluranta
5496,15888030,APEXNg,"2026-05-13 12:19:38",85.693,4,khangcs
5497,16244233,"Elif Sinem Genc","2026-06-10 02:59:26",86.976,5,elifsinemgenc
5498,16603617,"mizu Cheng","2026-07-28 08:51:35",86.986,6,mizucheng
5499,16593257,"Antek Iwanowski","2026-07-24 10:52:46",87.818,1,antekiwanowski
5500,15866470,"Craig Demel","2026-05-13 00:10:44",90.224,12,craigdemel
5501,16471623," maoooooooo","2026-07-09 02:33:19",91.819,5,maoooooooo
5502,16260672,prknezek,"2026-06-09 02:44:25",92.062,1,prknezek
5503,15995009,"Kaja Vikas","2026-05-31 16:25:24",92.108,9,kajavikas
5504,16075295,"hai hoang minh","2026-05-26 14:28:52",93.325,2,haihoangminh
5505,16387224,"JIAN BAO HE","2026-07-05 17:02:43",93.932,5,jianbaohe
5506,15875517,Da-P,"2026-05-07 08:08:48",95.046,2,mazusakit
5507,16384931,谷内竹二郎,"2026-06-18 23:55:46",95.539,1,radwim
5508,16142009,"Ron Nyonje","2026-06-04 14:42:00",95.990,6,ronnyonje
5509,16546686,"Gagan Arora","2026-07-16 11:11:56",96.129,6,neonelectron845
5510,15938326,"Thêm Bao Nhiêu Lâu","2026-06-20 17:51:50",96.573,2,thuvuduy16
5511,15869682,"Jelvis Chirinos Jimenez","2026-06-10 23:46:54",96.923,4,jelchi
5512,16035804,camron,"2026-05-21 13:15:11",97.580,1,naklanjuliencamara
5513,16513245,"Maksymilian Dec","2026-07-14 08:47:41",97.871,1,maxdec
5514,15993614,"Sushil Krishnan","2026-05-17 06:28:50",98.608,3,"sujaradha,sushilkrishnanvlr"
5515,15869082,vbookshelf,"2026-05-06 06:17:08",99.077,5,vbookshelf
5516,16087675,Keyur_Solanki18,"2026-07-09 05:42:21",99.369,2,keyursolanki18
5517,16401350,Tingeko,"2026-07-26 04:26:28",100.835,40,tingeko
5518,16458138,XiaoYiM,"2026-07-01 08:33:31",101.240,4,xiaoyim
5519,15928422,Fl1nixxx,"2026-05-14 11:58:28",102.268,5,fl1nixxx
5520,16056418,dengyujun,"2026-06-19 08:54:52",102.559,1,dengyujun
5521,15885098,"Tahir Yamin","2026-05-09 14:47:09",102.613,11,mtahiryamin
5522,15912786,marioeid,"2026-06-28 12:27:46",102.796,2,marioeid
5523,16048753,"Bhuvana Vijaya Kuruva","2026-06-10 01:44:04",103.448,4,bhuvanavijaya
5524,15867893,"Mr Li","2026-06-11 11:27:32",104.224,1,mrli55
5525,15889790,"Mohammed Majeed","2026-05-07 20:48:29",104.436,1,mojjeed
5526,16060293,"Edward yao","2026-05-26 13:15:03",104.467,5,edwardyao12123
5527,16493832,"Pramoth Piumal","2026-07-21 07:58:56",104.675,6,pramothpiumal
5528,16599817,"Musa Khan","2026-07-26 07:52:13",105.652,1,lazer999
5529,16446835,"Anna Szabó","2026-07-05 15:32:50",106.246,3,szanna0126
5530,16022253,carsasas,"2026-07-03 17:58:09",106.652,83,carsasas
5531,16593349,xiaohuaifeng,"2026-07-26 15:31:55",106.756,3,xiaohuaifeng
5532,16087418,"johnson Chiang 26","2026-06-07 02:01:09",107.342,1,johnsonchiang26
5533,15995008,"Zachary Cosenza","2026-05-30 16:54:22",108.048,6,zacharycosenza
5534,16578212,"Kavindu Weerasingha","2026-07-26 10:35:36",109.077,3,kavinduweerasingha
5535,16253838,"Himanshu Kumar 2517","2026-06-07 21:13:39",109.384,3,himanshukumar2517
5536,16027086,SHOBOB,"2026-05-20 00:52:13",110.105,2,shohombandyopadhyay
5537,16056708,Strickland22,"2026-05-24 11:28:24",110.822,2,strickland22
5538,16513712,"Mironescu Claudiu-Florian","2026-07-11 11:28:10",111.119,1,clawoofs
5539,16419291,"Vinicius Lima","2026-06-24 12:31:42",111.145,5,viniciuslima
5540,16100044,"Rituja Das","2026-07-19 12:09:23",112.079,3,ritujadas
5541,16485739,"Tsyrenov Mergen","2026-07-06 07:19:26",112.294,5,tsyrenovmergen
5542,16252250,"Umaselvi Mariappan","2026-06-11 09:15:20",112.397,6,umaselvimariappan
5543,15866635,"Radha kadam","2026-05-11 03:34:49",113.226,3,radhakadam7
5544,16042146,superhiro,"2026-07-26 11:58:32",113.311,22,superhiro
5545,16542920,"Ch Abid","2026-07-18 05:41:21",114.449,4,chabid
5546,16505330,XY_wovo,"2026-07-08 05:38:58",114.611,2,xywovo
5547,16512974,jiweijing,"2026-07-24 07:27:30",114.858,18,jiweijing
5548,15919303,giraffeneck,"2026-05-28 08:22:03",115.060,5,yamajin
5549,16494769,GoDriller,"2026-07-06 17:18:00",115.090,4,elenalxy
5550,16448335,"Yushuo Sun","2026-06-30 02:35:42",115.260,1,yushuosun
5551,16311847,"Sai Varshith","2026-06-14 10:06:58",115.826,3,saivarshith25
5552,16575392,"Ahmed Karim","2026-07-20 14:46:30",116.036,3,versusic
5553,16285692,"Kader_ Bencherif","2026-06-20 16:41:42",116.036,3,kaderbencherif
5554,15868667,Gagandeep44489,"2026-05-06 04:08:34",116.088,4,gagandeep44489
5555,16537169,"Yasindu Pawan","2026-07-23 12:01:58",116.461,15,yasindupawan
5556,15872845,"Bhooshen Sakthivel","2026-05-07 19:56:17",117.402,1,bhooshensakthivel
5557,16431418,灰原裕太郎,"2026-07-10 10:31:19",117.426,14,haibarayutaro
5558,16472283,"K D A U Neranjala","2026-07-03 16:54:37",117.940,10,kdauneranjala
5559,16047752,"Chandu g","2026-05-23 02:10:46",118.040,4,chandug
5560,15931591,"Harsh Tyagi","2026-05-12 06:58:59",118.252,7,harsht2003
5561,16379249,JioLoGi,"2026-06-22 13:27:11",119.546,11,srivatsansed24b032
5562,15928451,"Adarsh K S","2026-05-11 15:01:42",121.670,2,adarshayush
5563,16485261,"wissem naoui","2026-07-04 12:26:26",122.179,3,wissemnaoui
5564,16447741,"Léo Larriven","2026-06-29 19:41:58",122.973,3,lolarriven
5565,16059810,"MICKY LUI","2026-05-24 10:54:17",123.722,1,mickylui
5566,15995496,"Vanya Golovanov","2026-05-17 15:57:50",123.903,4,xrtg074
5567,16023804,"Mahmoud Ashraf","2026-06-06 09:12:18",124.381,36,mahmoudashraf7400
5568,15869464,"Radhika Shrivastav","2026-05-06 05:08:43",124.500,3,radhikasaniya
5569,16212330,"Zobayer Abdullah","2026-06-05 13:28:02",124.513,6,zobayerabdullah
5570,16291783,"Artem Gusenkov","2026-06-20 14:06:32",125.057,3,ihuhuskyi
5571,16411047,"Abubakar Magomedov","2026-07-28 08:47:52",125.471,4,magomedovabubakarz
5572,16532581,kai,"2026-07-17 08:35:40",125.661,1,kai1010
5573,15883631,"Ákos Pintér","2026-05-09 17:50:40",125.946,4,kospintr
5574,16588196,appu2431,"2026-07-28 07:11:45",126.519,3,appu2431
5575,16118422,graminyu,"2026-05-31 03:14:11",126.872,1,graminyu
5576,16558923,mahiru3,"2026-07-17 11:07:16",127.161,1,mahiru3
5577,15903931,mochi,"2026-05-09 19:08:42",127.372,2,lau01b
5578,16398298,"Himanshu Dhiman","2026-06-20 05:49:15",127.474,1,hmnshudhmn24
5579,16389967,"Juan D Alfonso","2026-06-25 20:50:38",128.125,6,juandalfonso98
5580,16552817,ZHUmy031118,"2026-07-16 02:55:56",128.312,1,zhumy031118
5581,15939782,"Amiranda Fuller","2026-06-15 15:36:42",128.639,6,amirandafuller
5582,16226717,Gany,"2026-06-13 07:15:14",128.908,1,gany24558
5583,16481646,Linkrw12,"2026-07-17 02:36:16",129.285,7,linkrw12
5584,16586813,Recluse72,"2026-07-28 11:42:19",129.304,5,recluse72
5585,16283964,"Justine Noel","2026-06-13 08:24:58",129.758,4,justinenoel
5586,15875886,"kidus yohannes 993","2026-05-15 14:04:53",129.786,17,kidusyohannes993
5587,15998100,"Ανδρέας Καραγεώργος","2026-05-17 03:36:11",130.611,2,andreaskar86
5588,16097113,"p pxl16","2026-05-30 04:00:05",131.648,9,ppxl16
5589,16479292,"Vishnu Nath J.R","2026-07-04 04:12:04",132.787,1,vishnunathjr
5590,16592311,"shreyas sangalad","2026-07-27 23:37:46",133.333,9,spoortisangalad
5591,15910622,"Bala Ajizentu Garba","2026-06-27 13:26:00",133.841,2,"balaajizentu,francislewisobama"
5592,15919685,1.21gigawatts,"2026-06-06 11:50:32",133.915,5,user121gigawatts
5593,16290648,wusan142857,"2026-06-14 11:28:41",134.584,3,wusan142857
5594,15918571,"Yu Izumi","2026-05-19 01:32:57",135.755,1,chibazumi
5595,16432153,"The Flight Tech","2026-06-25 11:26:07",136.002,1,theflighttech
5596,15871366,"kartik pandey","2026-05-06 08:07:25",136.225,1,kartik3pandey
5597,16022059,suri@7,"2026-05-26 09:57:32",136.238,3,sureshsuri
5598,15872091,surendrapatidar36,"2026-05-06 09:59:33",136.497,1,surendrapatidar36
5599,16278800,Jackson515,"2026-06-12 19:33:26",136.648,1,jackson515
5600,15872701,"Fahd EL ANSARI","2026-07-11 11:24:23",137.396,4,fahdelansari
5601,16384133,Tombeest,"2026-06-23 08:20:45",138.125,9,tombeest
5602,16002412,Stand_users,"2026-05-20 14:09:07",138.537,1,"aryansisodiyainf09,frozen09"
5603,16447367,AdityaPatel112,"2026-06-28 15:53:54",138.643,1,adityapatel112
5604,16117502,TanmayChawla,"2026-06-01 13:01:46",138.785,3,tanmaychawla16
5605,16285005,"Zain Naqi","2026-06-24 11:31:07",138.785,3,zainjawadnaqi
5606,16462744,iring58,"2026-07-07 07:59:18",138.785,2,iring58
5607,16024473,"wei chen Tsai","2026-05-20 04:28:51",139.126,3,weichentsai
5608,15877763,"Vansh Tiwari","2026-06-06 15:16:48",140.982,10,vanshtiwari912
5609,16455612,俺是耕田的,"2026-07-04 03:13:19",142.127,3,jiahaotian678
5610,16506518,"Avinash maurya","2026-07-22 10:48:47",142.233,3,"avinash2009,maghackgaming"
5611,16422071,Manik,"2026-07-09 10:32:57",142.283,29,manikcjat
5612,16483308,"Gabriel Martinez Perez","2026-07-20 19:19:17",142.829,1,gabrielmartinezperez
5613,16491805,tomo_tech,"2026-07-06 12:01:15",143.099,1,tomosciencetokyo
5614,15890212,"Bruno G. do Amaral","2026-05-08 21:24:41",143.474,2,bguberfain
5615,15871529,"Biplob Raihan","2026-05-13 15:24:48",144.277,2,biplobraihan
5616,16232601,"Mohit Kewalramani","2026-06-10 16:10:00",145.051,2,mohitkewalramani
5617,16476090,"Ryota Tanaka","2026-07-17 08:01:03",145.389,8,toyodart
5618,16515315,"Aditya Patil","2026-07-16 08:06:53",145.808,1,adityap1001
5619,15869178,"Arvind Nandigam","2026-05-15 05:49:05",145.830,9,arvindnandigam
5620,16542885,MlMlDev34,"2026-07-14 14:25:38",146.074,2,mlmldev34
5621,15951933,"Baha Enes Ören","2026-05-14 05:41:52",146.855,1,bahaenesren
5622,16075517,"Ian Chang","2026-05-30 13:40:36",147.352,3,ianjc314
5623,16600582,rickochet,"2026-07-27 06:52:27",147.824,5,rickochet
5624,15868179,fuchi8695,"2026-06-22 23:51:40",148.470,9,fuchi8695
5625,16533786,"Egor Plotnikov","2026-07-12 10:29:50",149.675,1,egorplotnikov
5626,15903413,"Ayyoub BENMANSOUR","2026-05-09 23:41:53",151.407,3,ayyoubbenmansour
5627,16371389,"Tahsin Arafat","2026-06-17 00:05:04",152.989,6,tahsinarafat
5628,16579408,"岩田 颯太（g2430027）","2026-07-28 07:16:47",153.451,2,g2430027
5629,15872428,"Daniel Fowler","2026-06-20 08:50:32",155.916,4,vacantdaniel
5630,16470376,"jonathan breitgand","2026-07-10 13:43:32",157.746,2,jonathanbreitgand
5631,16085345,"Farly Setiawan","2026-05-26 22:02:45",158.740,4,farlysetiawan
5632,16347554,"Pedro Albuquerque","2026-06-16 01:00:50",159.691,2,pedrobsb
5633,15875823,Raphaël,"2026-05-27 13:53:46",161.310,4,rapfff
5634,15875099,"Arnav Bhagat","2026-07-27 11:31:27",161.735,18,arnavbhagat
5635,16557642,Txuandz,"2026-07-20 09:00:55",162.600,4,txuandz
5636,16337492,"Rahul Jain","2026-06-26 07:28:09",166.892,2,jrahul
5637,16597849,"Susmita Modak","2026-07-27 09:34:02",167.034,15,vutututu
5638,16049146,"mahwiz khalil","2026-05-31 19:11:01",167.422,1,mahwiz
5639,16275171,cmilyeheng,"2026-06-10 08:08:09",167.932,3,cmilyeheng
5640,16017811,Eduardo,"2026-07-17 06:41:57",168.035,12,quesofresco
5641,16253109,"Максим Павлов","2026-06-24 08:43:25",168.159,3,nanhappens
5642,16055499,coder738,"2026-05-24 08:21:44",169.964,3,coder738
5643,16539680,"Pavan Rangisetti","2026-07-14 15:08:47",170.121,2,pavanrangisetti
5644,16536790,"Gokul Dasari","2026-07-13 03:09:47",170.281,3,gokuldasari
5645,16449673,ARYAN_TIWARI0,"2026-07-24 05:58:12",171.317,3,aryantiwari0
5646,16465735,"Rania Ahsan","2026-07-22 12:34:06",171.341,3,raniaahsan46
5647,15870404,"Keith Zidan Dsouza","2026-05-08 07:40:42",173.484,5,keithzidandsouza
5648,16269637,thefuadeniola,"2026-06-16 14:53:48",173.558,1,thefuadeniola
5649,16115366,"Ayush Mukherjee","2026-07-10 13:33:56",173.633,61,mukherjeeayush
5650,15870733,"Anjaneyulu Chattaboina","2026-05-12 07:28:02",174.818,3,anjumay22
5651,16425901,QIGESHIJIE,"2026-06-25 05:22:18",176.908,5,qigeshijie
5652,16480171,"Hairong Shi","2026-07-04 04:58:37",177.788,2,hairongshi
5653,16385441,"AMIT KUMAR UPADHYAY","2026-06-20 21:59:19",178.993,4,amitkumarupadhyay012
5654,16497880,"Gustavo Vicente","2026-07-28 03:32:17",183.198,1,bustavo
5655,15920990,"Daniel Elya","2026-05-10 19:05:47",189.236,1,danielelya100
5656,16022174,"medkhalil hawachi","2026-07-19 16:11:08",189.551,1,medkhalilhawachi
5657,16388062,"ABHISHEK TRIPATHI007","2026-06-19 13:20:17",191.268,1,abhishektripathi007
5658,15961921,AlexFromIdaho,"2026-07-27 22:44:34",192.423,11,ahfretheim
5659,16505832,"Dinh Minh Hai","2026-07-24 08:14:45",194.197,1,ddinhminhhair
5660,15880690,21011928_python,"2026-05-15 01:31:11",199.763,4,wngur0313
5661,15902729,"Muhammad Haaris 27083","2026-05-16 20:42:12",203.539,5,muhammadhaaris27083
5662,15870867,stpete_ishii,"2026-05-10 12:53:14",203.876,20,stpeteishii
5663,16250922,"Mohammed Tarig","2026-06-29 14:57:45",212.368,7,mohammedtarigdev
5664,16329817,Brayner,"2026-06-15 20:47:22",213.350,3,brayner
5665,15990753,"Balbir Singh","2026-05-17 12:50:21",213.628,1,bsthakur8
5666,16443261,SuryatejaDevarako,"2026-06-27 18:47:31",214.557,1,suryatejadevarako
5667,15864055,Reigenleif,"2026-05-06 02:17:22",223.459,5,alifamirudinstei
5668,16186630,"Enrique Conde Pereira","2026-06-13 19:58:17",228.616,9,atresa
5669,16447040,"Hamka Suhaimi","2026-07-05 15:01:30",234.769,8,hamkasuhaimi
5670,16447202,"Yaseen Hossam2012","2026-07-22 17:20:38",235.978,7,yaseenhossam2012
5671,16189273,wavegeba,"2026-06-04 12:00:10",236.174,2,wavegeba
5672,16535949,"Yasiru Indunil","2026-07-14 07:22:02",240.678,5,yasiruindunil
5673,16434492,"Todor Angelov Yankov","2026-06-26 14:15:43",244.534,2,todorangelovyankov
5674,16206014,"Chihong Y","2026-06-06 19:53:30",259.323,1,chihongy
5675,15925386,shixingkong,"2026-05-26 10:17:56",259.631,1,shixingkong
5676,16093900,"pavithra sivanesan","2026-06-06 06:51:53",260.296,13,pavithra1412
5677,15875113,"Kalpesh Lokhande","2026-05-08 07:41:54",264.881,1,kalpeshlokhande12
5678,16421391,dnbhm,"2026-07-27 18:45:55",267.330,8,dnbhmh
5679,16530446,RajkumarRK28,"2026-07-26 16:31:05",276.353,7,rajkumarrk28
5680,15869216,"Mahendr Charel","2026-05-08 21:29:54",281.023,5,mahendrcharel
5681,16602468,Spéro,"2026-07-27 12:13:37",288.704,2,d0xt0r
5682,16373362,Lone1yPhoeniX,"2026-06-17 12:41:39",332.376,1,lone1yphoenix
5683,16274126,Richard(Ryu),"2026-06-09 17:59:09",338.723,1,tousinritsu
5684,15865488,GianfrancoSchilirò,"2026-07-01 18:37:50",348.263,1,giannisch
5685,16101419,"Achref Jarray","2026-05-30 21:31:05",354.802,6,achrefjarray
5686,16483266,YOSHUA777,"2026-07-21 04:55:44",359.765,4,yoshua777
5687,16553918,"Maguluri Naveen","2026-07-16 12:50:27",374.378,5,magulurinaveen
5688,15999568,"Siddhartha Boppana","2026-06-17 00:21:13",393.423,11,"del=74e5749ba32be074,siddharthaboppana"
5689,15865279,"Taylor Clark","2026-06-27 03:47:55",394.379,28,taylorclark637
5690,15917774,amolwani2,"2026-06-27 07:24:40",412.683,3,amolwani2
5691,16472665,Gh0st83,"2026-07-07 09:44:02",430.858,2,gh0st83
5692,15871494,Renuka,"2026-07-04 10:48:34",438.450,5,alphy1603
5693,15873964,"Rana Nisarg","2026-05-20 13:58:36",469.084,2,rananisarg
5694,16148627,harsh,"2026-06-09 15:23:27",477.049,11,hrdv10
5695,16403540,harshit07012,"2026-07-12 14:36:44",503.159,1,harshit07012
5696,16051961,"Seyed Mohammad Hosseini","2026-05-22 20:10:38",524.784,1,smhoss313
5697,16002017,ash672,"2026-05-17 11:39:50",569.144,1,ash672
5698,15876325,Phoenix,"2026-07-24 20:47:14",571.634,3,seanht1
5699,16598498,"Deamx Boss","2026-07-27 13:01:38",572.356,8,deamxboss
5700,16420289,RetroDaigo,"2026-07-21 07:32:48",579.374,2,retrodaigo
5701,16572209,"HANAEL OROZCO SOLIS","2026-07-20 03:31:23",615.900,5,hanaelorozcosolis
5702,15995531,"Fares Rafat","2026-05-29 21:48:16",633.944,4,faresrafat
5703,16115685,payango,"2026-06-14 07:08:40",665.549,1,payango
5704,16030871,gnorrbitberrenbur,"2026-06-23 09:31:28",665.676,2,gnorrbitberrenbur
5705,16079812,Arbidos,"2026-06-27 00:18:04",666.061,5,arabidopsisthalian
5706,16214982,"Mark C. Elliott","2026-06-27 00:24:05",666.061,4,markcelliott
5707,16471867,Ilya,"2026-07-02 05:33:58",666.061,4,kitaru
5708,16447173,"Pavani Rathnatunga","2026-06-29 15:10:09",666.061,1,pavanirathnatunga
5709,15875242,"PL Global","2026-07-15 15:02:20",666.061,3,"plglobal,purna25"
5710,15873242,"Tree Bird Tree Bird","2026-05-17 16:52:38",666.061,17,treebirdtreebird
5711,16137138,"PHIL CHEN 0806","2026-06-14 12:16:08",666.062,3,philchen0806
5712,16071547,"Felix Köster","2026-05-25 10:52:00",666.231,5,felixkster
5713,16602567,"Ranvijay Paul","2026-07-26 18:23:43",666.231,3,ranvijaypaul
5714,15996672,DmitriyNikitenkov,"2026-05-30 08:57:33",666.310,8,dmitriynikitenkov
5715,15865207,"Haocheng Lin","2026-05-14 17:57:05",666.670,1,haochenglin
5716,16073329,"Bala Kumar","2026-05-25 16:51:59",666.865,5,balakumaribt
5717,15884596,"Alif Alifr4","2026-06-09 08:09:39",667.130,8,alifalifr4
5718,15908881,"q zh","2026-06-22 03:40:28",667.391,9,hrbzhq
5719,16488157,Auk10,"2026-07-19 15:57:17",675.339,9,auk1098
5720,16308214,linxiao407,"2026-06-12 16:46:40",676.944,5,linxiao407
5721,15866477,"Enrique Meza","2026-05-06 19:10:05",679.928,7,emezac
5722,15947282,8000$,"2026-05-26 15:50:07",682.262,10,"cuniverse31,leejinwoo1,leeyunjin113"
5723,16256174,"yixin Liu1009","2026-06-07 07:20:56",682.661,1,yixinliu1009
5724,16039925,Jacobstraub223456u7,"2026-07-16 20:13:43",683.293,9,jacobstraub223456u7
5725,16127736,"Rudra Bedekar","2026-05-31 17:41:36",685.739,2,rudrabedekar
5726,15875838,marianna_ch,"2026-05-06 15:19:05",688.889,2,mariannach
5727,15865597,JeffFosterUK,"2026-05-06 17:21:38",688.889,2,jefffosteruk
5728,15910365,"SIDDHARTH KUMAR","2026-05-10 08:46:30",688.889,6,siddharth16592
5729,15877526,"Sahil Deogade","2026-05-17 07:13:39",688.889,1,sdeogade
5730,16029175,"BNBU GROUP","2026-05-21 07:42:02",688.889,3,"fancysix,hongdouyys,marinesci,v530203014"
5731,16261116,"SUDIPTA MONDAL SHUVO","2026-06-08 12:53:19",688.889,3,sudipatamondal
5732,16294940,"daniela iannotti","2026-06-10 23:23:31",697.581,1,danielaiannotti
5733,15867579,"Mirza Milan Farabi","2026-05-08 02:14:02",699.978,10,mirzamilanfarabi
5734,16096509,"VIJAY SUNDAR","2026-05-30 04:06:47",721.827,1,vjsundar
5735,16397431,ZhaoYuchen0425,"2026-06-26 13:41:16",724.309,4,zhaoyuchen0425
5736,15885231,Saurav,"2026-07-02 12:41:56",725.490,6,sauravchat
5737,16583701,Cool_Mulu,"2026-07-28 09:17:16",731.194,4,coolmulu
5738,15918290,"Prakhar Pande","2026-05-10 14:17:05",733.407,2,prakharpande
5739,16053334,LuckyC,"2026-06-02 01:02:11",757.252,7,wellheykaggle
5740,16267294,帕罗西汀,"2026-06-09 14:54:18",772.746,1,chenzheshuo
5741,16484320,"Arturo Salvador Balderas h","2026-07-19 23:10:04",774.677,6,dcpracmatic
5742,16578064,"EMILIANO VAR","2026-07-21 06:24:18",794.925,4,emilianovar
5743,15944723,"Leonardo Barroso","2026-06-04 11:15:24",813.073,21,leonardobarroso
5744,15867174,"Mariem GLIOUEZ","2026-06-09 13:27:23",829.479,4,mariemgliouez
5745,15898681,"Yash Kumar Saini","2026-05-13 07:55:22",829.586,6,yashkumarsainiiiitde
5746,15906419,"Mohammad Atif Ahmad faiyaz","2026-06-12 12:04:59",831.633,15,mohammadatifahmed
5747,16545453,ml_clsumit,"2026-07-15 13:48:07",838.571,2,mlclsumit
5748,16063724,tommol,"2026-05-25 08:18:39",841.194,3,tommol
5749,16088611,"Dinesh Reddy 08","2026-05-29 05:29:33",843.761,3,dineshreddy08
5750,16484579,"ANGEL GABRIEL CALDERON HERNANDEZ","2026-07-19 01:46:16",852.431,3,elgabo0
5751,16076434,SARVAGRA,"2026-05-30 09:56:41",854.581,2,sarvagra
5752,16428833,varvarkinss,"2026-06-26 09:47:13",856.556,2,varvarkinss
5753,16444514,Velo,"2026-06-28 20:55:58",860.251,2,veloryx
5754,15877085,Quang0150,"2026-06-18 16:21:06",860.359,10,quang0150
5755,15914729,HyperPlanz,"2026-06-15 12:02:20",881.106,11,domiandr000
5756,15991267,Karthikeyaa_6274,"2026-06-03 06:24:28",900.068,4,karthikeyaa6274
5757,16064629,"Drive Kitsanatron","2026-05-24 20:15:59",901.846,3,dominicfansisici
5758,16305747,umomuoi,"2026-06-15 21:30:53",911.788,3,artemstalnoy
5759,15868558,"Rifqy Alwi","2026-06-12 17:48:01",934.060,5,"rifqyalwi,winaamrina"
5760,16444863,"Paul Emakpor","2026-07-03 04:01:18",946.312,1,paulemakpor
5761,16079159,"Chaitanya Jamble","2026-05-26 08:54:23",946.454,3,chaitanyajamble
5762,15999668,"khawer khan2","2026-05-19 07:18:29",979.634,6,khawerkhan2
5763,15989925,"Eric Lucas","2026-05-19 07:12:49",1039.783,3,erictlucas
5764,16377341,Leneen,"2026-07-07 12:08:01",1073.649,1,leneen
5765,16045049,"Shardul Pingale","2026-06-04 20:09:15",1142.382,15,shardulpingale
5766,16377344,"Muhammad Aldo Fahrezy","2026-06-17 07:50:31",1164.406,2,aldofhrzy
5767,16585723,Wandroid,"2026-07-23 11:25:50",1241.109,4,wandroid
5768,16019102,"camelia aylan","2026-05-19 13:58:25",1249.892,3,cameliaaylan
5769,16598967,"Eric Dailey","2026-07-25 19:11:27",1262.918,2,ericdailey
5770,15946063,"God of visual","2026-05-15 11:36:37",1293.667,5,"fuchenlangc,mingshengkun,unbengabl3"
5771,15910772,"Anubhav Tyagi1212","2026-05-11 04:17:03",1332.268,8,anubhavtyagi1212
5772,15894254,zxyaids,"2026-05-09 06:14:21",1348.793,1,zxyswds
5773,16044757,"Matthew Cullen","2026-05-22 19:16:24",1348.793,3,mattcullen6154
5774,16434347,meatori-nu,"2026-06-26 13:02:51",1376.807,1,meatorinu
5775,15866722,"Mehmood Bhutta","2026-05-29 19:17:47",1383.751,2,mehmoodbhutta
5776,16183656,wwwwii,"2026-06-03 12:58:56",1383.998,1,wwwwii00
5777,16589419,"Desyat IO","2026-07-24 11:01:27",1388.895,6,desyatio
5778,15903481,"kudom Kouhh","2026-05-15 23:57:44",1547.196,7,kudomkouhh
5779,15868131,statstriker,"2026-05-18 09:04:04",1612.110,3,statstriker
5780,16321122,"Sabrina Sartoretto","2026-06-13 04:12:50",1620.381,2,sabrinasartoretto
5781,16599602,"Abdelaziz Omarrr","2026-07-26 11:10:14",1706.643,3,abdelazizomarrr
5782,16368007,"Naman Durve","2026-07-24 21:31:53",1722.579,2,namancdurve
5783,16353389,"Bulat Sirgazhin","2026-06-15 09:24:14",1759.039,1,bulatsirgazhin
5784,15910881,Tmasa09,"2026-05-09 15:59:56",1792.775,1,tmasa09
5785,15864859,"Heba Ismael Hassan ","2026-05-11 13:54:22",1891.856,3,hebaismaelhassan
5786,16421167,petlabo,"2026-06-23 16:54:43",1947.022,2,petlabo
5787,16574507,"Sudharshan Sambathkumar","2026-07-28 10:10:37",1987.188,1,sudharshansam
5788,16246177,LBTLBT,"2026-06-18 14:51:15",2045.409,7,lbtlbt
5789,16117916,"Simon Kuang","2026-05-30 18:52:07",2180.289,1,skuang64
5790,16435397,"Adjie Prasetya","2026-06-25 22:43:22",2709.728,1,adjieprasetya
5791,16089147,nrschlies,"2026-05-28 21:34:08",3097.721,3,nrschlies
5792,16559950,"Hole Neckles","2026-07-28 08:03:50",5005.932,1,holeneckles
5793,16224070,"Abhishek Patil","2026-07-15 13:20:27",7534.191,3,trions
5794,16603263,"Riemann Zeta625","2026-07-28 04:53:05",8637.053,1,riemannzeta625
5795,15972422,"RISU RAJ","2026-05-15 08:01:49",8993.049,1,rishi412
5796,16253386,"PANDIRI ARYAN REDDY","2026-06-06 17:57:28",10433.670,1,pandiriaryanreddy
5797,16004703,20211117,"2026-05-22 13:56:01",11030.222,1,heebahsaleem
5798,16217214,"Tarun Rai","2026-06-09 14:34:37",11546.885,2,tarunraii
5799,15919054,"Enter your display name","2026-05-11 13:38:45",11548.960,2,a3616815138
5800,16015868,"Ayesha Siddiqua","2026-07-22 17:43:08",11548.960,16,coddy1803
5801,16391576,"Meriam Zouaoui","2026-06-19 13:05:58",11550.957,4,meriamzouaoui
5802,15865410,"Mohamed Bentalb","2026-05-13 16:49:27",11551.955,5,mohamedbentalb
5803,15992071,"Sean Lode","2026-05-17 05:38:23",11551.955,5,seanlode
5804,15895352,"Wagner Toscano","2026-06-05 12:49:27",11551.955,5,wagnertoscano
5805,16056526,JirapatJoon,"2026-05-23 14:03:56",11551.955,2,jirapatjoon
5806,16133788,"lulu done","2026-05-31 15:25:36",11551.955,1,luludone
5807,16195290,"Raunak Kumar","2026-06-04 12:38:00",11551.955,5,raunakkr1996
5808,16235532,"Aswin Paul","2026-06-05 03:32:08",11551.955,1,aswinpaule
5809,16294995,"Joseph Djian","2026-06-17 07:14:16",11551.955,4,djian55
5810,16418878,"Sebastien Andersson","2026-06-23 06:33:26",11551.955,1,sebastienandersson
5811,16429222,betagammashtrit,"2026-06-25 19:45:58",11551.955,1,betagammashtrit
5812,16448110,"Bhayabhai Kodiyatar ","2026-06-28 20:29:12",11551.955,2,bhayabhaikodiyatar
5813,15926988,Noob786,"2026-06-29 07:43:25",11551.955,3,noob786
5814,16493705,"Tarshika Wickramanayaka","2026-07-10 14:56:55",11551.955,8,tarshika
5815,16477821,"Ayub Makhamaev","2026-07-09 05:35:56",11551.955,3,ayub001
5816,16555111,"Md Naim","2026-07-17 11:35:58",11551.955,1,mdnaimislam165436
5817,16395947,"Angel R, Gadea L.","2026-07-26 18:04:19",11551.955,9,angelrgadeal
5818,16514058,"Sridhar C","2026-07-26 20:08:06",11551.955,1,sridharchinnasamy
5819,16364175,Lohan,"2026-07-27 03:24:44",11551.955,1,amitmlohan
5820,16059001,"Redouane Benadla","2026-05-29 22:24:11",14763.595,5,redouanebenadla
5821,16517922,"Евстигнева Цар","2026-07-13 18:08:48",21013.052,8,evstigneva
5822,16269870,"İlayda Dinçkülah","2026-06-08 21:51:45",1068014.436,1,laydadinklah
